-- MySQL dump 10.13  Distrib 5.6.28, for Win64 (x86_64)
--
-- Host: localhost    Database: rjwl
-- ------------------------------------------------------
-- Server version	5.6.28-log

/*!40101 SET @OLD_CHARACTER_SET_CLIENT=@@CHARACTER_SET_CLIENT */;
/*!40101 SET @OLD_CHARACTER_SET_RESULTS=@@CHARACTER_SET_RESULTS */;
/*!40101 SET @OLD_COLLATION_CONNECTION=@@COLLATION_CONNECTION */;
/*!40101 SET NAMES utf8 */;
/*!40103 SET @OLD_TIME_ZONE=@@TIME_ZONE */;
/*!40103 SET TIME_ZONE='+00:00' */;
/*!40014 SET @OLD_UNIQUE_CHECKS=@@UNIQUE_CHECKS, UNIQUE_CHECKS=0 */;
/*!40014 SET @OLD_FOREIGN_KEY_CHECKS=@@FOREIGN_KEY_CHECKS, FOREIGN_KEY_CHECKS=0 */;
/*!40101 SET @OLD_SQL_MODE=@@SQL_MODE, SQL_MODE='NO_AUTO_VALUE_ON_ZERO' */;
/*!40111 SET @OLD_SQL_NOTES=@@SQL_NOTES, SQL_NOTES=0 */;

--
-- Table structure for table `t_assessment`
--

DROP TABLE IF EXISTS `t_assessment`;
/*!40101 SET @saved_cs_client     = @@character_set_client */;
/*!40101 SET character_set_client = utf8 */;
CREATE TABLE `t_assessment` (
  `id` int(11) NOT NULL AUTO_INCREMENT,
  `allowance` int(11) DEFAULT NULL,
  `baseRank` varchar(255) COLLATE utf8_unicode_ci DEFAULT NULL,
  `commit` int(11) DEFAULT NULL,
  `e_allowance` int(11) DEFAULT NULL,
  `month` int(11) DEFAULT NULL,
  `paper` int(11) DEFAULT NULL,
  `paperRank` varchar(255) COLLATE utf8_unicode_ci DEFAULT NULL,
  `project` int(11) DEFAULT NULL,
  `projectRank` varchar(255) COLLATE utf8_unicode_ci DEFAULT NULL,
  `service` int(11) DEFAULT NULL,
  `student_userId` int(11) DEFAULT NULL,
  `time` varchar(255) COLLATE utf8_unicode_ci DEFAULT NULL,
  `year` int(11) DEFAULT NULL,
  PRIMARY KEY (`id`),
  KEY `FK_7hpjfxc4jtgg2ajgimoe3h5ft` (`student_userId`),
  CONSTRAINT `FK_7hpjfxc4jtgg2ajgimoe3h5ft` FOREIGN KEY (`student_userId`) REFERENCES `t_user` (`userId`)
) ENGINE=InnoDB AUTO_INCREMENT=763 DEFAULT CHARSET=utf8 COLLATE=utf8_unicode_ci;
/*!40101 SET character_set_client = @saved_cs_client */;

--
-- Dumping data for table `t_assessment`
--

LOCK TABLES `t_assessment` WRITE;
/*!40000 ALTER TABLE `t_assessment` DISABLE KEYS */;
INSERT INTO `t_assessment` VALUES (13,200,NULL,1,700,3,0,NULL,400,NULL,100,13,'2016-04-05',2016),(14,200,NULL,1,226,3,7,NULL,9,NULL,10,4,'2016-04-05',2016),(15,270,NULL,1,295,3,9,NULL,7,NULL,9,15,'2016-04-05',2016),(16,200,NULL,1,400,3,100,NULL,0,NULL,100,18,'2016-04-05',2016),(17,300,NULL,1,500,3,100,NULL,0,NULL,100,19,'2016-04-05',2016),(18,270,NULL,1,670,3,300,NULL,0,NULL,100,12,'2016-04-05',2016),(19,240,NULL,1,540,3,200,NULL,0,NULL,100,20,'2016-04-05',2016),(20,240,NULL,1,440,3,0,NULL,200,NULL,0,21,'2016-04-05',2016),(21,240,NULL,1,440,3,200,NULL,0,NULL,0,9,'2016-04-05',2016),(22,180,NULL,1,380,3,100,NULL,0,NULL,100,11,'2016-04-05',2016),(23,200,NULL,1,700,3,0,NULL,300,NULL,200,6,'2016-04-05',2016),(24,180,NULL,1,530,3,0,NULL,200,NULL,150,8,'2016-04-05',2016),(25,180,NULL,1,280,3,100,NULL,0,NULL,0,14,'2016-04-05',2016),(26,200,NULL,1,700,3,0,NULL,500,NULL,0,10,'2016-04-05',2016),(27,200,'A',1,650,4,0,'',300,'C',150,6,'2016-05-05',2016),(28,160,'B',1,460,4,100,'E',0,'',200,18,'2016-05-05',2016),(29,160,'B',1,560,4,100,'E',0,' ',300,8,'2016-05-05',2016),(30,200,'A',1,700,4,0,'',500,'A',0,10,'2016-05-05',2016),(31,200,'A',1,700,4,0,'',500,'A',0,13,'2016-05-05',2016),(32,200,'A',1,1000,4,0,' ',400,'B',400,4,'2016-05-05',2016),(33,180,'C',1,380,4,0,'',200,'D',0,21,'2016-05-05',2016),(34,240,'B',0,440,4,200,'D',0,'',0,20,'2016-05-05',2016),(35,300,'A',1,450,4,100,'E',0,'',50,15,'2016-05-05',2016),(36,240,'B',1,840,4,500,'A',0,'',100,12,'2016-05-05',2016),(37,200,'A',0,400,5,100,'E',0,' ',100,14,'2016-05-30',2016),(38,200,'A',0,500,5,100,'E',0,' ',200,11,'2016-05-30',2016),(39,200,'A',1,500,4,100,'E',0,'',200,11,'2016-05-05',2016),(40,300,'A',1,600,4,100,'E',0,'',200,19,'2016-05-04',2016),(41,200,'A',1,300,4,100,'E',0,'',0,14,'2016-05-05',2016),(42,160,'B',1,360,4,100,'E',0,'',100,14,'2016-05-05',2016),(43,300,'A',1,400,4,100,'E',0,'',0,9,'2016-05-05',2016),(44,200,'A',0,750,5,0,'',400,'B',150,6,'2016-05-30',2016),(45,200,'A',0,600,5,100,'E',0,'',300,18,'2016-05-30',2016),(46,160,'B',0,560,5,100,'E',0,'',300,8,'2016-05-30',2016),(47,200,'A',0,800,5,100,'E',500,'A',0,10,'2016-05-30',2016),(48,200,'A',0,800,5,100,'E',500,'A',0,13,'2016-05-30',2016),(49,200,'A',0,1100,5,100,'E',400,'B',400,4,'2016-05-30',2016),(50,300,'A',0,550,5,200,'D',0,'',50,9,'2016-05-31',2016),(51,300,'A',0,600,5,200,'D',100,'E',0,15,'2016-05-31',2016),(52,240,'B',0,490,5,0,' ',200,'D',50,21,'2016-05-30',2016),(53,0,' ',0,400,5,400,'B',0,'',0,20,'2016-05-30',2016),(54,300,'A',0,1100,5,500,'A',100,'E',200,12,'2016-05-31',2016),(55,300,'A',0,600,5,100,'E',0,'',200,19,'2016-05-30',2016),(56,300,'A',1,850,6,500,'A',0,'',50,15,'2016-07-05',2016),(57,300,'A',1,600,6,100,'E',0,'',200,19,'2016-07-05',2016),(58,200,'A',1,500,6,100,'E',0,'',200,11,'2016-07-05',2016),(59,200,'A',1,850,6,0,'',500,'A',150,6,'2016-07-05',2016),(60,120,'C',1,520,6,100,'E',0,'',300,18,'2016-07-05',2016),(61,120,'C',1,420,6,100,'E',0,'',200,8,'2016-07-05',2016),(62,200,'A',1,1000,6,100,'E',500,'A',200,10,'2016-07-05',2016),(63,200,'A',1,600,6,100,'E',200,'D',100,13,'2016-07-05',2016),(64,160,'B',1,860,6,100,'E',200,'D',400,4,'2016-07-05',2016),(65,300,'A',1,800,6,500,'A',0,'',0,9,'2016-07-05',2016),(66,180,'C',1,480,6,0,'',300,'C',0,21,'2016-07-05',2016),(67,180,'C',1,280,6,100,'E',0,'',0,20,'2016-07-05',2016),(68,300,'A',1,800,6,100,'E',0,'',400,12,'2016-07-05',2016),(69,200,'A',1,400,6,100,'E',0,'',100,14,'2016-07-05',2016),(70,200,'A',1,950,7,0,'',500,'A',250,6,'2016-09-08',2016),(71,300,'A',1,1100,7,100,'E',500,'A',200,10,'2016-09-26',2016),(72,160,'B',1,460,7,100,'E',200,'D',0,13,'2016-08-11',2016),(73,200,'A',1,800,7,100,'E',100,'E',400,4,'2016-08-11',2016),(74,180,'C',1,380,7,200,'D',0,' ',0,9,'2016-08-11',2016),(75,120,'C',1,520,7,100,'E',0,' ',300,18,'2016-08-11',2016),(76,120,'C',1,270,7,100,'E',0,'',50,8,'2016-08-11',2016),(77,0,' ',0,0,8,0,' ',0,' ',0,13,'2016-09-08',2016),(78,0,' ',1,200,7,0,'',200,'D',0,21,'2016-08-11',2016),(79,0,'',1,100,7,100,'E',0,'',0,20,'2016-08-11',2016),(80,300,'A',1,900,7,300,'C',0,' ',300,12,'2016-08-11',2016),(81,200,'A',1,750,7,500,'A',0,'',50,15,'2016-09-08',2016),(82,240,'B',1,340,7,100,'E',0,'',0,19,'2016-08-11',2016),(83,200,'A',1,300,7,100,'E',0,'',0,14,'2016-09-08',2016),(84,200,'A',1,300,7,100,'E',0,'',0,11,'2016-09-08',2016),(85,200,'A',1,850,8,0,'',500,'A',150,6,'2016-09-08',2016),(86,0,'',0,100,8,0,'',0,'',100,18,'2016-09-08',2016),(87,200,'A',1,700,8,0,'',500,'A',0,10,'2016-09-08',2016),(88,200,'A',1,300,9,0,'',100,'E',0,40,'2016-10-18',2016),(89,200,'A',1,300,9,100,'E',0,'',0,44,'2016-10-18',2016),(90,200,'A',1,300,9,0,'',100,'E',0,41,'2016-10-18',2016),(91,200,'A',1,300,9,0,'',100,'E',0,48,'2016-10-18',2016),(92,200,'A',1,400,9,0,'',200,'D',0,47,'2016-10-18',2016),(93,200,'A',1,500,9,0,'',300,'C',0,46,'2016-10-18',2016),(94,200,'A',1,350,9,100,'E',0,'',50,43,'2016-10-18',2016),(95,200,'A',1,300,9,0,'',100,'E',0,45,'2016-10-18',2016),(96,300,'A',1,900,9,0,'',400,'B',200,6,'2016-10-18',2016),(97,240,'B',1,640,9,100,'E',0,'',300,18,'2016-10-18',2016),(98,240,'B',1,340,9,100,'E',0,'',0,8,'2016-10-18',2016),(99,300,'A',0,500,9,100,'E',0,'',100,14,'2016-10-18',2016),(100,300,'A',0,700,9,100,'E',100,'E',200,10,'2016-10-18',2016),(101,300,'A',1,600,9,100,'E',200,'D',0,13,'2016-10-18',2016),(102,300,'A',1,1000,9,100,'E',100,'E',500,4,'2016-10-18',2016),(103,300,'A',0,600,9,100,'E',0,'',200,11,'2016-10-18',2016),(104,200,'A',0,300,9,100,'E',0,'',0,9,'2016-10-18',2016),(105,200,'A',0,300,9,100,'E',0,'',0,15,'2016-10-18',2016),(106,160,'B',0,260,9,100,'E',0,'',0,21,'2016-10-18',2016),(107,200,'A',0,1200,9,500,'A',0,'',500,12,'2016-10-18',2016),(108,160,'B',0,260,9,100,'E',0,'',0,20,'2016-10-18',2016),(109,200,'A',0,400,9,200,'D',0,'',0,19,'2016-10-18',2016),(110,160,'B',1,360,10,0,'',200,'D',0,40,'2016-12-03',2016),(111,200,'A',1,300,10,100,'E',0,'',0,44,'2016-12-03',2016),(112,160,'B',1,260,10,0,'',100,'E',0,41,'2016-12-03',2016),(113,200,'A',1,500,10,0,'',300,'C',0,48,'2016-12-03',2016),(114,200,'A',1,550,10,0,'',300,'C',50,47,'2016-12-03',2016),(115,200,'A',1,500,10,0,'',300,'C',0,46,'2016-12-03',2016),(116,160,'B',1,310,10,100,'E',0,'',50,43,'2016-12-03',2016),(117,160,'B',1,260,10,100,'E',0,'',0,49,'2016-12-03',2016),(118,160,'B',1,360,10,0,'',100,'E',100,45,'2016-12-03',2016),(119,300,'A',1,950,10,100,'E',400,'B',150,6,'2016-12-03',2016),(120,240,'B',1,640,10,100,'E',0,'',300,18,'2016-12-03',2016),(121,300,'A',1,400,10,100,'E',0,'',0,8,'2016-12-03',2016),(122,300,'A',1,500,10,100,'E',0,'',100,14,'2016-12-03',2016),(123,300,'A',0,600,10,100,'E',200,'D',0,10,'2016-11-04',2016),(124,300,'A',1,500,10,100,'E',100,'E',0,13,'2016-12-03',2016),(125,300,'A',1,1200,10,100,'E',400,'B',400,4,'2016-12-03',2016),(126,300,'A',1,500,10,100,'E',0,'',100,11,'2016-12-03',2016),(127,0,' ',1,300,10,300,'C',0,'',0,9,'2016-12-03',2016),(128,0,' ',1,300,10,300,'C',0,'',0,15,'2016-12-03',2016),(129,0,'',1,300,10,300,'C',0,'',0,21,'2016-12-03',2016),(130,0,'',1,300,10,300,'C',0,'',0,20,'2016-12-03',2016),(131,0,'',1,300,10,300,'C',0,'',0,19,'2016-12-03',2016),(132,0,'',1,400,10,300,'C',0,'',100,12,'2016-12-03',2016),(133,160,'B',1,360,11,0,'',200,'D',0,40,'2016-12-03',2016),(134,160,'B',1,410,11,0,'',200,'D',50,41,'2016-12-03',2016),(135,160,'B',1,410,11,0,'',200,'D',50,48,'2016-12-03',2016),(136,200,'A',1,550,11,0,'',300,'C',50,47,'2016-12-03',2016),(137,160,'B',1,460,11,0,'',300,'C',0,46,'2016-12-03',2016),(138,200,'A',1,350,11,100,'E',0,'',50,43,'2016-12-03',2016),(139,200,'A',1,300,11,100,'E',0,'',0,49,'2016-12-03',2016),(140,200,'A',1,600,11,0,'',300,'C',100,45,'2016-12-03',2016),(141,300,'A',1,1300,11,200,'D',500,'A',300,6,'2016-12-03',2016),(142,240,'B',1,640,11,100,'E',0,'',300,18,'2016-12-03',2016),(143,300,'A',1,500,11,100,'E',0,'',100,8,'2016-12-03',2016),(144,300,'A',1,500,11,100,'E',0,'',100,14,'2016-12-03',2016),(145,300,'A',1,600,11,100,'E',200,'D',0,10,'2016-12-03',2016),(146,300,'A',1,500,11,100,'E',100,'E',0,13,'2016-12-03',2016),(147,300,'A',1,1200,11,200,'D',300,'C',400,4,'2016-12-03',2016),(148,300,'A',1,500,11,100,'E',0,'',100,11,'2016-12-03',2016),(149,0,'',1,300,11,300,'C',0,'',0,9,'2016-12-03',2016),(150,0,'',1,300,11,300,'C',0,'',0,15,'2016-12-03',2016),(151,0,'',1,300,11,300,'C',0,'',0,21,'2016-12-03',2016),(152,0,'',1,300,11,300,'C',0,'',0,20,'2016-12-03',2016),(153,0,'',1,500,11,400,'B',0,'',100,12,'2016-12-03',2016),(154,0,'',1,400,11,400,'B',0,'',0,19,'2016-12-03',2016),(155,200,'A',1,300,11,100,'E',0,'',0,44,'2016-12-03',2016),(156,120,'C',1,470,12,200,'D',100,'E',50,40,'2017-01-09',2016),(157,120,'C',1,320,12,100,'E',100,'E',0,44,'2017-01-09',2016),(158,120,'C',1,370,12,100,'E',100,'E',50,41,'2017-01-09',2016),(159,160,'B',1,510,12,0,'',300,'C',50,48,'2017-01-09',2016),(160,120,'C',1,320,12,0,'',200,'D',0,47,'2017-01-09',2016),(161,160,'B',1,560,12,0,'',300,'C',100,46,'2017-01-09',2016),(162,120,'C',1,420,12,100,'E',0,'',200,43,'2017-01-09',2016),(163,200,'A',1,300,12,100,'E',0,'',0,49,'2017-01-10',2016),(164,200,'A',1,700,12,0,'',300,'C',200,45,'2017-01-10',2016),(165,300,'A',0,1100,12,100,'E',400,'B',300,6,'2017-01-10',2016),(166,180,'C',1,580,12,200,'D',0,'',200,18,'2017-01-10',2016),(167,300,'A',1,700,12,300,'C',0,'',100,8,'2017-01-10',2016),(168,240,'B',1,540,12,100,'E',0,'',200,14,'2017-01-10',2016),(169,300,'A',0,500,12,200,'D',0,'',0,10,'2017-01-10',2016),(170,300,'A',1,500,12,200,'D',0,'',0,13,'2017-01-10',2016),(171,300,'A',1,600,12,200,'D',0,'',100,11,'2017-01-10',2016),(172,300,'A',1,1500,12,200,'D',0,'',1000,4,'2017-01-10',2016),(173,0,'',1,200,12,0,'',0,'',200,9,'2017-01-10',2016),(174,0,'',1,200,12,0,'',0,'',200,15,'2017-01-10',2016),(175,0,'',1,200,12,0,'',0,'',200,21,'2017-01-10',2016),(176,0,'',1,200,12,0,'',0,'',200,20,'2017-01-10',2016),(177,0,'',1,800,12,0,'',0,'',800,12,'2017-01-10',2016),(178,0,'',1,200,12,0,'',0,'',200,19,'2017-01-10',2016),(179,80,'D',1,280,1,200,'D',0,'',0,40,'2017-02-20',2017),(180,120,'C',1,220,1,100,'E',0,'',0,44,'2017-02-20',2017),(181,120,'C',1,320,1,0,'',200,'D',0,41,'2017-02-20',2017),(182,120,'C',1,320,1,0,' ',200,'D',0,48,'2017-02-20',2017),(183,80,'D',1,280,1,0,'',200,'D',0,47,'2017-02-20',2017),(184,120,'C',1,420,1,0,'',300,'C',0,46,'2017-02-20',2017),(185,120,'C',1,470,1,100,'E',0,'',250,43,'2017-02-20',2017),(186,120,'C',1,220,1,100,'E',0,'',0,49,'2017-02-20',2017),(187,120,'C',1,470,1,100,'E',0,'',250,45,'2017-02-20',2017),(188,180,'C',1,780,1,0,'',300,'C',300,6,'2017-02-20',2017),(189,120,'D',1,470,1,200,'D',0,'',150,18,'2017-02-20',2017),(190,180,'C',1,380,1,200,'D',0,'',0,8,'2017-02-20',2017),(191,120,'D',1,320,1,200,'D',0,'',0,14,'2017-02-20',2017),(192,180,'C',1,380,1,100,'E',100,'E',0,10,'2017-02-20',2017),(193,180,'C',1,380,1,100,'E',100,'E',0,13,'2017-02-20',2017),(194,180,'C',1,580,1,100,'E',0,'',300,4,'2017-02-20',2017),(195,180,'C',1,580,1,200,'D',0,'',200,11,'2017-02-20',2017),(196,80,'D',1,480,1,200,'D',0,'',200,12,'2017-02-20',2017),(197,120,'C',1,420,2,0,'',200,'D',100,40,'2017-03-16',2017),(198,120,'C',1,320,2,0,'',200,'D',0,44,'2017-03-16',2017),(199,120,'C',1,320,2,0,'',200,'D',0,41,'2017-03-16',2017),(200,120,'C',1,420,2,0,'',200,'D',100,48,'2017-03-16',2017),(201,120,'C',1,320,2,0,'',200,'D',0,47,'2017-03-16',2017),(202,120,'C',1,420,2,0,'',300,'C',0,46,'2017-03-16',2017),(203,120,'C',1,470,2,100,'E',0,'',250,43,'2017-03-16',2017),(204,120,'C',0,320,2,0,'',200,'D',0,49,'2017-03-16',2017),(205,120,'C',1,520,2,0,'',100,'E',300,45,'2017-03-16',2017),(206,240,'B',1,840,2,0,'',400,'B',200,6,'2017-03-16',2017),(207,180,'C',1,480,2,300,'C',0,'',0,18,'2017-03-16',2017),(208,180,'C',1,380,2,200,'D',0,'',0,8,'2017-03-16',2017),(209,180,'C',1,380,2,200,'D',0,'',0,14,'2017-03-16',2017),(210,240,'B',0,440,2,200,'D',0,'',0,10,'2017-03-16',2017),(211,240,'B',1,440,2,200,'D',0,'',0,13,'2017-03-16',2017),(212,240,'B',1,840,2,100,'E',0,'',500,4,'2017-03-16',2017),(213,240,'B',0,540,2,200,'D',0,'',100,11,'2017-03-16',2017),(214,0,' ',0,600,2,0,'',0,'',600,12,'2017-03-16',2017),(216,160,'B',0,560,3,0,NULL,300,'C',100,44,'2017-04-08',2017),(217,200,'A',1,500,4,0,NULL,300,'C',0,40,'2017-05-02',2017),(218,200,'A',1,500,4,0,NULL,300,'C',0,40,'2017-05-02',2017),(219,200,'A',1,500,4,0,NULL,300,'C',0,40,'2017-05-02',2017),(220,200,'A',1,500,4,0,NULL,300,'C',0,40,'2017-05-02',2017),(221,200,'A',1,500,4,0,NULL,300,'C',0,40,'2017-05-02',2017),(222,160,'B',1,460,4,0,NULL,300,'C',0,41,'2017-05-02',2017),(223,200,'A',1,750,4,0,NULL,400,'B',150,48,'2017-05-02',2017),(224,160,'B',1,660,4,0,NULL,300,'C',200,47,'2017-05-02',2017),(225,200,'A',1,700,4,0,NULL,500,'A',0,46,'2017-05-02',2017),(226,200,'A',1,600,4,100,'E',0,NULL,300,43,'2017-05-02',2017),(227,200,'A',1,500,4,300,'C',0,NULL,0,49,'2017-05-02',2017),(228,200,'A',1,1000,4,0,NULL,300,'C',500,45,'2017-05-02',2017),(229,300,'A',1,900,4,0,NULL,500,'A',100,6,'2017-05-02',2017),(230,300,'A',1,900,4,0,NULL,500,'A',100,6,'2017-05-02',2017),(231,240,'B',1,440,4,200,'D',0,NULL,0,18,'2017-05-02',2017),(232,240,'B',1,540,4,300,'C',0,NULL,0,18,'2017-05-02',2017),(233,160,'B',1,460,4,0,NULL,300,'C',0,44,'2017-05-02',2017),(234,300,'A',1,500,4,200,'D',0,NULL,0,8,'2017-05-02',2017),(235,300,'A',1,600,4,300,'C',0,NULL,0,14,'2017-05-02',2017),(236,300,'A',1,600,4,300,'C',0,NULL,0,10,'2017-05-02',2017),(237,300,'A',1,600,4,300,'C',0,NULL,0,13,'2017-05-02',2017),(238,300,'A',1,1000,4,300,'C',0,NULL,400,4,'2017-05-02',2017),(239,300,'A',1,1000,4,300,'C',0,NULL,400,4,'2017-05-02',2017),(240,300,'A',1,800,4,300,'C',0,NULL,200,11,'2017-05-02',2017),(241,300,'A',1,800,4,300,'C',0,NULL,200,11,'2017-05-02',2017),(242,0,NULL,1,800,4,0,NULL,0,NULL,800,12,'2017-05-02',2017),(243,200,'A',0,500,5,0,NULL,300,'C',0,40,'2017-06-07',2017),(244,200,'A',0,500,5,0,NULL,300,'C',0,40,'2017-06-07',2017),(245,200,'A',0,700,5,0,NULL,300,'C',200,44,'2017-06-07',2017),(246,160,'B',0,460,5,0,NULL,300,'C',0,41,'2017-06-07',2017),(247,200,'A',0,850,5,0,NULL,500,'A',150,48,'2017-06-07',2017),(248,160,'B',0,460,5,0,NULL,300,'C',0,47,'2017-06-07',2017),(249,200,'A',1,1200,6,0,NULL,500,'A',500,46,'2017-07-10',2017),(250,200,'A',0,600,5,100,'E',0,NULL,300,43,'2017-06-07',2017),(251,200,'A',0,500,5,300,'C',0,NULL,0,49,'2017-06-07',2017),(252,200,'A',0,800,5,0,NULL,300,'C',300,45,'2017-06-07',2017),(253,300,'A',0,800,5,0,NULL,500,'A',0,6,'2017-06-07',2017),(254,200,'A',0,800,5,0,NULL,500,'A',100,46,'2017-06-07',2017),(255,300,'A',0,500,5,200,'D',0,NULL,0,18,'2017-06-07',2017),(256,300,'A',0,500,5,200,'D',0,NULL,0,8,'2017-06-07',2017),(257,300,'A',0,500,5,200,'D',0,NULL,0,14,'2017-06-07',2017),(258,300,'A',0,600,5,300,'C',0,NULL,0,10,'2017-06-07',2017),(259,300,'A',0,600,5,300,'C',0,NULL,0,13,'2017-06-07',2017),(260,300,'A',0,1000,5,300,'C',0,NULL,400,4,'2017-06-07',2017),(261,300,'A',0,800,5,300,'C',0,NULL,200,11,'2017-06-07',2017),(262,0,NULL,0,1000,5,0,NULL,0,NULL,1000,12,'2017-06-07',2017),(263,200,'A',1,600,6,0,NULL,300,'C',100,40,'2017-07-10',2017),(264,200,'A',1,600,6,0,NULL,200,'D',200,44,'2017-07-10',2017),(265,160,'B',1,360,6,0,NULL,200,'D',0,41,'2017-07-10',2017),(266,200,'A',1,1200,6,0,NULL,500,'A',500,48,'2017-07-10',2017),(267,160,'B',1,460,6,200,'D',100,'E',0,47,'2017-07-10',2017),(268,200,'A',1,600,6,100,'E',0,NULL,300,43,'2017-07-10',2017),(269,200,'A',1,400,6,200,'D',0,NULL,0,49,'2017-07-10',2017),(270,200,'A',1,800,6,100,'E',0,NULL,500,45,'2017-07-10',2017),(271,300,'A',1,800,6,0,NULL,500,'A',0,6,'2017-07-10',2017),(272,240,'B',1,440,6,200,'D',0,NULL,0,18,'2017-07-10',2017),(273,240,'B',0,440,6,200,'D',0,NULL,0,8,'2017-07-10',2017),(274,240,'B',1,440,6,200,'D',0,NULL,0,14,'2017-07-10',2017),(275,300,'A',1,700,6,400,'B',0,NULL,0,10,'2017-07-10',2017),(276,240,'B',1,440,6,200,'D',0,NULL,0,13,'2017-07-10',2017),(277,300,'A',1,800,6,0,NULL,0,NULL,500,4,'2017-07-10',2017),(278,300,'A',1,600,6,100,'E',0,NULL,200,11,'2017-07-10',2017),(279,0,NULL,1,1000,6,0,NULL,0,NULL,1000,12,'2017-07-10',2017),(280,200,'A',1,700,7,300,'C',200,'D',0,40,'2017-07-31',2017),(281,160,'B',1,360,7,0,NULL,200,'D',0,41,'2017-07-31',2017),(282,200,'A',1,1600,7,0,NULL,500,'A',900,48,'2017-07-31',2017),(283,200,'A',1,600,7,0,NULL,400,'B',0,47,'2017-07-31',2017),(284,200,'A',1,1600,7,0,NULL,500,'A',900,46,'2017-07-31',2017),(285,200,'A',0,600,7,100,'E',0,NULL,300,43,'2017-07-31',2017),(286,200,'A',1,1000,7,200,'D',300,'C',300,45,'2017-07-31',2017),(287,300,'A',1,800,7,500,'A',0,NULL,0,10,'2017-07-31',2017),(288,300,'A',1,900,7,100,'E',0,NULL,500,4,'2017-07-31',2017),(289,0,NULL,1,800,7,0,NULL,0,NULL,800,12,'2017-07-31',2017),(290,200,'A',1,600,7,0,NULL,400,'B',0,44,'2017-07-31',2017),(291,200,'A',1,400,7,200,'D',0,NULL,0,49,'2017-08-01',2017),(292,0,NULL,1,300,8,0,NULL,0,NULL,300,61,'2017-09-03',2017),(293,0,NULL,1,1200,8,0,NULL,0,NULL,1200,59,'2017-09-03',2017),(294,0,NULL,1,800,8,0,NULL,0,NULL,800,63,'2017-09-03',2017),(295,200,'A',1,600,8,0,NULL,400,'B',0,44,'2017-09-03',2017),(296,300,'A',1,600,9,0,NULL,200,'D',100,41,'2017-10-20',2017),(297,0,NULL,1,200,8,0,NULL,200,'D',0,41,'2017-09-03',2017),(298,200,'A',1,1600,8,0,NULL,500,'A',900,48,'2017-09-03',2017),(299,300,'A',1,800,9,0,NULL,500,'A',0,46,'2017-10-20',2017),(300,0,NULL,1,400,8,0,NULL,400,'B',0,47,'2017-09-03',2017),(301,200,'A',1,500,8,100,'E',0,NULL,200,43,'2017-09-03',2017),(302,300,'A',1,500,8,200,'D',0,NULL,0,49,'2017-09-03',2017),(303,200,'A',1,500,8,100,'E',0,NULL,200,45,'2017-09-03',2017),(304,0,NULL,1,600,8,0,NULL,0,NULL,600,6,'2017-09-03',2017),(305,300,'A',1,800,8,500,'A',0,NULL,0,10,'2017-09-03',2017),(306,300,'A',1,800,8,100,'E',0,NULL,400,4,'2017-09-03',2017),(307,0,NULL,1,800,8,0,NULL,0,NULL,800,11,'2017-09-03',2017),(308,0,NULL,1,0,8,0,NULL,0,NULL,0,11,'2017-09-03',2017),(309,200,'A',1,1600,8,0,NULL,500,'A',900,46,'2017-09-03',2017),(310,160,'B',1,560,7,100,'E',300,'C',0,70,'2017-10-08',2017),(311,160,'B',0,560,7,100,'E',300,'C',0,70,'2017-10-08',2017),(312,160,'B',1,760,2,300,'C',300,'C',0,70,'2017-10-08',2017),(313,120,'C',1,520,2,100,'E',200,'D',100,64,'2017-10-08',2017),(314,40,'E',1,340,8,100,'E',100,'E',100,70,'2017-10-08',2017),(315,40,'E',1,340,8,100,'E',100,'E',100,64,'2017-10-08',2017),(316,120,'C',1,420,8,100,'E',100,'E',100,67,'2017-10-08',2017),(317,120,'C',1,320,1,100,'E',100,'E',0,60,'2017-10-08',2017),(318,200,'A',1,300,9,100,'E',0,NULL,0,70,'2017-10-20',2017),(319,200,'A',1,500,9,0,NULL,100,'E',200,64,'2017-10-20',2017),(320,200,'A',1,700,9,0,NULL,300,'C',200,61,'2017-10-20',2017),(321,200,'A',1,200,9,0,NULL,0,NULL,0,60,'2017-10-20',2017),(322,200,'A',1,300,9,100,'E',0,NULL,0,71,'2017-10-20',2017),(323,200,'A',1,500,9,0,NULL,300,'C',0,65,'2017-10-20',2017),(324,200,'A',1,400,9,0,NULL,0,NULL,200,62,'2017-10-20',2017),(325,200,'A',1,700,9,0,NULL,500,'A',0,59,'2017-10-20',2017),(326,200,'A',1,400,9,0,NULL,0,NULL,200,68,'2017-10-20',2017),(327,200,'A',1,600,9,100,'E',300,'C',0,66,'2017-10-20',2017),(328,200,'A',1,700,9,100,'E',200,'D',200,63,'2017-10-20',2017),(329,200,'A',1,300,9,100,'E',0,NULL,0,69,'2017-10-20',2017),(330,200,'A',1,500,9,100,'E',0,NULL,200,67,'2017-10-20',2017),(331,300,'A',1,700,9,0,NULL,200,'D',200,40,'2017-10-20',2017),(332,300,'A',1,600,9,0,NULL,300,'C',0,44,'2017-10-20',2017),(333,300,'A',1,800,9,0,NULL,500,'A',0,48,'2017-10-20',2017),(334,300,'A',1,400,9,0,NULL,100,'E',0,47,'2017-10-20',2017),(335,300,'A',1,700,9,200,'D',0,NULL,200,43,'2017-10-20',2017),(336,300,'A',1,600,9,300,'C',0,NULL,0,49,'2017-10-20',2017),(337,300,'A',1,1000,9,100,'E',300,'C',300,45,'2017-10-20',2017),(338,200,'A',1,800,9,200,'D',0,NULL,400,6,'2017-10-20',2017),(339,200,'A',1,400,9,200,'D',0,NULL,0,18,'2017-10-20',2017),(340,200,'A',1,400,9,200,'D',0,NULL,0,8,'2017-10-20',2017),(341,200,'A',1,400,9,200,'D',0,NULL,0,14,'2017-10-20',2017),(342,200,'A',1,500,9,300,'C',0,NULL,0,10,'2017-10-20',2017),(343,200,'A',1,400,9,200,'D',0,NULL,0,13,'2017-10-20',2017),(344,200,'A',1,800,9,100,'E',0,NULL,500,4,'2017-10-20',2017),(345,200,'A',1,400,9,200,'D',0,NULL,0,11,'2017-10-20',2017),(346,200,'A',1,900,11,0,NULL,500,'A',200,59,'2017-12-07',2017),(347,200,'A',1,600,11,100,'E',0,NULL,300,68,'2017-12-07',2017),(348,200,'A',1,600,11,100,'E',300,'C',0,66,'2017-12-07',2017),(349,200,'A',1,700,11,100,'E',100,'E',300,63,'2017-12-07',2017),(350,200,'A',1,300,10,100,'E',0,NULL,0,70,'2017-11-08',2017),(351,200,'A',1,500,10,0,NULL,100,'E',200,64,'2017-11-08',2017),(352,200,'A',1,500,10,0,NULL,100,'E',200,64,'2017-11-08',2017),(353,200,'A',1,600,10,0,NULL,200,'D',200,61,'2017-11-08',2017),(354,200,'A',1,400,10,0,NULL,200,'D',0,60,'2017-11-08',2017),(355,200,'A',1,300,10,100,'E',0,NULL,0,71,'2017-11-08',2017),(356,200,'A',1,600,10,0,NULL,400,'B',0,65,'2017-11-08',2017),(357,200,'A',1,400,10,0,NULL,0,NULL,200,62,'2017-11-08',2017),(358,200,'A',1,900,10,0,NULL,500,'A',200,59,'2017-11-08',2017),(359,200,'A',1,300,10,100,'E',0,NULL,0,69,'2017-11-08',2017),(360,200,'A',1,500,10,100,'E',0,NULL,200,68,'2017-11-08',2017),(361,200,'A',1,600,10,100,'E',300,'C',0,66,'2017-11-08',2017),(362,200,'A',1,600,10,100,'E',100,'E',200,63,'2017-11-08',2017),(363,200,'A',1,500,10,100,'E',0,NULL,200,67,'2017-11-08',2017),(364,300,'A',1,700,10,0,NULL,400,'B',0,40,'2017-11-08',2017),(365,300,'A',1,700,10,0,NULL,400,'B',0,41,'2017-11-08',2017),(366,300,'A',1,700,10,0,NULL,400,'B',0,48,'2017-11-08',2017),(367,300,'A',1,400,10,0,NULL,100,'E',0,47,'2017-11-08',2017),(368,300,'A',1,1000,10,0,NULL,500,'A',200,46,'2017-11-08',2017),(369,300,'A',1,600,10,300,'C',0,NULL,0,43,'2017-11-08',2017),(370,300,'A',1,600,10,300,'C',0,NULL,0,49,'2017-11-08',2017),(371,300,'A',1,1000,10,100,'E',300,'C',300,45,'2017-11-08',2017),(372,200,'A',1,400,10,200,'D',0,NULL,0,6,'2017-11-08',2017),(373,200,'A',1,400,10,200,'D',0,NULL,0,18,'2017-11-08',2017),(374,200,'A',1,400,10,200,'D',0,NULL,0,8,'2017-11-08',2017),(375,200,'A',1,400,10,200,'D',0,NULL,0,14,'2017-11-08',2017),(376,200,'A',1,400,10,200,'D',0,NULL,0,10,'2017-11-08',2017),(377,200,'A',1,400,10,200,'D',0,NULL,0,13,'2017-11-08',2017),(378,200,'A',1,800,10,100,'E',0,NULL,500,4,'2017-11-08',2017),(379,200,'A',1,400,10,200,'D',0,NULL,0,11,'2017-11-08',2017),(380,200,'A',1,500,11,100,'E',0,NULL,200,70,'2017-12-07',2017),(381,200,'A',1,600,11,0,NULL,100,'E',300,64,'2017-12-07',2017),(382,200,'A',1,700,11,100,'E',100,'E',300,61,'2017-12-07',2017),(383,200,'A',1,300,11,0,NULL,100,'E',0,60,'2017-12-07',2017),(384,200,'A',1,600,11,100,'E',100,'E',200,71,'2017-12-07',2017),(385,200,'A',1,600,11,100,'E',300,'C',0,65,'2017-12-07',2017),(386,200,'A',1,600,11,0,NULL,100,'E',300,62,'2017-12-07',2017),(387,200,'A',1,300,11,100,'E',0,NULL,0,69,'2017-12-07',2017),(388,200,'A',1,500,11,100,'E',0,NULL,200,67,'2017-12-07',2017),(389,300,'A',1,700,11,200,'D',200,'D',0,40,'2017-12-07',2017),(390,300,'A',1,600,11,200,'D',100,'E',0,44,'2017-12-07',2017),(391,300,'A',1,700,11,0,NULL,400,'B',0,41,'2017-12-07',2017),(392,300,'A',1,500,11,200,'D',0,NULL,0,48,'2017-12-07',2017),(393,300,'A',1,600,11,200,'D',100,'E',0,47,'2017-12-07',2017),(394,300,'A',1,1300,11,200,'D',500,'A',300,46,'2017-12-07',2017),(395,300,'A',1,600,11,200,'D',100,'E',0,43,'2017-12-07',2017),(396,300,'A',1,600,11,300,'C',0,NULL,0,49,'2017-12-07',2017),(397,300,'A',1,1000,11,200,'D',0,NULL,500,45,'2017-12-07',2017),(398,200,'A',1,400,11,200,'D',0,NULL,0,6,'2017-12-07',2017),(399,200,'A',1,400,11,200,'D',0,NULL,0,18,'2017-12-07',2017),(400,200,'A',1,400,11,200,'D',0,NULL,0,8,'2017-12-07',2017),(401,200,'A',1,400,11,200,'D',0,NULL,0,14,'2017-12-07',2017),(402,200,'A',1,400,11,200,'D',0,NULL,0,10,'2017-12-07',2017),(403,200,'A',1,400,11,200,'D',0,NULL,0,13,'2017-12-07',2017),(404,200,'A',1,1000,11,200,'D',100,'E',500,4,'2017-12-07',2017),(405,200,'A',1,400,11,200,'D',0,NULL,0,11,'2017-12-07',2017),(406,200,'A',1,500,12,100,'E',0,NULL,200,70,'2018-01-19',2017),(407,200,'A',1,800,12,0,NULL,300,'C',300,64,'2018-01-19',2017),(408,200,'A',1,600,12,100,'E',0,NULL,300,61,'2018-01-19',2017),(409,200,'A',1,300,12,0,NULL,100,'E',0,60,'2018-01-19',2017),(410,200,'A',1,500,12,100,'E',0,NULL,200,71,'2018-01-19',2017),(411,200,'A',1,700,12,100,'E',400,'B',0,65,'2018-01-19',2017),(412,200,'A',1,600,12,0,NULL,100,'E',300,62,'2018-01-19',2017),(413,200,'A',1,700,12,0,NULL,500,'A',0,59,'2018-01-19',2017),(414,200,'A',1,500,12,100,'E',0,NULL,200,68,'2018-01-19',2017),(415,200,'A',1,600,12,100,'E',300,'C',0,66,'2018-01-19',2017),(416,200,'A',1,600,12,100,'E',0,NULL,300,63,'2018-01-19',2017),(417,200,'A',1,300,12,100,'E',0,NULL,0,69,'2018-01-19',2017),(418,200,'A',1,500,12,100,'E',0,NULL,200,67,'2018-01-19',2017),(419,300,'A',1,500,12,200,'D',0,NULL,0,40,'2018-01-19',2017),(420,300,'A',1,500,12,200,'D',0,NULL,0,44,'2018-01-19',2017),(421,300,'A',1,700,12,200,'D',200,'D',0,41,'2018-01-19',2017),(422,300,'A',1,700,12,200,'D',200,'D',0,48,'2018-01-19',2017),(423,300,'A',1,500,12,200,'D',0,NULL,0,47,'2018-01-19',2017),(424,300,'A',1,1000,12,200,'D',500,'A',0,46,'2018-01-19',2017),(425,200,'A',1,400,12,200,'D',0,NULL,0,18,'2018-01-19',2017),(426,200,'A',1,400,12,200,'D',0,NULL,0,8,'2018-01-19',2017),(427,200,'A',1,400,12,200,'D',0,NULL,0,14,'2018-01-19',2017),(428,200,'A',1,600,12,200,'D',0,NULL,200,10,'2018-01-19',2017),(429,200,'A',1,400,12,200,'D',0,NULL,0,13,'2018-01-19',2017),(430,200,'A',1,1500,12,300,'C',0,NULL,1000,4,'2018-01-19',2017),(431,200,'A',1,400,12,200,'D',0,NULL,0,11,'2018-01-19',2017),(432,300,'A',1,600,12,200,'D',100,'E',0,43,'2018-01-19',2017),(433,300,'A',1,600,12,300,'C',0,NULL,0,49,'2018-01-19',2017),(434,300,'A',1,1000,12,200,'D',0,NULL,500,45,'2018-01-19',2017),(435,200,'A',1,500,1,100,'E',0,NULL,200,70,'2018-03-05',2018),(436,200,'A',1,800,1,0,NULL,300,'C',300,64,'2018-03-05',2018),(437,200,'A',1,400,1,0,NULL,0,NULL,200,61,'2018-03-05',2018),(438,200,'A',1,300,1,100,'E',0,NULL,0,60,'2018-03-05',2018),(439,200,'A',1,500,1,100,'E',0,NULL,200,71,'2018-03-05',2018),(440,200,'A',1,600,1,0,NULL,400,'B',0,65,'2018-03-05',2018),(441,200,'A',1,400,1,0,NULL,0,NULL,200,62,'2018-03-05',2018),(442,200,'A',1,500,1,0,NULL,300,'C',0,59,'2018-03-05',2018),(443,200,'A',1,400,1,0,NULL,0,NULL,200,68,'2018-03-05',2018),(444,200,'A',1,500,1,100,'E',0,NULL,200,66,'2018-03-05',2018),(445,200,'A',1,500,1,0,NULL,0,NULL,300,63,'2018-03-05',2018),(446,200,'A',1,300,1,100,'E',0,NULL,0,69,'2018-03-05',2018),(447,200,'A',1,400,1,200,'D',0,NULL,0,67,'2018-03-05',2018),(448,300,'A',1,700,1,0,NULL,400,'B',0,40,'2018-03-05',2018),(449,300,'A',1,500,1,200,'D',0,NULL,0,48,'2018-03-05',2018),(450,300,'A',1,500,1,0,NULL,200,'D',0,47,'2018-03-05',2018),(451,300,'A',1,1100,1,0,NULL,500,'A',300,46,'2018-03-05',2018),(452,300,'A',1,500,1,200,'D',0,NULL,0,43,'2018-03-05',2018),(453,300,'A',1,500,1,200,'D',0,NULL,0,49,'2018-03-05',2018),(454,300,'A',1,800,1,200,'D',0,NULL,300,45,'2018-03-05',2018),(455,300,'A',1,700,1,100,'E',0,NULL,300,44,'2018-03-05',2018),(456,300,'A',1,700,1,0,NULL,400,'B',0,41,'2018-03-05',2018),(457,200,'A',1,1500,1,300,'C',0,NULL,1000,4,'2018-03-05',2018),(458,0,NULL,1,300,2,0,NULL,300,'C',0,64,'2018-03-05',2018),(459,0,NULL,1,300,2,0,NULL,0,NULL,300,66,'2018-03-05',2018),(460,0,NULL,1,300,2,0,NULL,0,NULL,300,44,'2018-03-05',2018),(461,0,NULL,1,800,2,0,NULL,500,'A',300,46,'2018-03-05',2018),(462,0,NULL,1,300,2,0,NULL,0,NULL,300,45,'2018-03-05',2018),(463,200,'A',1,600,3,100,'E',0,NULL,300,70,'2018-04-05',2018),(464,200,'A',1,1000,3,0,NULL,500,'A',300,64,'2018-04-05',2018),(465,200,'A',1,600,3,100,'E',0,NULL,300,61,'2018-04-05',2018),(466,200,'A',1,400,3,0,NULL,200,'D',0,60,'2018-04-05',2018),(467,200,'A',1,600,3,200,'D',0,NULL,200,71,'2018-04-05',2018),(468,200,'A',1,700,3,100,'E',400,'B',0,65,'2018-04-05',2018),(469,200,'A',1,600,3,0,NULL,200,'D',200,62,'2018-04-05',2018),(470,200,'A',1,600,3,200,'D',200,'D',0,59,'2018-04-05',2018),(471,200,'A',1,500,3,100,'E',0,NULL,200,68,'2018-04-05',2018),(472,200,'A',1,800,3,100,'E',0,NULL,500,66,'2018-04-05',2018),(473,200,'A',1,700,3,100,'E',0,NULL,400,63,'2018-04-05',2018),(474,200,'A',1,300,3,100,'E',0,NULL,0,69,'2018-04-05',2018),(475,200,'A',1,600,3,200,'D',0,NULL,200,67,'2018-04-05',2018),(476,300,'A',1,700,3,0,NULL,300,'C',100,40,'2018-04-05',2018),(477,300,'A',1,500,3,200,'D',0,NULL,0,44,'2018-04-05',2018),(478,300,'A',1,700,3,0,NULL,400,'B',0,41,'2018-04-05',2018),(479,300,'A',1,400,3,100,'E',0,NULL,0,48,'2018-04-05',2018),(480,300,'A',1,400,3,0,NULL,100,'E',0,47,'2018-04-05',2018),(481,300,'A',1,900,3,100,'E',500,'A',0,46,'2018-04-05',2018),(482,300,'A',1,1200,3,100,'E',500,'A',300,46,'2018-04-05',2018),(483,300,'A',1,600,3,100,'E',0,NULL,200,43,'2018-04-05',2018),(484,300,'A',1,600,3,100,'E',0,NULL,200,43,'2018-04-05',2018),(485,300,'A',1,800,3,100,'E',100,'E',300,45,'2018-04-05',2018),(486,200,'A',1,1500,3,300,'C',0,NULL,1000,4,'2018-04-05',2018),(487,300,'A',1,600,3,300,'C',0,NULL,0,49,'2018-04-08',2018),(488,200,'A',1,700,4,100,'E',0,NULL,400,64,'2018-05-05',2018),(489,200,'A',1,600,4,100,'E',0,NULL,300,61,'2018-05-05',2018),(490,200,'A',1,400,4,0,NULL,200,'D',0,60,'2018-05-05',2018),(491,200,'A',1,500,4,100,'E',0,NULL,200,71,'2018-05-05',2018),(492,200,'A',1,500,4,100,'E',0,NULL,200,70,'2018-05-05',2018),(493,200,'A',1,600,4,100,'E',300,'C',0,65,'2018-05-06',2018),(494,200,'A',1,700,4,0,NULL,300,'C',200,62,'2018-05-06',2018),(495,200,'A',1,600,4,400,'B',0,NULL,0,59,'2018-05-06',2018),(496,200,'A',1,600,4,100,'E',0,NULL,300,68,'2018-05-06',2018),(497,200,'A',1,600,4,100,'E',0,NULL,300,66,'2018-05-06',2018),(498,200,'A',1,600,4,100,'E',0,NULL,300,63,'2018-05-06',2018),(499,200,'A',1,300,4,100,'E',0,NULL,0,69,'2018-05-06',2018),(500,200,'A',1,600,4,200,'D',0,NULL,200,67,'2018-05-06',2018),(501,300,'A',1,600,4,0,NULL,300,'C',0,40,'2018-05-06',2018),(502,300,'A',1,600,4,100,'E',0,NULL,200,44,'2018-05-06',2018),(503,300,'A',1,800,4,0,NULL,300,'C',200,41,'2018-05-06',2018),(504,300,'A',1,400,4,100,'E',0,NULL,0,48,'2018-05-06',2018),(505,300,'A',1,600,4,0,NULL,300,'C',0,47,'2018-05-06',2018),(506,300,'A',1,1200,4,0,NULL,500,'A',400,46,'2018-05-06',2018),(507,300,'A',1,600,4,100,'E',0,NULL,200,43,'2018-05-06',2018),(508,300,'A',1,700,4,100,'E',300,'C',0,49,'2018-05-06',2018),(509,300,'A',1,800,4,200,'D',0,NULL,300,45,'2018-05-06',2018),(510,200,'A',1,1500,4,300,'C',0,NULL,1000,4,'2018-05-06',2018),(511,200,'A',1,500,5,100,'E',0,NULL,200,70,'2018-06-08',2018),(512,200,'A',1,800,5,200,'D',0,NULL,400,64,'2018-06-08',2018),(513,200,'A',1,800,5,100,'E',0,NULL,500,61,'2018-06-08',2018),(514,200,'A',1,400,5,0,NULL,200,'D',0,60,'2018-06-08',2018),(515,200,'A',1,500,5,100,'E',0,NULL,200,71,'2018-06-08',2018),(516,200,'A',1,800,5,100,'E',200,'D',300,65,'2018-06-08',2018),(517,200,'A',1,800,5,0,NULL,400,'B',200,62,'2018-06-08',2018),(518,200,'A',1,800,5,100,'E',500,'A',0,59,'2018-06-08',2018),(519,200,'A',1,700,5,200,'D',0,NULL,300,68,'2018-06-08',2018),(520,200,'A',1,800,5,300,'C',0,NULL,300,66,'2018-06-08',2018),(521,200,'A',1,600,5,100,'E',0,NULL,300,63,'2018-06-08',2018),(522,200,'A',1,400,5,100,'E',100,'E',0,69,'2018-06-08',2018),(523,200,'A',1,600,5,100,'E',0,NULL,300,67,'2018-06-08',2018),(524,300,'A',1,600,5,0,NULL,300,'C',0,40,'2018-06-08',2018),(525,300,'A',1,800,5,200,'D',0,NULL,300,44,'2018-06-08',2018),(526,300,'A',1,800,5,0,NULL,300,'C',200,41,'2018-06-08',2018),(527,300,'A',1,500,5,100,'E',100,'E',0,48,'2018-06-08',2018),(528,300,'A',1,600,5,0,NULL,300,'C',0,47,'2018-06-08',2018),(529,300,'A',1,1600,5,0,NULL,500,'A',800,46,'2018-06-08',2018),(530,300,'A',1,600,5,100,'E',0,NULL,200,43,'2018-06-08',2018),(531,300,'A',1,800,5,0,NULL,300,'C',200,49,'2018-06-08',2018),(532,300,'A',1,600,5,100,'E',0,NULL,200,45,'2018-06-08',2018),(533,200,'A',1,1500,5,300,'C',0,NULL,1000,4,'2018-06-08',2018),(534,200,'A',1,600,6,200,'D',0,NULL,200,70,'2018-07-05',2018),(535,200,'A',1,600,6,100,'E',0,NULL,300,64,'2018-07-05',2018),(536,200,'A',1,600,6,100,'E',0,NULL,300,61,'2018-07-05',2018),(537,200,'A',1,400,6,100,'E',100,'E',0,60,'2018-07-05',2018),(538,200,'A',1,600,6,200,'D',0,NULL,200,71,'2018-07-05',2018),(539,200,'A',1,500,6,200,'D',100,'E',0,65,'2018-07-05',2018),(540,200,'A',1,500,6,100,'E',0,NULL,200,68,'2018-07-05',2018),(541,200,'A',1,600,6,0,NULL,200,'D',200,62,'2018-07-05',2018),(542,200,'A',1,600,6,200,'D',200,'D',0,66,'2018-07-05',2018),(543,200,'A',1,600,6,100,'E',0,NULL,300,63,'2018-07-05',2018),(544,200,'A',1,500,6,100,'E',100,'E',100,69,'2018-07-05',2018),(545,200,'A',1,500,6,100,'E',0,NULL,200,67,'2018-07-05',2018),(546,300,'A',1,400,6,0,NULL,100,'E',0,40,'2018-07-05',2018),(547,300,'A',1,700,6,100,'E',300,'C',0,44,'2018-07-05',2018),(548,300,'A',1,400,6,0,NULL,100,'E',0,41,'2018-07-05',2018),(549,300,'A',1,600,6,0,NULL,300,'C',0,48,'2018-07-05',2018),(550,300,'A',1,400,6,0,NULL,100,'E',0,47,'2018-07-05',2018),(551,300,'A',1,1500,6,0,NULL,500,'A',700,46,'2018-07-05',2018),(552,300,'A',1,400,6,0,NULL,100,'E',0,43,'2018-07-05',2018),(553,300,'A',1,600,6,0,NULL,300,'C',0,49,'2018-07-05',2018),(554,300,'A',1,800,6,0,NULL,300,'C',200,45,'2018-07-05',2018),(555,200,'A',1,1500,6,0,NULL,500,'A',800,4,'2018-07-05',2018),(556,200,'A',1,800,6,100,'E',500,'A',0,59,'2018-07-05',2018),(557,200,'A',1,500,7,0,NULL,300,'C',0,81,'2018-09-15',2018),(558,200,'A',1,400,7,0,NULL,200,'D',0,82,'2018-09-15',2018),(559,200,'A',1,800,7,0,NULL,200,'D',400,85,'2018-09-15',2018),(560,200,'A',1,400,7,0,NULL,200,'D',0,90,'2018-09-15',2018),(561,200,'A',1,500,7,0,NULL,300,'C',0,86,'2018-09-15',2018),(562,200,'A',1,500,7,0,NULL,300,'C',0,77,'2018-09-15',2018),(563,200,'A',1,400,7,0,NULL,200,'D',0,83,'2018-09-15',2018),(564,200,'A',0,600,7,200,'D',0,NULL,200,70,'2018-09-15',2018),(565,200,'A',1,600,8,0,NULL,200,'D',200,70,'2018-09-15',2018),(566,300,'A',1,1000,7,100,'E',100,'E',500,64,'2018-09-15',2018),(567,300,'A',1,800,7,100,'E',0,NULL,400,61,'2018-09-15',2018),(568,300,'A',1,600,7,0,NULL,300,'C',0,60,'2018-09-15',2018),(569,200,'A',1,600,7,200,'D',0,NULL,200,71,'2018-09-15',2018),(570,300,'A',1,600,7,100,'E',0,NULL,200,65,'2018-09-15',2018),(571,300,'A',1,800,7,0,NULL,300,'C',200,62,'2018-09-15',2018),(572,300,'A',1,800,7,100,'E',400,'B',0,59,'2018-09-15',2018),(573,200,'A',1,800,7,100,'E',100,'E',400,68,'2018-09-15',2018),(574,300,'A',1,700,7,200,'D',0,NULL,200,66,'2018-09-15',2018),(575,300,'A',1,800,7,100,'E',0,NULL,400,63,'2018-09-17',2018),(576,200,'A',1,600,7,100,'E',100,'E',200,69,'2018-09-15',2018),(577,300,'A',1,700,7,100,'E',0,NULL,300,67,'2018-09-15',2018),(578,200,'A',1,600,7,100,'E',100,'E',200,44,'2018-09-15',2018),(579,200,'A',1,600,7,100,'E',300,'C',0,48,'2018-09-15',2018),(580,200,'A',1,1500,7,0,NULL,500,'A',800,46,'2018-09-15',2018),(581,200,'A',1,1500,7,0,NULL,500,'A',800,4,'2018-09-15',2018),(582,300,'A',1,1000,8,100,'E',100,'E',500,64,'2018-09-15',2018),(583,300,'A',1,600,8,100,'E',0,NULL,200,61,'2018-09-15',2018),(584,300,'A',1,500,8,0,NULL,200,'D',0,60,'2018-09-15',2018),(585,200,'A',1,400,8,200,'D',0,NULL,0,71,'2018-09-15',2018),(586,300,'A',1,800,8,0,NULL,300,'C',200,65,'2018-09-15',2018),(587,300,'A',1,600,8,100,'E',0,NULL,200,62,'2018-09-15',2018),(588,300,'A',1,800,8,100,'E',400,'B',0,59,'2018-09-15',2018),(589,200,'A',1,700,8,100,'E',100,'E',300,68,'2018-09-15',2018),(590,300,'A',1,700,8,0,NULL,400,'B',0,66,'2018-09-15',2018),(591,300,'A',1,800,8,100,'E',100,'E',300,63,'2018-09-15',2018),(592,200,'A',1,600,8,0,NULL,200,'D',200,69,'2018-09-15',2018),(593,300,'A',1,600,8,0,NULL,300,'C',0,67,'2018-09-15',2018),(594,200,'A',1,400,8,100,'E',100,'E',0,44,'2018-09-17',2018),(595,200,'A',1,400,8,100,'E',100,'E',0,48,'2018-09-17',2018),(596,200,'A',1,1500,8,0,NULL,500,'A',800,46,'2018-09-17',2018),(597,200,'A',1,1500,8,500,'A',0,NULL,800,4,'2018-09-17',2018),(598,200,'A',1,700,9,100,'E',400,'B',0,81,'2018-10-09',2018),(599,200,'A',1,500,9,0,NULL,300,'C',0,79,'2018-10-09',2018),(600,200,'A',1,550,9,0,NULL,300,'C',50,85,'2018-10-09',2018),(601,200,'A',1,600,9,0,NULL,200,'D',200,82,'2018-10-09',2018),(602,200,'A',1,650,9,0,NULL,300,'C',150,90,'2018-10-09',2018),(603,200,'A',1,700,9,0,NULL,300,'C',200,86,'2018-10-09',2018),(604,200,'A',1,700,9,0,NULL,300,'C',200,77,'2018-10-09',2018),(605,200,'A',1,600,9,0,NULL,300,'C',100,83,'2018-10-09',2018),(606,200,'A',1,600,9,0,NULL,300,'C',100,78,'2018-10-09',2018),(607,300,'A',1,700,9,100,'E',0,NULL,300,64,'2018-10-09',2018),(608,300,'A',1,600,9,100,'E',0,NULL,200,61,'2018-10-09',2018),(609,300,'A',1,700,9,100,'E',0,NULL,300,70,'2018-10-09',2018),(610,300,'A',1,500,9,100,'E',100,'E',0,60,'2018-10-09',2018),(611,300,'A',1,600,9,100,'E',0,NULL,200,71,'2018-10-09',2018),(612,300,'A',1,600,9,100,'E',0,NULL,200,65,'2018-10-09',2018),(613,300,'A',1,800,9,0,NULL,300,'C',200,62,'2018-10-09',2018),(614,300,'A',1,900,9,200,'D',400,'B',0,59,'2018-10-09',2018),(615,300,'A',1,700,9,100,'E',0,NULL,300,68,'2018-10-09',2018),(616,300,'A',1,800,9,0,NULL,500,'A',0,66,'2018-10-09',2018),(617,300,'A',1,800,9,200,'D',0,NULL,300,63,'2018-10-09',2018),(618,300,'A',1,800,9,100,'E',300,'C',100,69,'2018-10-09',2018),(619,300,'A',1,600,9,100,'E',0,NULL,200,67,'2018-10-09',2018),(620,200,'A',1,400,9,200,'D',0,NULL,0,40,'2018-10-09',2018),(621,200,'A',1,700,9,200,'D',300,'C',0,44,'2018-10-09',2018),(622,200,'A',1,400,9,200,'D',0,NULL,0,41,'2018-10-09',2018),(623,200,'A',1,400,9,200,'D',0,NULL,0,48,'2018-10-09',2018),(624,200,'A',1,500,9,0,NULL,300,'C',0,47,'2018-10-09',2018),(625,200,'A',1,1500,9,100,'E',500,'A',700,46,'2018-10-09',2018),(626,200,'A',1,400,9,200,'D',0,NULL,0,43,'2018-10-09',2018),(627,200,'A',1,600,9,200,'D',0,NULL,200,49,'2018-10-09',2018),(628,200,'A',1,400,9,200,'D',0,NULL,0,45,'2018-10-09',2018),(629,200,'A',1,1500,9,100,'E',500,'A',700,4,'2018-10-09',2018),(630,200,'A',1,700,10,0,NULL,500,'A',0,81,'2018-11-10',2018),(631,200,'A',1,300,10,100,'E',0,NULL,0,96,'2018-11-10',2018),(632,200,'A',1,700,10,0,NULL,500,'A',0,79,'2018-11-11',2018),(633,200,'A',1,600,10,0,NULL,400,'B',0,85,'2018-11-11',2018),(634,200,'A',1,900,10,0,NULL,400,'B',300,82,'2018-11-11',2018),(635,200,'A',1,600,10,0,NULL,300,'C',100,90,'2018-11-11',2018),(636,200,'A',1,900,10,0,NULL,500,'A',200,86,'2018-11-11',2018),(637,200,'A',1,800,10,0,NULL,500,'A',100,77,'2018-11-11',2018),(638,200,'A',1,900,10,0,NULL,500,'A',200,83,'2018-11-11',2018),(639,200,'A',1,500,10,100,'E',0,NULL,200,78,'2018-11-11',2018),(640,300,'A',1,800,10,100,'E',100,'E',300,70,'2018-11-11',2018),(641,300,'A',1,900,10,100,'E',100,'E',400,64,'2018-11-11',2018),(642,300,'A',1,700,10,100,'E',100,'E',200,61,'2018-11-11',2018),(643,300,'A',1,500,10,100,'E',100,'E',0,60,'2018-11-11',2018),(644,300,'A',1,600,10,100,'E',100,'E',100,71,'2018-11-11',2018),(645,300,'A',1,600,10,200,'D',100,'E',0,65,'2018-11-11',2018),(646,240,'B',1,940,10,100,'E',300,'C',300,62,'2018-11-11',2018),(647,300,'A',1,900,10,100,'E',500,'A',0,59,'2018-11-11',2018),(648,300,'A',1,800,10,100,'E',100,'E',300,68,'2018-11-11',2018),(649,300,'A',1,700,10,300,'C',100,'E',0,66,'2018-11-11',2018),(650,300,'A',1,1000,10,200,'D',100,'E',400,63,'2018-11-11',2018),(651,300,'A',1,600,10,100,'E',100,'E',100,69,'2018-11-11',2018),(652,300,'A',1,1000,10,200,'D',300,'C',200,67,'2018-11-11',2018),(653,200,'A',1,500,10,200,'D',0,NULL,100,40,'2018-11-11',2018),(654,200,'A',1,900,10,200,'D',500,'A',0,44,'2018-11-11',2018),(655,200,'A',1,400,10,200,'D',0,NULL,0,41,'2018-11-11',2018),(656,200,'A',1,600,10,300,'C',0,NULL,100,48,'2018-11-11',2018),(657,200,'A',1,600,10,200,'D',200,'D',0,47,'2018-11-11',2018),(658,200,'A',1,2000,10,100,'E',500,'A',1200,46,'2018-11-11',2018),(659,200,'A',1,600,10,200,'D',200,'D',0,43,'2018-11-11',2018),(660,200,'A',1,800,10,200,'D',400,'B',0,49,'2018-11-11',2018),(661,200,'A',1,800,10,300,'C',0,NULL,300,45,'2018-11-11',2018),(662,200,'A',1,1600,10,100,'E',500,'A',800,4,'2018-11-11',2018),(663,200,'A',1,500,11,100,'E',0,NULL,200,81,'2018-12-14',2018),(664,200,'A',1,400,11,100,'E',0,NULL,100,96,'2018-12-14',2018),(665,200,'A',1,800,11,0,NULL,500,'A',100,79,'2018-12-14',2018),(666,200,'A',1,500,11,100,'E',100,'E',100,85,'2018-12-14',2018),(667,200,'A',1,900,11,0,NULL,400,'B',300,82,'2018-12-14',2018),(668,200,'A',1,900,11,200,'D',0,NULL,500,90,'2018-12-14',2018),(669,200,'A',1,1200,11,100,'E',500,'A',400,86,'2018-12-14',2018),(670,200,'A',1,1200,11,100,'E',500,'A',400,86,'2018-12-14',2018),(671,200,'A',1,1200,11,100,'E',500,'A',400,86,'2018-12-14',2018),(672,200,'A',1,1100,11,200,'D',500,'A',200,77,'2018-12-14',2018),(673,200,'A',1,1000,11,0,NULL,500,'A',300,83,'2018-12-14',2018),(674,200,'A',1,600,11,100,'E',100,'E',200,78,'2018-12-14',2018),(675,300,'A',1,800,11,300,'C',0,NULL,200,70,'2018-12-14',2018),(676,300,'A',1,800,11,200,'D',0,NULL,300,64,'2018-12-14',2018),(677,300,'A',1,700,11,200,'D',0,NULL,200,61,'2018-12-14',2018),(678,300,'A',1,600,11,100,'E',100,'E',100,60,'2018-12-14',2018),(679,300,'A',1,500,11,200,'D',0,NULL,0,71,'2018-12-14',2018),(680,300,'A',1,500,11,200,'D',0,NULL,0,65,'2018-12-14',2018),(681,300,'A',1,900,11,0,NULL,300,'C',300,62,'2018-12-14',2018),(682,300,'A',1,800,11,100,'E',400,'B',0,59,'2018-12-14',2018),(683,300,'A',1,800,11,0,NULL,200,'D',300,68,'2018-12-14',2018),(684,300,'A',1,800,11,100,'E',400,'B',0,66,'2018-12-14',2018),(685,300,'A',1,1100,11,400,'B',0,NULL,400,63,'2018-12-14',2018),(686,300,'A',1,600,11,100,'E',100,'E',100,69,'2018-12-14',2018),(687,300,'A',1,600,11,100,'E',0,NULL,200,67,'2018-12-14',2018),(688,200,'A',1,600,11,200,'D',0,NULL,200,40,'2018-12-14',2018),(689,200,'A',1,400,11,200,'D',0,NULL,0,44,'2018-12-14',2018),(690,200,'A',1,400,11,200,'D',0,NULL,0,41,'2018-12-14',2018),(691,200,'A',1,400,11,200,'D',0,NULL,0,48,'2018-12-14',2018),(692,200,'A',1,400,11,200,'D',0,NULL,0,47,'2018-12-14',2018),(693,200,'A',1,1600,11,300,'C',500,'A',600,46,'2018-12-14',2018),(694,200,'A',1,400,11,200,'D',0,NULL,0,43,'2018-12-14',2018),(695,200,'A',1,600,11,400,'B',0,NULL,0,49,'2018-12-14',2018),(696,200,'A',1,600,11,200,'D',0,NULL,200,45,'2018-12-14',2018),(697,200,'A',1,2000,11,500,'A',300,'C',1000,4,'2018-12-14',2018),(698,200,'A',1,400,12,100,'E',100,'E',0,81,'2019-03-06',2018),(699,200,'A',1,300,12,100,'E',0,NULL,0,96,'2019-03-06',2018),(700,200,'A',1,700,12,0,NULL,500,'A',0,79,'2019-03-06',2018),(701,200,'A',1,600,12,0,NULL,300,'C',100,85,'2019-03-06',2018),(702,200,'A',1,700,12,0,NULL,300,'C',200,82,'2019-03-06',2018),(703,200,'A',1,500,12,200,'D',0,NULL,100,90,'2019-03-06',2018),(704,200,'A',1,900,12,0,NULL,400,'B',300,86,'2019-03-06',2018),(705,200,'A',1,700,12,0,NULL,300,'C',200,83,'2019-03-06',2018),(706,200,'A',1,600,12,100,'E',300,'C',0,77,'2019-03-06',2018),(707,200,'A',1,600,12,100,'E',0,NULL,300,78,'2019-03-06',2018),(708,300,'A',1,700,12,100,'E',0,NULL,300,70,'2019-03-06',2018),(709,300,'A',1,1000,12,200,'D',0,NULL,500,64,'2019-03-06',2018),(710,300,'A',1,700,12,200,'D',0,NULL,200,61,'2019-03-06',2018),(711,300,'A',1,600,12,100,'E',200,'D',0,60,'2019-03-06',2018),(712,300,'A',1,900,12,300,'C',0,NULL,300,71,'2019-03-06',2018),(713,300,'A',1,800,12,300,'C',0,NULL,200,65,'2019-03-06',2018),(714,300,'A',1,800,12,0,NULL,400,'B',100,62,'2019-03-06',2018),(715,300,'A',1,800,12,100,'E',400,'B',0,59,'2019-03-06',2018),(716,300,'A',1,800,12,200,'D',0,NULL,300,68,'2019-03-06',2018),(717,300,'A',1,600,12,300,'C',0,NULL,0,66,'2019-03-06',2018),(718,300,'A',1,800,12,200,'D',0,NULL,300,63,'2019-03-06',2018),(719,300,'A',1,400,12,100,'E',0,NULL,0,69,'2019-03-06',2018),(720,300,'A',1,700,12,200,'D',0,NULL,200,67,'2019-03-06',2018),(721,200,'A',1,200,12,0,NULL,0,NULL,0,40,'2019-03-06',2018),(722,200,'A',1,400,12,0,NULL,0,NULL,200,44,'2019-03-06',2018),(723,200,'A',1,200,12,0,NULL,0,NULL,0,41,'2019-03-06',2018),(724,200,'A',1,400,12,200,'D',0,NULL,0,48,'2019-03-06',2018),(725,200,'A',1,200,12,0,NULL,0,NULL,0,47,'2019-03-06',2018),(726,200,'A',1,1500,12,300,'C',500,'A',500,46,'2019-03-06',2018),(727,200,'A',1,200,12,0,NULL,0,NULL,0,43,'2019-03-06',2018),(728,200,'A',1,300,12,100,'E',0,NULL,0,49,'2019-03-06',2018),(729,200,'A',1,400,12,0,NULL,0,NULL,200,45,'2019-03-06',2018),(730,200,'A',1,1600,12,400,'B',0,NULL,1000,4,'2019-03-06',2018),(731,200,'A',1,1000,2,0,NULL,500,'A',300,81,'2019-03-06',2019),(732,200,'A',1,300,2,100,'E',0,NULL,0,96,'2019-03-06',2019),(733,200,'A',1,600,2,100,'E',300,'C',0,85,'2019-03-06',2019),(734,200,'A',1,800,2,0,NULL,300,'C',300,82,'2019-03-06',2019),(735,200,'A',1,400,2,100,'E',0,NULL,100,90,'2019-03-06',2019),(736,200,'A',1,800,2,0,NULL,500,'A',100,86,'2019-03-06',2019),(737,200,'A',1,600,2,100,'E',300,'C',0,77,'2019-03-06',2019),(738,200,'A',1,1000,2,200,'D',400,'B',200,83,'2019-03-06',2019),(739,200,'A',1,300,2,100,'E',0,NULL,0,78,'2019-03-06',2019),(740,300,'A',1,400,2,100,'E',0,NULL,0,70,'2019-03-06',2019),(741,300,'A',1,1000,2,100,'E',300,'C',300,64,'2019-03-06',2019),(742,300,'A',1,800,2,300,'C',0,NULL,200,61,'2019-03-06',2019),(743,300,'A',1,400,2,100,'E',0,NULL,0,60,'2019-03-06',2019),(744,300,'A',1,500,2,100,'E',0,NULL,100,71,'2019-03-06',2019),(745,300,'A',1,800,2,300,'C',0,NULL,200,65,'2019-03-06',2019),(746,300,'A',1,700,2,100,'E',300,'C',0,62,'2019-03-06',2019),(747,300,'A',1,1000,2,200,'D',500,'A',0,59,'2019-03-06',2019),(748,300,'A',1,900,2,300,'C',0,NULL,300,68,'2019-03-06',2019),(749,300,'A',1,1100,2,300,'C',500,'A',0,66,'2019-03-06',2019),(750,300,'A',1,1100,2,500,'A',0,NULL,300,63,'2019-03-06',2019),(751,300,'A',1,500,2,100,'E',0,NULL,100,69,'2019-03-06',2019),(752,300,'A',1,800,2,300,'C',0,NULL,200,67,'2019-03-06',2019),(753,200,'A',1,200,2,0,NULL,0,NULL,0,40,'2019-03-06',2019),(754,200,'A',1,200,2,0,NULL,0,NULL,0,44,'2019-03-06',2019),(755,200,'A',1,200,2,0,NULL,0,NULL,0,41,'2019-03-06',2019),(756,200,'A',1,200,2,0,NULL,0,NULL,0,48,'2019-03-06',2019),(757,200,'A',1,200,2,0,NULL,0,NULL,0,47,'2019-03-06',2019),(758,200,'A',0,1500,2,300,'C',500,'A',500,46,'2019-03-06',2019),(759,200,'A',1,200,2,0,NULL,0,NULL,0,43,'2019-03-06',2019),(760,200,'A',1,500,2,300,'C',0,NULL,0,49,'2019-03-06',2019),(761,200,'A',1,500,2,300,'C',0,NULL,0,45,'2019-03-06',2019),(762,200,'A',0,1500,2,500,'A',0,NULL,800,4,'2019-03-06',2019);
/*!40000 ALTER TABLE `t_assessment` ENABLE KEYS */;
UNLOCK TABLES;

--
-- Table structure for table `t_comment`
--

DROP TABLE IF EXISTS `t_comment`;
/*!40101 SET @saved_cs_client     = @@character_set_client */;
/*!40101 SET character_set_client = utf8 */;
CREATE TABLE `t_comment` (
  `commentId` int(11) NOT NULL AUTO_INCREMENT,
  `content` varchar(255) COLLATE utf8_unicode_ci DEFAULT NULL,
  `timestamp` bigint(20) DEFAULT NULL,
  `user_userId` int(11) DEFAULT NULL,
  `weekly_weeklyId` int(11) DEFAULT NULL,
  PRIMARY KEY (`commentId`),
  KEY `FK_psqmcau7qjmxjupqln6jni4t1` (`user_userId`),
  KEY `FK_m9p1te2xd955a7ax4d0cad0sk` (`weekly_weeklyId`),
  CONSTRAINT `FK_m9p1te2xd955a7ax4d0cad0sk` FOREIGN KEY (`weekly_weeklyId`) REFERENCES `t_weekly` (`weeklyId`),
  CONSTRAINT `FK_psqmcau7qjmxjupqln6jni4t1` FOREIGN KEY (`user_userId`) REFERENCES `t_user` (`userId`)
) ENGINE=InnoDB DEFAULT CHARSET=utf8 COLLATE=utf8_unicode_ci;
/*!40101 SET character_set_client = @saved_cs_client */;

--
-- Dumping data for table `t_comment`
--

LOCK TABLES `t_comment` WRITE;
/*!40000 ALTER TABLE `t_comment` DISABLE KEYS */;
/*!40000 ALTER TABLE `t_comment` ENABLE KEYS */;
UNLOCK TABLES;

--
-- Table structure for table `t_conference`
--

DROP TABLE IF EXISTS `t_conference`;
/*!40101 SET @saved_cs_client     = @@character_set_client */;
/*!40101 SET character_set_client = utf8 */;
CREATE TABLE `t_conference` (
  `id` int(11) NOT NULL AUTO_INCREMENT,
  `content` longtext COLLATE utf8_unicode_ci,
  `timestamp` bigint(20) DEFAULT NULL,
  `userName` varchar(255) COLLATE utf8_unicode_ci DEFAULT NULL,
  PRIMARY KEY (`id`)
) ENGINE=InnoDB AUTO_INCREMENT=49 DEFAULT CHARSET=utf8 COLLATE=utf8_unicode_ci;
/*!40101 SET character_set_client = @saved_cs_client */;

--
-- Dumping data for table `t_conference`
--

LOCK TABLES `t_conference` WRITE;
/*!40000 ALTER TABLE `t_conference` DISABLE KEYS */;
INSERT INTO `t_conference` VALUES (39,'1、外籍专家护照扫描件；2、微信公众平台＂周报＂＂考核＂的网页功能改进，＂子任务＂；3、设备釆购月底确定；4、LNG专利我们申请，转让绿源；5、申博报销版面费3篇，验收后再奖励；6、3D创新团队子项目验收，5月交总结，吴以凡负责流程；7、523人机物联做铜牌，学院报销；8、燃料动力费8万，吴以凡调预算',1457924636000,'戴国骏，张桦，吴以凡'),(42,'回顾：1、会议申请已交，本周问批复结果，联系会议承办宾馆；2、微信修改沈方瑶带领3个本科生；3、周丽说15一16今年一起报，嘉兴一起考虑；4、创新团队总结报告本周出；5、铜牌等1亿下来；本周：1、仇建负责WSN创新团队的总结，4月1日；2、吴以凡负责3D创新团队验收流程，4月底收总结报告；3、周一抽时间评论周报；4、研究生论文奖励机制不变，会议回来后按规定奖励胡译丹；5、周五实验室面试分2批进行；6、打印机提供一台旧的给3教，硒鼓和纸自己负责。7、325请创新实践的学生进入，研三学生写论文可以下去。',1458530951000,'戴国骏，张桦，吴以凡'),(43,'回顾：1、会议补交材料；2、创新团队总结报告模版已发；3、仇建报告4月1号可以完成，但网上申报需要作证材料太多，申请延期；4、吴以凡创新团队时间节点已确定；本周：1、继续补交会议材料；2、仇建收集创新团队作证材料；3、研究生新生联系，并确定名单；4、采购设备需要确定',1459133927000,'戴国骏，张桦，吴以凡'),(44,'1、李强可能请财务处进行子项目切分？2、申请按严义团队方法进行调帐；3、总项目中的钱划分到各子项目后，总项目中的钱还是不符合规定！4、需要将子项目的经费预算调高，把总项目的经费分拔到各子项目，是否可行？科技处一＞财务处；5、周五找英杰会计师事务所咨询，之前需要把材料整理出来，任务书，学校预算，3年总项目的大类列出；\r\n',1460352254000,'戴国骏，张桦，吴以凡'),(46,'1、本周五举行低剂量会议，戴老师实验室介绍，周文晖项目介绍，张桦准备会议签到表，通知相关研究生参加会议，会议地点523，时间待定（戴老师预约），报销内容（会议场租+专家机票）；2、去年12月底的差旅费报销需要重新调整到其他各个项目，低剂量项目中尽量只放项目成员的差旅报销；3、微信人机物联平台已经启用自己的主体，请重新绑定；4、物联网创新团队的审计，会计师事务所的建议是“必须把每一笔经费重新划拨到各个子项目中”，戴老师给林芳电话联系，仇建重新打个报告，请科技处盖章，说明根据科技处文件，需要将总项目经费划分到各个子项目；5、3D创新团队，任务书已经扫描完毕，张桦备份，校外项目没有进行经费划拨的，须写申请经费在校内是用，外单位自筹经费可以用执行期间的设备费来顶；6、低剂量要延期半年，张桦查一下如何延期；7、戴老师信用卡查1500美金的账单（已完成）；8、戴老师查infocom的invoice邮件（没有收到）\r\n',1460974265000,'戴国骏，张桦，吴以凡'),(47,'1、财务调整申请好了，今天找周处；2、总结报告本周递交一部分，下周修改；3、财务问题需要确认的有：（1）机票用公务卡怎么购买？没有pose机刷卡记录（2）材料费如果在淘宝买，如何购买？（3）携程预定宾馆，发票如果是携程怎么办；4、国际合作基金成员：吴以凡，周文晖，张桦，仇建，申报材料戴老师定提纲，吴以凡整理，张桦辅助；5、设备采购预约，本周三上午或者下周；6、微信公众平台已毕业人员在家园里如何安置，设置反馈意见的入口；7、怀相的设备，戴老师设备表格发给张翔自查',1462772333000,'戴国骏，张桦，吴以凡'),(48,'1、周一上午10点例会。2、创新团队验收：财务调预算的申请要递交。低剂量项目：延期申请要递交，经费有张桦从系统导出，美国经历工作由周文晖提供。财务预算要调整，包括会议费和燃料动力费。3、采购：是否可以采购低剂量X光机（无法放在学校，作为固定资产）；张桦调研高通的物联网平台，是否要购买？Nvidia的显卡，以及高性能PC机。4、研究方向讨论：机器学习（深度学习），大数据（工业大数据），VR/AR，脑电（时间序列的大数据）。5、学校考核指标点：本科生写专利B，经费以参与别人项目的形式。6、鸟笼讨论：用运动捕捉系统+建模，动漫方向？。8、周二上午3-4节新生见面会。',1473819299000,'戴国骏，张桦，吴以凡');
/*!40000 ALTER TABLE `t_conference` ENABLE KEYS */;
UNLOCK TABLES;

--
-- Table structure for table `t_mission`
--

DROP TABLE IF EXISTS `t_mission`;
/*!40101 SET @saved_cs_client     = @@character_set_client */;
/*!40101 SET character_set_client = utf8 */;
CREATE TABLE `t_mission` (
  `missionId` int(11) NOT NULL AUTO_INCREMENT,
  `acceptance` varchar(255) COLLATE utf8_unicode_ci DEFAULT NULL,
  `detail` longtext COLLATE utf8_unicode_ci,
  `endTime` varchar(255) COLLATE utf8_unicode_ci DEFAULT NULL,
  `startTime` varchar(255) COLLATE utf8_unicode_ci DEFAULT NULL,
  `status` int(11) DEFAULT NULL,
  `title` varchar(255) COLLATE utf8_unicode_ci DEFAULT NULL,
  `type` varchar(255) COLLATE utf8_unicode_ci DEFAULT NULL,
  `principal_userId` int(11) DEFAULT NULL,
  `instructor_userId` int(11) DEFAULT NULL,
  `project_projectId` int(11) DEFAULT NULL,
  PRIMARY KEY (`missionId`),
  KEY `FK_revup0bf5wqmbcisyumvtumbc` (`instructor_userId`),
  KEY `FK_fl31uxhvndowcacxfpoighna2` (`principal_userId`),
  KEY `FK_tp3fwghlsouswsahr9rmynh39` (`project_projectId`),
  CONSTRAINT `FK_fl31uxhvndowcacxfpoighna2` FOREIGN KEY (`principal_userId`) REFERENCES `t_user` (`userId`),
  CONSTRAINT `FK_revup0bf5wqmbcisyumvtumbc` FOREIGN KEY (`instructor_userId`) REFERENCES `t_user` (`userId`),
  CONSTRAINT `FK_tp3fwghlsouswsahr9rmynh39` FOREIGN KEY (`project_projectId`) REFERENCES `t_project` (`projectId`)
) ENGINE=InnoDB AUTO_INCREMENT=153 DEFAULT CHARSET=utf8 COLLATE=utf8_unicode_ci;
/*!40101 SET character_set_client = @saved_cs_client */;

--
-- Dumping data for table `t_mission`
--

LOCK TABLES `t_mission` WRITE;
/*!40000 ALTER TABLE `t_mission` DISABLE KEYS */;
INSERT INTO `t_mission` VALUES (6,'所有文章进行整理归档，调研结果形成PPT进行汇报，包括重建结果是什么？目前是否有评价方式？如果有，有哪些？什么人什么时间实现的？如何实现评价？','1、学习师兄师姐论文，熟悉三维重建的过程，学习3教动态光场的操作；2、掌握三维重建模型的结果表现形式；3、检索相关论文，了解现有模型质量评价的方法。目标：所有文章进行整理归档，调研结果形成PPT进行汇报，包括重建结果是什么？目前是否有评价方式？如果有，有哪些？什么人什么时间实现的？如何实现评价？','2016-04-30','2016-03-01',0,'三维重建模型的结果表现形式以及质量评价调研','纵向项目',4,5,5),(9,'1、申请发明专利1项；2、投稿ICCISP 2016会议论文1篇','基于边缘复杂的3DHEVC视频编码快速算法研究','2016-04-30','2016-03-10',0,'3DHEVC视频编码快速算法',NULL,20,5,7),(10,'所有文章进行整理归档，调研结果形成PPT进行汇报，包括三维模型的复杂度是什么？目前是否有计算方法？如果有，有哪些？什么人什么时间实现的？如何实现计算？',' 学习三维模型重建的过程（师兄师姐的论文，熟悉重建的流程），检索相关论文，如何来评判和计算三维模型的复杂度？表现方式是什么？','2016-04-30','2016-03-10',0,'三维模型的复杂度计算和表现方式','纵向项目',18,5,5),(14,'输出不同占空比的PWM波形，控制敲响钢琴的力度','利用STM32核心板+功率驱动板，输出PWM波形，敲响钢琴','2016-03-30','2016-03-10',1,'单键原型系统',NULL,13,5,13),(15,'PPT总结移植WAVE协议的可行性','学习WAVE协议，分析移植WAVE协议的可行性，购买符合WAVE协议移植条件的网卡','2016-03-30','2016-03-10',1,'WAVE协议研究',NULL,21,16,11),(16,'','阅读现有系统的协议，制定新系统协议','2016-04-10','2016-03-10',1,'与服务器协议制定',NULL,10,5,12),(21,'可行性分析报告','评估Freescale i.max6ul开发板资源是否符合i-Key开发','2016-03-30','2016-03-10',1,'i-Key',NULL,6,5,20),(22,'可行性分析报告','评估teseo3是否能实现TCU的所有功能','2016-03-30','2016-03-10',1,'新型TCU',NULL,6,5,20),(24,'功能实现','1、项目需要以列表形式，点入进详情（黄海兴）；2、新建项目时设定验收目标（黄海兴）；3、增加会议纪要（岳克远）；4、自动讲子任务负责人添加到总任务完成人列表中（潘鹏飞）','2016-03-18','2016-03-10',0,'项目管理及会议纪要',NULL,4,16,23),(26,'实现网络调试助手和SSH客户端功能，完成一篇软著。','MoblibeShell是方便嵌入式WiFi模块调试、网络调试，远程服务器连接的工具。','2016-04-10','2016-03-10',1,'Android MoblibeShell软件开发',NULL,13,5,25),(27,'给出一份协议初级版本，并根据此协议完成一份客户端/服务器demo（客户端原本是嵌入式WiFi模块，可以用Socket进程模拟）','设备-网关交互协议设计，Python Flask框架学习','2016-04-10','2016-03-10',0,'设备-网关交互协议设计，Python Flask框架学习',NULL,6,5,25),(28,'完成上述指标','给出网关数据库E-R模型，视图设计，关系及属性。并根据此设计，写一份服务器操作设计的数据库的demo','2016-04-10','2016-03-10',0,'网关数据库设计',NULL,10,5,25),(29,'完成上述指标','使用此框架搭建静态服务器。设计后台服务器数据库E-R模型，视图设计，关系及属性。并据此设计写一份数据库操作demo','2016-04-10','2016-03-10',0,'java SSH服务器框架学习，数据库设计学习',NULL,8,5,25),(32,'小论文发表','','2019-03-11','2014-03-11',0,'lp实时调度',NULL,15,7,30),(34,NULL,'','2016-12-31','2016-01-01',0,'fm前端',NULL,4,16,33),(36,'1、提交调研报告，PPT介绍；2、协助撰写南太湖精英计划申报书','阅读“工业大数据”基金的申请书，调研相关领域，确定研究课题的切入点。协助戴老师申报南太湖精英计划。','2016-03-30','2016-03-11',0,'工业大数据项目调研',NULL,12,16,35),(38,'1、提交调研报告，PPT介绍；2、分阶段项目计划，4-6月份，7-9月份，10-12月份。','阅读项目申请书和相关领域文献，寻找兴趣爱好的研究点，并对后期任务做相应规划。','2016-03-31','2016-03-11',0,'项目调研',NULL,14,16,37),(39,'1、提交调研报告，PPT介绍；2、分阶段项目计划，4-6月份，7-9月份，10-12月份。','阅读项目申请书和相关领域文献，寻找兴趣爱好的研究点，并对后期任务做相应规划。','2016-03-30','2016-03-11',0,'了解统计模型及算法',NULL,9,22,37),(41,NULL,'Iccv2013论文，并实现基本程序','2016-03-30','2016-03-11',0,'基于多线索融合的光场图像深度估计(读论文和程序)',NULL,11,16,40),(42,NULL,'程序实现','2016-03-31','2016-03-11',0,'基于多线索的光场深度图估计',NULL,19,16,40),(49,'递交PLC的替换方案','阅读现有LNG项目的所有设计文档，评估PLC的替换方案','2016-03-18','2016-03-14',1,'PLC替换',NULL,21,5,12),(50,'请小朋友进行BUG修改','1、将子项目改为子任务；2、点周报后，学生进行周报填写，老师则可以进行周报查看；3、点考核后，老师进行月报考核，学生则可以查看考核结果，且只能查看自己的考核结果；4、除老师外，学生不能查看会议纪要；5、xx考核改为具体名字','2016-03-20','2016-03-14',0,'子项目改为子任务',NULL,4,16,23),(51,'递交器件列表','列出需要绿源提供的外部控制器件，学习路径规划的论文','2016-03-27','2016-03-21',1,'列出需要绿源提供的外部控制器件',NULL,21,5,12),(56,'1、PWM底层驱动；2、PC机上动态调试参数软件，并调出合适的8级力度参数；3、将两只老虎等简谱Demo弹出不同的力度','1、8级力度的单键弹奏；2、有力度控制的简谱演奏','2016-07-31','2016-04-05',1,'有力度控制的简谱演奏','实验室项目',13,5,13),(57,'完成与服务器通讯','根据上月制定协议，完成编码工作，考虑代码远程更新功能','2016-05-20','2016-04-05',1,'RTU与服务器通讯协议编码实现','横向项目',10,5,12),(58,'代码','阅读现有RTU代码，增加由于PLC替换后产生的业务逻辑代码；阅读现在PU代码，考虑由于PU新增控制功能，需增加的代码。','2016-06-30','2016-04-05',1,'RTU业务流程编码','横向项目',21,5,12),(59,'','1，考核要能修改；2，要有保存和提交2种功能，老师点提交后学生才可见，光保存学生不可见；3，其他提出问题','2016-04-15','2016-04-05',0,'考核功能修改','实验室项目',4,16,23),(60,'1、评估利用环物系统进行三维建模的可行性，提交可行性报告，包括对建模算法的过程描述\r\n2、搜索EVPH和MVS的源码\r\n','检索和阅读三维建模典型方法的论文；寻找采用与实验室环物系统相近拍摄方法的三维建模算法；国际上相关实验室是否有open的算法？是否能用在我们的环物系统上？鸟笼的重建方法能否用在环物系统上？','2016-06-30','2016-04-07',0,'三维建模的方法调研','纵向项目',8,5,5),(62,'验收报告','1、确定提纲后，根据维真专利及创新实践的成果，整理验收报告。2、修改验收报告，增加屏幕相关部分的技术描述\r\n','2016-05-31','2016-04-08',0,'三维立体显示关键技术研究及大屏幕裸眼三维立体显示系统研究示范','纵向项目',18,5,61),(63,'验收报告','1、项璐露，戈豪豪提供材料，指导王烁完成。2、修改报告','2016-05-31','2016-04-08',0,'三维视频编码及传输关键技术研究和系统示范','纵向项目',20,5,61),(64,'验收报告','1、根据章清风论文整理，2、修改报告','2016-04-20','2016-04-08',0,'三维海量数据快速采集、存储和处理研究模式探索','纵向项目',8,5,61),(65,'验收报告','1、指导陈帅完成。2、完成软件检测。3、修改验收报告，增加模型打印的结果等。','2016-05-31','2016-04-08',0,'三维打印系统的三维模型信息获取技术研究','纵向项目',10,5,61),(66,'可以修改代码，编译，烧写；找到显示屏，蓝牙等底层驱动代码位置','交叉编译，底层驱动评估','2016-05-31','2016-04-08',1,'Freescale i.max6ul BSP评估','横向项目',6,5,20),(70,'1.一键配网协议栈开发；2.一键配网功能的Android端java实现；3.一键配网功能智能硬件端的C语言实现；（第3点实现起来繁琐一点，需要修改wifi芯片厂商提供的SDK源码），考核以前2点为主，第三点的时间比较长。','在智能硬件未联网的情况下，实现手机向智能硬件推送WiFi SSID和密码等信息，使得智能硬件可以联网','2016-06-16','2016-04-29',1,'Android一键配网功能开发','纵向项目',13,5,25),(71,'','阅读胡斌师兄的论文，看代码，查阅医学图像分割的论文，查找算法和源码','2016-06-30','2016-05-05',0,'医学图像分割','纵向项目',14,22,37),(72,'软著1篇，专利1项','基于DCT的3DHEVC视频编码快速算法研究','2016-06-30','2016-05-05',0,'基于DCT的3DHEVC视频编码快速算法研究','纵向项目',20,5,7),(73,'','阅读胡斌师兄的论文等，查阅医学图像数据库，查阅3大顶级医学会议的最新研究成果，Challenge项目等','2016-06-30','2016-05-05',0,'医学图像数据库','纵向项目',13,22,37),(74,'','查阅统计模型相关论文','2016-06-30','2016-05-05',0,'骨骼的统计模型','纵向项目',9,22,37),(75,'','查阅统计模型论文','2016-06-30','2016-05-05',0,'骨骼的统计模型','纵向项目',10,22,37),(76,'','语音，IPV6，LTE功耗等','2016-05-31','2016-04-01',1,'Otocol项目扫尾','横向项目',6,5,20),(77,'1、软著1项，2、专利1个，3、论文初稿1篇','查找三维模型感兴趣点提取的数据库，学起已有源码的提取方法，实现文献中他人的提取方法，提出自己的提取方法。\r\n1、监督林欣楠等完成3D-Harris的实验结果调试；\r\n2、弄清楚评价方法的原理；\r\n3、弄清楚其他几种比较方法的原理；\r\n4、看看可以改进什么？最好是基于matlab的方法，方便调试\r\n5、搜一下还有其他更新的方法吗？','2016-12-30','2016-05-05',1,'三维显著模型和感兴趣点提取','纵向项目',18,5,5),(78,'PPT汇报学习情况，搭建立体图像质量评价方法的平台，专利一项，软著一项，论文准备工作（实验数据准备）\r\n完成论文初稿一篇','阅读王婧师姐的论文，下载相关评价数据库，下载其他文献中提到方法的源码。实现一种自己的方法！\r\n1、弄清楚评价方法的原理；\r\n2、确定几种需要比较的方法，请杨仁斌协助完成比较算法的实验；\r\n3、看看有什么需要改进的；\r\n4、提出一种自己的方法；','2016-11-30','2016-05-05',1,'立体图像质量评价(深度)','纵向项目',4,5,5),(79,'代码远程更新的example，ZBOX板子本身代码更新，实现PLC代码远程更新','根据例子程序，实现代码远程更新','2016-09-30','2016-05-05',1,'代码远程更新--原理测试','横向项目',6,5,12),(80,'','与杭州松下的工程师联系，调研松下PLC与RTU通讯的接口，协议','2016-05-13','2016-05-05',1,'松下PLC调研','横向项目',13,5,12),(81,'','1、考核模块和周报模块里“武奎俊”去除；2、请各位同学的照片脑袋拍大点，要正，不要90度旋转的；3、在家园里增加对各位同学的简介，能放大照片；4、在家园里按毕业届数添加已毕业师兄师姐的照片和简介；5、增加反馈意见的入口\r\n','2016-05-31','2016-05-09',1,'已毕业师兄师姐模块','实验室项目',4,5,23),(82,'','计算广告学，就是用大量数据计算，向用户有效的推送广告。任务是搭建这样的系统吧。计算广告也属于大数据的范围。','2016-05-20','2016-05-01',0,'计算广告学相关背景和逻辑掌握','纵向项目',12,16,35),(83,'','','2016-06-30','2016-05-21',0,'计算广告学（数据处理）关键技术和工具使用','纵向项目',12,16,35),(84,'','','2016-08-31','2016-07-01',0,'计算广告学系统搭建和算法实现','纵向项目',12,16,35),(86,'PPT汇报','检索压缩感知的基础知识，评估是否可以将该理论用于我们的建模思想','2016-06-30','2016-05-30',0,'压缩感知采样理论','纵向项目',8,5,5),(87,'1、485接口实现MODBUS通讯；2、GPRS发送数据；3、GPS定位；4、SD卡存储；5、与服务器远程通讯；6、长时间上电测试；7、板子稳定性测试','从485接收流量计数据的方式，进行存储和转发，与服务器后台程序联调','2016-06-30','2016-05-30',1,'ZBOX编程','横向项目',10,5,12),(88,'ZBOX与德清三原色的松下PLC联调，完成切割机参数的上传；ZBOX与绍兴流量计联调，上传到成都服务器；ZBOX与LNG的PLC联调，上传到成都服务器。','主要是将工作指导陈帅完成！！！','2016-07-31','2016-07-01',1,'ZBOX与PLC等联调','横向项目',10,5,12),(89,'切割机的前端页面访问，需要接收好几台切割机的数据','主要是指导沈敏儿，再外加本科生','2016-07-30','2016-07-01',1,'ZBOX的前端页面访问——测试版本','横向项目',4,5,12),(91,'1、弄清楚评价的原理；\r\n2、实现至少一种以上的比较算法','协助沈方瑶师姐完成评价的比较算法实现，资料查阅','2016-10-31','2016-09-26',1,'立体图像质量评价比较算法的检索和实验','纵向项目',43,5,5),(92,'大论文','大论文，如果时间宽裕，可以考虑将第2种方法，写成英文。','2016-12-31','2016-09-26',0,'论文','纵向项目',20,5,7),(93,'大论文','将嵌入式部分为主要内容，写成大论文，近期要讨论一下题目','2016-12-31','2016-09-26',0,'李成麒论文','横向项目',21,5,12),(94,'多块STM32板能单独控制相应的琴键，按照设定的8级力度敲击。','基于STM32的驱动和程序编写调试\r\n每周监督王长衡的进度，将i.mx287的调试进度，写到周报里','2016-10-31','2016-09-26',0,'基于STM32的8级力度琴键敲击控制测试','实验室项目',47,5,13),(95,'在PC机上，完成MIDI文件的解析，并制定自己的传输协议，将MIDI文件翻译成自己的传输语言，可以发送给STM32。','在PC机上，制作软件，用于解析和翻译MIDI文件，并制定相应的传输协议。','2016-10-31','2016-09-26',0,'MIDI文件的解析和翻译','实验室项目',40,5,13),(96,'完成基于mbedos的LNG代码重构，完成组内人员对代码的review','完成基于mbedos的LNG代码重构','2016-10-31','2016-09-26',0,'基于mbedos的LNG代码重构','横向项目',48,5,12),(97,'1、现场调试，包括多485设备组网；2、LNG代码完善','1、“非数字”漏数据上传的BUG；2、加SD卡存储和闲时发送机制；3、开机时间缩短；4、Ublox模式重启','2016-10-31','2016-09-26',0,'现场调试和LNG代码完善','横向项目',46,5,12),(98,'抄袭绿源网站，搭建我们自己的LNG后台。','联系黄海兴、沈方瑶，学习后台建设的相关知识。','2016-10-31','2016-09-26',0,'LNG项目的后台搭建——数据接收和显示','横向项目',41,7,12),(99,'抄袭绿源前端，搭建我们自己的LNG前端页面','主要完成数据接收和显示','2016-10-31','2016-09-26',0,'LNG项目的前端页面搭建——数据接收和显示','横向项目',45,7,12),(100,'项目管理、任务分配、监督其他小伙伴的进度。\r\n配合完成绿源项目的验收。','项目管理、任务分配、监督其他小伙伴的进度。','2016-10-31','2016-09-26',0,'LNG项目的嵌入式部分管理','横向项目',6,5,12),(101,'项目管理、任务分配','联系黄海兴，指导沈敏儿搭建前端，指导陈帅接收后台','2016-10-31','2016-09-26',0,'LNG项目的前后端管理','横向项目',4,7,12),(103,'大论文','','2016-12-31','2016-09-26',0,'戈豪豪大论文','实验室项目',9,5,102),(104,'','','2016-09-30','2016-09-01',1,'高效机器学习方法的运用研究','实验室项目',12,16,35),(105,'完成服务器购置、系统安装、软件系统安装和调试','服务器购置、系统安装、软件系统安装和调试','2016-10-31','2016-09-01',0,'深度学习平台搭建 (方俊鹏)','纵向项目',13,22,37),(106,'完成服务器购置、系统安装、软件系统安装和调试','服务器购置、系统安装、软件系统安装和调试','2016-10','2016-09',0,'深度学习平台搭建','纵向项目',44,22,37),(107,'Spine图像分割数据库调研和算法调试','Spine图像分割数据库调研和算法调试','2016-10','2016-09',0,'Spine图像分割数据库调研和算法调试','纵向项目',14,22,37),(108,'深度学习在医学三维模型中应用调研','深度学习在医学三维模型中应用调研','2016-10','2016-09',0,'深度学习在医学三维模型中应用调研','纵向项目',10,22,37),(109,'完成full flow算法学习','光场光流算法学习','2016-10','2016-09',0,'光场光流算法学习','纵向项目',11,22,40),(110,'实现现有稀疏算法，重构算法及架构，并进行比较，包括重构质量及性能，为提出自己算法奠定基础。','质量及性能比较结果','2016-10-30','2016-09-29',1,'压缩感知算法实现','纵向项目',8,5,5),(117,'完成深度平台搭建','学习深度平台和架构，完成搭建','2016-11-30','2016-11-07',0,'深度学习平台建设（梁）','横向项目',49,22,37),(118,NULL,NULL,'2020-10-31','2017-09-01',1,'e电车',NULL,59,5,104),(119,NULL,NULL,'2020-10-31','2017-09-01',1,'立体匹配',NULL,63,5,104),(120,NULL,NULL,'2020-10-31','2017-09-01',1,'e电车pc设置',NULL,61,5,104),(121,NULL,NULL,'2017-10-31','2017-09-01',1,'智能车',NULL,66,5,104),(122,NULL,NULL,'2017-10-31','2017-09-01',1,'智能阀',NULL,65,5,104),(123,NULL,NULL,'2017-10-31','2017-09-15',1,'后台组2',NULL,62,5,104),(124,NULL,NULL,'2017-10-31','2017-09-15',1,'后台组1','实验室项目',64,5,104),(125,NULL,NULL,'2017-10-15','2017-09-15',1,'3d感兴趣点',NULL,67,5,104),(126,NULL,NULL,'2017-10-31','2017-09-15',1,'后台组3','实验室项目',68,5,104),(127,NULL,NULL,'2017-10-31','2017-09-15',1,'待定1','实验室项目',69,5,104),(128,NULL,NULL,'2017-10-31','2017-09-15',1,'待定2','实验室项目',60,5,104),(129,NULL,NULL,'2017-10-31','2017-09-15',1,'视觉1','实验室项目',70,22,104),(130,NULL,NULL,'2017-10-31','2017-09-15',1,'视觉2','实验室项目',71,22,104),(131,NULL,NULL,'2022-12-31','2018-07-01',1,'自动驾驶','实验室项目',77,5,106),(132,NULL,NULL,'2022-12-31','2018-07-01',1,'自动焊接','横向项目',86,5,106),(133,NULL,NULL,'2022-12-31','2018-07-01',1,'后台开发','实验室项目',85,7,106),(134,NULL,NULL,'2022-12-31','2018-07-01',1,'机器学习1','纵向项目',83,16,106),(136,NULL,NULL,'2022-12-31','2018-07-01',1,'机器学习2','纵向项目',90,16,106),(137,NULL,NULL,'2022-12-31','2018-07-01',1,'目标探测与识别','纵向项目',82,5,106),(138,NULL,NULL,'2022-12-31','2018-07-01',1,'工业网关','横向项目',81,16,106),(139,NULL,NULL,'2022-12-31','2018-07-01',1,'嵌入式开发','横向项目',79,5,106),(140,NULL,NULL,'2022-12-31','2018-07-01',1,'计算机视觉1','纵向项目',78,22,106),(141,NULL,NULL,'2022-12-31','2018-07-01',1,'脑电','纵向项目',80,16,106),(142,NULL,NULL,'2025-12-31','2018-06-01',1,'抑郁症','实验室项目',4,5,107),(143,NULL,NULL,'2022-12-31','2018-01-01',1,'WSN','实验室项目',45,5,107),(144,NULL,NULL,'2023-12-31','2018-01-01',1,'视觉','实验室项目',49,22,107),(145,NULL,NULL,'2021-12-31','2018-01-01',1,'3DHEVC','实验室项目',43,5,107),(146,NULL,NULL,'2026-12-31','2018-01-01',1,'硬件','实验室项目',46,5,107),(147,NULL,NULL,'2022-12-31','2018-01-01',1,'无线传感网','实验室项目',47,39,107),(148,NULL,NULL,'2022-12-31','2018-01-01',1,'多媒体硬件','实验室项目',48,5,107),(149,NULL,NULL,'2022-12-31','2018-01-01',1,'连接器平台','实验室项目',41,5,107),(150,NULL,NULL,'2020-12-31','2018-01-01',1,'服务器平台','实验室项目',40,7,107),(151,NULL,NULL,'2021-12-31','2018-01-01',1,'自主驾驶','实验室项目',44,5,107),(152,NULL,NULL,'2021-12-31','2018-09-01',1,'视觉3','实验室项目',96,22,106);
/*!40000 ALTER TABLE `t_mission` ENABLE KEYS */;
UNLOCK TABLES;

--
-- Table structure for table `t_notice`
--

DROP TABLE IF EXISTS `t_notice`;
/*!40101 SET @saved_cs_client     = @@character_set_client */;
/*!40101 SET character_set_client = utf8 */;
CREATE TABLE `t_notice` (
  `id` int(11) NOT NULL AUTO_INCREMENT,
  `content` longtext COLLATE utf8_unicode_ci,
  `date` varchar(255) COLLATE utf8_unicode_ci DEFAULT NULL,
  PRIMARY KEY (`id`)
) ENGINE=InnoDB AUTO_INCREMENT=8 DEFAULT CHARSET=utf8 COLLATE=utf8_unicode_ci;
/*!40101 SET character_set_client = @saved_cs_client */;

--
-- Dumping data for table `t_notice`
--

LOCK TABLES `t_notice` WRITE;
/*!40000 ALTER TABLE `t_notice` DISABLE KEYS */;
INSERT INTO `t_notice` VALUES (1,'请各位同学周一以前提交本周周报！','2016-03-11'),(2,'本周还有少量同学没有提交周报','2016-03-14'),(3,'同学们\r\n       金猴辞旧去，雄鸡迎春来.给您拜年，祝新春快乐、万事如意、阖家幸福！\r\n～谢谢\r\n戴国骏','2017-01-30'),(6,'春回大地，万象更新！\n\n祝小伙伴们：\n\n厚德载物、刻苦奋斗、天道酬勤！\n\n新春快乐，阖家幸福\n\n戴国骏\n\n己亥年初一','2019-02-05'),(7,'春回大地，万象更新！\n\n祝小伙伴们：\n\n厚德载物、刻苦奋斗、天道酬勤！\n\n新春快乐，阖家幸福\n\n戴国骏\n\n己亥年初一','2019-02-05');
/*!40000 ALTER TABLE `t_notice` ENABLE KEYS */;
UNLOCK TABLES;

--
-- Table structure for table `t_project`
--

DROP TABLE IF EXISTS `t_project`;
/*!40101 SET @saved_cs_client     = @@character_set_client */;
/*!40101 SET character_set_client = utf8 */;
CREATE TABLE `t_project` (
  `projectId` int(11) NOT NULL AUTO_INCREMENT,
  `acceptance` varchar(255) COLLATE utf8_unicode_ci DEFAULT NULL,
  `detail` longtext COLLATE utf8_unicode_ci,
  `endTime` varchar(255) COLLATE utf8_unicode_ci DEFAULT NULL,
  `startTime` varchar(255) COLLATE utf8_unicode_ci DEFAULT NULL,
  `status` int(11) DEFAULT NULL,
  `title` varchar(255) COLLATE utf8_unicode_ci DEFAULT NULL,
  `type` varchar(255) COLLATE utf8_unicode_ci DEFAULT NULL,
  `instructor_userId` int(11) DEFAULT NULL,
  `principal_userId` int(11) DEFAULT NULL,
  PRIMARY KEY (`projectId`),
  KEY `FK_dwikpn8axebly9ysnndxuu8vi` (`instructor_userId`),
  KEY `FK_k4x36srd85qh5u06mneo9gi1a` (`principal_userId`),
  CONSTRAINT `FK_dwikpn8axebly9ysnndxuu8vi` FOREIGN KEY (`instructor_userId`) REFERENCES `t_user` (`userId`),
  CONSTRAINT `FK_k4x36srd85qh5u06mneo9gi1a` FOREIGN KEY (`principal_userId`) REFERENCES `t_user` (`userId`)
) ENGINE=InnoDB AUTO_INCREMENT=108 DEFAULT CHARSET=utf8 COLLATE=utf8_unicode_ci;
/*!40101 SET character_set_client = @saved_cs_client */;

--
-- Dumping data for table `t_project`
--

LOCK TABLES `t_project` WRITE;
/*!40000 ALTER TABLE `t_project` DISABLE KEYS */;
INSERT INTO `t_project` VALUES (5,'专利2项，论文8篇','针对全景稀疏动态光场采集系统中表面不规则场景的获取问题，研究光场的非均匀采集方法，通过分析场景表示维度间的稀疏冗余特性，构建场景表面属性、摄像机部署、重建质量之间的关系模型，提出重建场景高保真复原的评价机制，在保证重建质量最优的前提下，最大化降低采集数据冗余度。','2018-12-31','2015-01-01',1,'表面不规则场景的光场非均匀采集方法研究（国家自然基金面上项目）','纵向项目',NULL,5),(7,'','3DHEVC视频快速算法的研究；目标：1、发表论文3篇；2、申请专利2项；3、申请软件著作权3项；4、系统检测报告1份；5、工作总结，技术报告；6、验收','2016-12-30','2012-06-01',0,'三维视频编码及传输关键技术研究和系统示范（创新团队子项目）','实验室项目',NULL,5),(11,'','硕士毕业课题，完成车辆定位算法，移植WAVE协议，搭建过路口辅助驾驶系统','2016-12-01','2016-03-01',0,'基于车辆定位的过路口辅助驾驶系统及其关键技术研究','实验室项目',NULL,5),(12,'','搭建LNG远程数据采集系统','2016-12-31','2016-03-10',0,'LNG项目','横向项目',NULL,5),(13,'','通过网络接收MIDI协议曲目，主板解析MIDI协议的歌曲，从板根据命令演奏钢琴','2016-12-30','2016-03-01',0,'智能钢琴','横向项目',NULL,5),(20,'','i-Key，新型TCU，Otocol项目扫尾等','2016-12-30','2016-03-03',0,'台湾项目','横向项目',NULL,5),(23,NULL,'创建人机物联微信公众号，管理项目，任务考核，以及文化建设','2016-06-30','2016-03-10',1,'“人机物联”微信公众号','实验室项目',NULL,5),(25,'','设计一种新型家居智能网关存储平台。致力于解决，物联网环境下不同硬件接口、数据协议的智能设备接入问题，设备引起的大数据存储、查询问题、异构数据协同问题、信息安全、设备安全问题。主要研究和工作内容如下：(1)设备硬件接口、数据协议研究分析；(2)基于嵌入式 Linux的智能网关开发；(3)分布式云平台设计开发；(4)智能网关安全保障系统、智能控制系统设计与开发；（5）WEB、手机 APP 等用户接口开发','2017-04-30','2016-02-23',0,'智能网关存储平台设计与应用(省新苗项目)','实验室项目',NULL,5),(30,'','','2019-03-11','2015-03-11',0,'lp实时调度','纵向项目',NULL,7),(33,'','','2016-12-31','2016-01-01',0,'fm财务管理系统','横向项目',NULL,7),(35,'','','2016-03-30','2016-03-11',1,'工业大数据（两化融合基金项目）','纵向项目',NULL,16),(37,'国际论文：5；含合著论文：1\r\n国内专刊：4；含国外专刊：1\r\n软著：2 原理样机：1\r\n人才培养 博士：2；硕士：15\r\n交流 来访：2；人次：2\r\n        出访：2；人次：2\r\n举办会议：国内：2；人次：5','完成基于统计模型的低剂量三维x光机','2017-04-30','2016-03-11',0,'低剂量X射线三维成像系统（国际合作项目）','纵向项目',NULL,16),(40,'','开展非结构化的透镜阵列真三维视频采集技术，实破透镜/微透镜阵列光场重绘的低空间和深度分辨率局限，实现从非结构化运动光场恢复结构的真三维模型重建。','2017-12-31','2016-03-11',0,'基于光场的真三维视频采集与生成','纵向项目',NULL,22),(61,'验收报告，PPT，答辩会要','验收报告，PPT，答辩会要','2016-05-30','2016-04-08',0,'创新团队子项目验收','实验室项目',NULL,5),(102,'小论文1篇，大论文1篇','','2016-12-31','2016-09-26',0,'立体匹配算法研究','实验室项目',NULL,5),(104,NULL,NULL,'2020-10-15','2017-09-15',1,'2017新生','实验室项目',5,5),(106,NULL,NULL,'2022-12-31','2018-07-01',1,'2018新生','实验室项目',5,5),(107,NULL,NULL,'2025-12-31','2018-03-01',1,'2016级','实验室项目',5,5);
/*!40000 ALTER TABLE `t_project` ENABLE KEYS */;
UNLOCK TABLES;

--
-- Table structure for table `t_relationship`
--

DROP TABLE IF EXISTS `t_relationship`;
/*!40101 SET @saved_cs_client     = @@character_set_client */;
/*!40101 SET character_set_client = utf8 */;
CREATE TABLE `t_relationship` (
  `id` int(11) NOT NULL AUTO_INCREMENT,
  `firstTeacherId` int(11) DEFAULT NULL,
  `secondTeacherId` int(11) DEFAULT NULL,
  `studentId` int(11) DEFAULT NULL,
  PRIMARY KEY (`id`)
) ENGINE=InnoDB DEFAULT CHARSET=utf8 COLLATE=utf8_unicode_ci;
/*!40101 SET character_set_client = @saved_cs_client */;

--
-- Dumping data for table `t_relationship`
--

LOCK TABLES `t_relationship` WRITE;
/*!40000 ALTER TABLE `t_relationship` DISABLE KEYS */;
/*!40000 ALTER TABLE `t_relationship` ENABLE KEYS */;
UNLOCK TABLES;

--
-- Table structure for table `t_user`
--

DROP TABLE IF EXISTS `t_user`;
/*!40101 SET @saved_cs_client     = @@character_set_client */;
/*!40101 SET character_set_client = utf8 */;
CREATE TABLE `t_user` (
  `userId` int(11) NOT NULL AUTO_INCREMENT,
  `eduStartDate` varchar(255) COLLATE utf8_unicode_ci DEFAULT NULL,
  `email` varchar(255) COLLATE utf8_unicode_ci DEFAULT NULL,
  `gender` varchar(255) COLLATE utf8_unicode_ci DEFAULT NULL,
  `graduate` varchar(255) COLLATE utf8_unicode_ci DEFAULT NULL,
  `level` varchar(255) COLLATE utf8_unicode_ci DEFAULT NULL,
  `name` varchar(255) COLLATE utf8_unicode_ci DEFAULT NULL,
  `no` varchar(11) COLLATE utf8_unicode_ci DEFAULT NULL,
  `qq` varchar(255) COLLATE utf8_unicode_ci DEFAULT NULL,
  `role` varchar(255) COLLATE utf8_unicode_ci NOT NULL,
  `tel` varchar(255) COLLATE utf8_unicode_ci DEFAULT NULL,
  `weChat` varchar(255) COLLATE utf8_unicode_ci DEFAULT NULL,
  `weChatId` varchar(255) COLLATE utf8_unicode_ci DEFAULT NULL,
  PRIMARY KEY (`userId`),
  UNIQUE KEY `UK_kmpcqafwpo2k0fflwyu1davbo` (`no`),
  KEY `UK_qeai06qptyevikaq9d1jgj5am` (`weChatId`)
) ENGINE=InnoDB AUTO_INCREMENT=103 DEFAULT CHARSET=utf8 COLLATE=utf8_unicode_ci;
/*!40101 SET character_set_client = @saved_cs_client */;

--
-- Dumping data for table `t_user`
--

LOCK TABLES `t_user` WRITE;
/*!40000 ALTER TABLE `t_user` DISABLE KEYS */;
INSERT INTO `t_user` VALUES (4,'2015-09-10','','woman','0','0','沈方瑶','151050034','','student','','','o7Bv0wE5oJ4fYCjoR5tm3Ozw_nQU'),(5,NULL,'zhangh@hdu.edu.cn','woman','0','1','张桦','41103','18413182','teacher','13777840698','','o7Bv0wDZnjsx7wxwDkwH1x7PM6fk'),(6,'2015-09-11','1615203348@qq.com','man','1','0','王华忠','152050105','1615203348','student','18868875332','','o7Bv0wDsUaunVAi285qJDMDmUDWw'),(7,NULL,'yfwu@hdu.edu.cn',NULL,'0','0','吴以凡','41197',NULL,'teacher',NULL,NULL,'o7Bv0wJw3xDq_sxr2WfyYRZ7N1l4'),(8,'2015-09-01','yangningkai@qq.com','man','1','0','阳宁凯','151050153','676421589','student','15558078742','moojier','o7Bv0wJ6LJPKowL5rQuEHh0RgUTE'),(9,'2014-09-01',NULL,NULL,'1','0','戈豪豪','142050129',NULL,'student',NULL,NULL,'o7Bv0wKDl-SjbxWc-Mz_Dgc6l4Rc'),(10,'2015-09-15',NULL,NULL,'1','0','罗姚翔','151050045',NULL,'student',NULL,NULL,'o7Bv0wASQSat3o2YdZW-RhT4Q8hM'),(11,'2015-09-11','','man','1','0','李鹏飞','151050032','','student','','','o7Bv0wDUuF-G9T9W-yQ9tBABhFEw'),(12,'2014-09-01','',NULL,'1','0','郭鸿杰','141050029','','student','','','o7Bv0wNu1_kxm_rh7A6r9SQRORAI'),(13,'2015-09-11','fang.junpeng@foxmail.com','man','1','0','方俊鹏','151050039','','student','','','o7Bv0wCBJzCQqDeWbo9tEEICnleU'),(14,'2015-09-12',NULL,NULL,'1','0','李贤','151050060',NULL,'student',NULL,NULL,'o7Bv0wBTm0S8BEQSLx_sFmV4EPtM'),(15,'2014-09-01','',NULL,'1','0','周元斌','142050128','','student','','','o7Bv0wFk88jxerUAc3GzizUtIkjs'),(16,NULL,'daigj@188.com','man','0','1','戴国骏','6031','13906524548','teacher','13906524548','13906524548','o7Bv0wK-EDlCdnTqMGRhuelCBD_8'),(18,'2015-09-10',NULL,NULL,'1','0','王彧','152050094',NULL,'student',NULL,NULL,'o7Bv0wH5j4-NK4bws7XZS_saPobc'),(19,'2014-09-01','',NULL,'1','0','潘佳琪','141050022','','student','','','o7Bv0wDuVRlggrXy3NjDwQ73t6SA'),(20,'2014-09-01',NULL,NULL,'1','0','项璐露','141060016',NULL,'student',NULL,NULL,'o7Bv0wGc-53M5-FYDuG28iiHldjE'),(21,'2014-09-01','','man','1','0','李成麒','142050095','540824691','student','18698577213','','o7Bv0wD0CDkg0Y9HomfxJLVYhE0Y'),(22,NULL,'zhouwenhui@hdu.edu.cn',NULL,'0','0','周文晖','40807',NULL,'teacher',NULL,NULL,'o7Bv0wOfTwMwajgMi2Yp9V7a9YaQ'),(30,'2013-09-05',NULL,NULL,'1','0','武奎俊','131050035',NULL,'student',NULL,NULL,'oG3ZJxLo7lxoGhjp0FnXNX0Wqins'),(39,NULL,'qiujian@hdu.edu.cn',NULL,'0','0','仇建','41204',NULL,'teacher',NULL,NULL,'o7Bv0wFD2AaWtyEbgzXlYduhlxfs'),(40,'2016-09-11','','man','0','0','赵一','162050160','','student','18768112193','','o7Bv0wA8fry7b2Q3EBKihxp1IfGY'),(41,'2016-09-11','','man','0','0','陈帅','162050147','525249661','student','13757165164','imchens','o7Bv0wJUSQuiOSHE9JXgjkWGkasQ'),(43,'2016-09-11','','man','0','0','杨仁彬','161050066','603725542','student','18768160165','','o7Bv0wBq3M3oshpShmxBBd9LAxKY'),(44,'2016-09-11',NULL,NULL,'0','0','严嘉浩','162050159',NULL,'student',NULL,NULL,'o7Bv0wL2K2Ys7vMYIDDJUGrO2fPY'),(45,'2016-09-13','','woman','0','0','沈敏儿','161050004','704505748','student','18768110519','704505748','o7Bv0wCxNQlrXoHgW7HIRPquhANA'),(46,'2016-09-11','605476172@qq.com','man','0','0','史建凯','162050094','605476172','student','17701456471','','o7Bv0wKnl13NCz1717Y6yoM6BiBU'),(47,'2016-09-14',NULL,NULL,'0','0','蔡业胜','162050100',NULL,'student',NULL,NULL,'o7Bv0wK0fsD1mDMWnFNYirRPW5mU'),(48,'2016-09-11','940697565@qq.com','man','0','0','赵骏','162050113','','student','','','o7Bv0wCUsZEZPwVA5ALm9dCG_otk'),(49,'2016-09-01','','man','0','0','梁麟开','161050039','1030564012','student','15957195681','','o7Bv0wNnOG5MBNaZsFoC0rmVwZMg'),(57,'2017-04-10',NULL,NULL,'1','0','张瀚文','13055407',NULL,'student',NULL,NULL,'o7Bv0wOixFiXnT53kGlC_KQ_7nPA'),(59,'2017-09-02',NULL,NULL,'0','0','黄锦泖','172050023',NULL,'student',NULL,NULL,'o7Bv0wPNhGTLoOr6QyhzQMz-KSeg'),(60,'2017-09-03',NULL,NULL,'0','0','徐超','172050083',NULL,'student',NULL,NULL,'o7Bv0wAYG0TEkCbIewCGJVYok3J4'),(61,'2017-09-03',NULL,NULL,'0','0','张悦','172050101',NULL,'student',NULL,NULL,'o7Bv0wL7bQ4FV5myZtY9YO5w1bMc'),(62,'2017-09-03',NULL,NULL,'0','0','林夕','172050033',NULL,'student',NULL,NULL,'o7Bv0wHdjmD4H19J6FZQMW8bGBmA'),(63,'2017-09-03',NULL,NULL,'0','0','商吉利','171050037',NULL,'student',NULL,NULL,'o7Bv0wOe6zv7rP9GBB1KP2i6aU3g'),(64,'2017-09-03',NULL,NULL,'0','0','赵月','172050105',NULL,'student',NULL,NULL,'o7Bv0wD3-37K_xD-G66GiyWMPJmI'),(65,'2017-09-03',NULL,NULL,'0','0','刘高敏','172050034',NULL,'student',NULL,NULL,'o7Bv0wOUmvIX3SLXFFB1bSEpiKSY'),(66,'2017-09-03',NULL,NULL,'0','0','陶星','171050041',NULL,'student',NULL,NULL,'o7Bv0wFB4Sw-hu_RnKgnWuN9C-5k'),(67,'2017-09-03',NULL,NULL,'0','0','戴美想','171050005',NULL,'student',NULL,NULL,'o7Bv0wHvV3RhTOMDdQzw8maI4Ijs'),(68,'2017-09-18',NULL,NULL,'0','0','於世芳','171050071',NULL,'student',NULL,NULL,'o7Bv0wC22rTrJ4vWLI-rcyf8uH8c'),(69,'2017-09-19',NULL,NULL,'0','0','胡焰焰','171050017',NULL,'student',NULL,NULL,'o7Bv0wMH1ANtTdOe4Bwd_oNSJ4QY'),(70,'2017-10-06',NULL,NULL,'0','0','周恩慈','172050107',NULL,'student',NULL,NULL,'o7Bv0wLU8e_kZikiXE7QeWNvQC4s'),(71,'2017-10-06',NULL,NULL,'0','0','魏兴明','172050079',NULL,'student',NULL,NULL,'o7Bv0wMEP4Z3KY-Z3DX-klFcBNFA'),(77,'2018-07-05',NULL,NULL,'0',NULL,'施江玮','181050025',NULL,'student',NULL,NULL,'o7Bv0wM3Fy5viy0OXFg2-u7NLauM'),(78,'2018-07-05',NULL,NULL,'0',NULL,'燕雨祥','181050010',NULL,'student',NULL,NULL,'o7Bv0wM7gD09wOIAshuidUe2oXGE'),(79,'2018-07-05',NULL,NULL,'0',NULL,'钱晨','182050134',NULL,'student',NULL,NULL,'o7Bv0wJqfBibga2Rcp6_MKP31L6M'),(80,'2018-07-05',NULL,NULL,'0',NULL,'张佳明','182050179',NULL,'student',NULL,NULL,'o7Bv0wLjMRouR3xBdSZwNdiuoyzY'),(81,'2018-07-05',NULL,NULL,'0',NULL,'杨思学','182050186',NULL,'student',NULL,NULL,'o7Bv0wGzstAC_vIVc90L51U_Gv9A'),(82,'2018-07-05',NULL,NULL,'0',NULL,'沈菲','182050113',NULL,'student',NULL,NULL,'o7Bv0wOEC37iKlktW-5-5OYdte0c'),(83,'2018-07-05',NULL,NULL,'0',NULL,'黄鸿飞','181050015',NULL,'student',NULL,NULL,'o7Bv0wKjAe8j5OPlxW_tPPj_PEQs'),(85,'2018-07-05',NULL,NULL,'0',NULL,'郑鹏达','182050132',NULL,'student',NULL,NULL,'o7Bv0wOpP_TUV8Z1d6nP5zg2MBo4'),(86,'2018-07-06',NULL,NULL,'0',NULL,'杨铭凯','181220010',NULL,'student',NULL,NULL,'o7Bv0wPJ_E5Y53-itv6EkAQz53-U'),(90,'2018-08-27',NULL,NULL,'0',NULL,'魏展','182050095',NULL,'student',NULL,NULL,'o7Bv0wJ28dZoDqPl1sXtwbXJ8RZs'),(96,'2018-08-28',NULL,NULL,'0',NULL,'王威盛','182050144',NULL,'student',NULL,NULL,'o7Bv0wAxtRUTFNTfC-dGRPNWMmt8'),(97,'2019-03-12',NULL,NULL,'0',NULL,'苟若芸','15051802',NULL,'student',NULL,NULL,NULL),(98,'2019-03-12',NULL,NULL,'0',NULL,'苟若芸','15051502',NULL,'student',NULL,NULL,'o7Bv0wMNviWx2jn7aabZtkP8MTqM'),(102,'2019-03-18',NULL,NULL,'0',NULL,'www','111',NULL,'student',NULL,NULL,NULL);
/*!40000 ALTER TABLE `t_user` ENABLE KEYS */;
UNLOCK TABLES;

--
-- Table structure for table `t_weekly`
--

DROP TABLE IF EXISTS `t_weekly`;
/*!40101 SET @saved_cs_client     = @@character_set_client */;
/*!40101 SET character_set_client = utf8 */;
CREATE TABLE `t_weekly` (
  `weeklyId` int(11) NOT NULL AUTO_INCREMENT,
  `content` longtext COLLATE utf8_unicode_ci,
  `date` varchar(255) COLLATE utf8_unicode_ci DEFAULT NULL,
  `others` varchar(255) COLLATE utf8_unicode_ci DEFAULT NULL,
  `mission_missionId` int(11) DEFAULT NULL,
  `student_userId` int(11) DEFAULT NULL,
  PRIMARY KEY (`weeklyId`),
  KEY `FK_fh8ojm94qvtf1w2oxewltukc9` (`mission_missionId`),
  KEY `FK_tptu2su91nks28o8uk377ulmw` (`student_userId`),
  CONSTRAINT `FK_fh8ojm94qvtf1w2oxewltukc9` FOREIGN KEY (`mission_missionId`) REFERENCES `t_mission` (`missionId`),
  CONSTRAINT `FK_tptu2su91nks28o8uk377ulmw` FOREIGN KEY (`student_userId`) REFERENCES `t_user` (`userId`)
) ENGINE=InnoDB AUTO_INCREMENT=2107 DEFAULT CHARSET=utf8 COLLATE=utf8_unicode_ci;
/*!40101 SET character_set_client = @saved_cs_client */;

--
-- Dumping data for table `t_weekly`
--

LOCK TABLES `t_weekly` WRITE;
/*!40000 ALTER TABLE `t_weekly` DISABLE KEYS */;
INSERT INTO `t_weekly` VALUES (1,'1.阅读bril针对任意截止期的fp的bcrt分析\r\n2.整理论文中所需的related work形成文字\r\n3.初步开始阅读限制抢占与pts结合的文章，这个应该可以作为其中一个想法来做','2016-03-11','',32,15),(2,'阅读绿源原数据传输协议','2016-03-12','',16,10),(3,'学习python基础知识，TCPUDP，多进程与多线程编程。','2016-03-12','辅助沈方瑶，学习http css js angularjs',28,10),(4,'做了project页面的增，删，改部分','2016-03-12','财务，戴办公室日常卫生',34,4),(6,'一个老师可以给全部学生分配任务，新增了会议纪要功能','2016-03-12','',24,4),(7,'英文论文abstract，introduction；\r\n跑代码获得结果\r\n修改专利','2016-03-12','',9,20),(9,'这周主要看了二维图像复杂度方面的研究，了解到二维图像复杂度可以用广义集合来描述，利用灰度级形成集合元素，使用公式计算复杂度，但是这种方法缺考虑了灰度分布规律。后来学习到可以用灰度矩阵计算图像的几个特征值(能量、对比度、相关、熵)，这些特征值也可以用在复杂度上。\r\n下星期继续研究二维图像复杂度计算，还将搜索有关用三角片处理三维图像的资料和如何减少相机使其得到的模型跟原来没有减少相机时的模型质量差不多。','2016-03-13','',10,18),(10,'1、了解项目需求，阅读文档，熟悉imx6ul板子\r\n2、搭建项目开发所需要的环境，尝试编译image\r\n3、完成对要求模块（蓝牙、LCD、SPI、I2C、GPIO、电源）的评估。','2016-03-13','问题：编译时间很长且会出现问题而失败\r\n处理：已将此问题询问iMX社区',21,6),(11,'1、了解项目需求：评估STA8090，提交评估报告','2016-03-13','',22,6),(12,'802.11p PHY和MAC层协议学习。\r\n支持802.11p协议网卡购买。\r\nLNG项目的学习。\r\n路径规格算法了解。','2016-03-13','',15,21),(13,'翻译论文，理解论文算法过程','2016-03-13','',41,11),(14,'阅读低剂量x射线三维成像关键技术及装置研究的任务书','2016-03-13','',38,14),(15,'研究基于散焦和匹配线索的深度图估计算法\r\n研究Raytrix R8关于三维模型的操作流程','2016-03-13','',42,19),(16,'1、学习了Python基础，nginx配置，在树莓派上搭了一个helloworld的web服务器（只是flask框架的简单运用），外网可以通过IP访问。\r\n2、学习了安信可物联网云协议的设计。\r\n3、正在学习用nginx来部署flask应用。','2016-03-13','下周目标：网关协议初稿完成。',27,6),(17,'过去一周，完成了MobileSHell网络调试功能的TCP Client。对android的线程机制和MVC机制有了一定了解。','2016-03-13','本周将继续完成其余的部分',26,13),(18,'1.测试了钢琴原系统电源情况，设计了制板方案；2.指导、协助本科生STM32开发钢琴验证原型','2016-03-13','下周将会测量出钢琴与磁铁、导线之间的对应关系。然后再继续开发程序',14,13),(19,'阅读项目申请书完成，此项目我们实验室的开发重点主演在匹配过程，需要3教那边做标定图像等工作','2016-03-15','',39,9),(20,'完成专利；\r\n开始中文论文；\r\n运行代码','2016-03-18','',9,20),(21,'1、比较不同lp算法之间的异同并总结\r\n2、开始阅读lp-edf相关的文章','2016-03-18','',32,15),(22,'这周基本都在做财务管理的网站前端','2016-03-19','',16,10),(23,'1、通过参考安信可的云协议设计了我们自己协议的雏形（有许多字段还有待商榷）。\r\n2、在学习python编程，尝试实现使用自己设计协议的客户端和服务器的demo。\r\n3、学习了nginx作为代理服务器的工作机制。','2016-03-20','问题：在编写demo的时候，crc16的计算结果总是错误的，且用查表法和直接计算法两种不同方式得到的错误结果是一样的。',27,6),(24,'1、阅读STA8090的文档，对STA8090FG的资源进行整理：\r\nGPS、CAN、UART、I2C、I2S、GPIO、USB、电源模块、JTAG、SSP','2016-03-20','',22,6),(25,'安装，熟悉sqlite基本操作','2016-03-20','',28,10),(26,'通读了项目申请书，了解了相关概念，清楚了项目要达到的预期成果，下载了相关文献。','2016-03-20','1.研究生创新基金验收\r\n2.第一篇小论文修改',36,12),(27,'过去一周：1.钢琴原系统第2次测试(系统布局、引线—琴键对应关系、控制板开路电压)；2.查阅钢琴键盘的音阶、音符对应关系；3.PWM波形仿真，串口程序开发','2016-03-20','下周计划：简谱钢琴弹奏demo以及PCB制板',14,13),(28,'过去一周：深入学习android线程模型，调试代码','2016-03-20','原计划在过去一周完成TCP Server功能，但是遗憾地未能完成。android的有些机制需补课，自己也应该再挤出一些时间来。本周计划：完成TCP Server，以及着手做SSH Clinet',26,13),(29,'研究基于散焦和匹配线索的深度估计','2016-03-20','下周任务:研究马尔可夫随机场',42,19),(30,'结合论文内容读程序，理解算法具体步骤。熟悉matlab调用C程序的配置过程','2016-03-20','',41,11),(31,'这周我又再一次看了基于场景复杂度的全光的非均匀采集这篇论文，又学到了很多以前忽略的知识点。从这篇论文中，我知道了他在确定照相机个数的情况下通过场景复杂度来确定相机摆放位置，从而提高PSNR,用DCT来计算复杂度。\r\n下周要继续学习三角片处理三维图像和复杂度计算，搜查有关FFV系统的资料。','2016-03-21','',10,18),(32,'了解x射线成像原理，阅读毕业的师兄师姐论文，两篇关于三维重建，一篇关于医学图像的论文','2016-03-21','',38,14),(34,'阅读了关于x射线匹配方法的相关论文，了解了问题的主要难点','2016-03-21','',39,9),(35,'1、阅读文档，熟悉imx6ulevk板子\r\n2、终于编译成功：需要要翻墙才能编译成功。','2016-03-21','',21,6),(36,'在张老师的指导下，对LNG项目的PLC部分删减，将其功能整个到RTU中。评估其可行性。','2016-03-22','',49,21),(37,'1、对照STA1078，对STA8090上有的端口进行分析，并提交说明。','2016-03-27','',22,6),(38,'根据新协议要求，加入服务器IP设定','2016-03-27','负责财务管理网站预算与报销明细的前段',16,10),(39,'本周：在开发利用自己协议的demo，demo的大致功能已经OK。\r\n下周：完成这个demo','2016-03-27','问题：遇到了数据格式转换的问题',27,6),(40,'本周：1、继续在看文档，编译了另一个版本的image 2、完成了时间进度安排表。\r\n下周：弄清楚修改代码，编译，烧写的整一个过程。','2016-03-27','',21,6),(42,'看2D/3D配准相关论文，写鸟笼操作文档','2016-03-27','',38,14),(43,'过去一周：1.制板事宜，(1)找厂家投板PCB,(2)采购元器件；2.编写弹奏简谱代码，整个弹奏框架已经写好，但还需要测试以及细节调整','2016-03-27','下周计划：1.对拿到的板子测试电气性能、输出输出情况；2.调试代码，简谱弹奏，持续编写和集成PWM动态调试',14,13),(44,'过去一周：学习Android线程模型，java并发编程。项目实质性进展：无','2016-03-27','继续努力',26,13),(45,'光场相机采集数据，上学期采集数据的建模（EPVH,泊松重建，贴图）','2016-03-27','研究生新生，三位一体参观迎接',41,11),(46,'根据设计方案，罗列出所需要的外部控制器件，通知绿源提供相应的材料','2016-03-28','',51,21),(47,'做了“详情”的页面，修改了“项目列表”的一些功能，整合页面','2016-03-28','财务，给戴老师办公室打扫',34,4),(48,'这周我看了名为光场渲染技术的评估比较的论文，探讨了基于不同复杂度的非均匀全光采样中的FVV系统到底是个什么样的系统。\r\n下周将看与全光相关的论文。','2016-03-28','帮实验室处理逾期经费的恢复',10,18),(50,'研究光场重聚焦技术；研究马尔可夫随机场在多线索融合的光场深度图估计里的应用','2016-03-28','下周继续这块',42,19),(51,'完成中文论文大体内容，整理实验数据；\r\n准备下周完成英文论文大体内容；\r\n问题：根据已有试验数据，发现有两个视频的结果bd-psnr增加较大，效果不理想','2016-03-28','',9,20),(52,'所做工作：礼拜1至礼拜3完成论文《A mobile sensing system for urban PM2.5 monitoring with adaptive resolution》修改并重新投稿，礼拜4至礼拜5看大数据相关文献综述，礼拜6至礼拜日参加《大数据与精准生物医学信息学研讨会》。\r\n接下来一周工作：继续查阅资料，大数据应用的具体案例，寻找研究切入点。','2016-03-28','',36,12),(53,'阅读 医学影像工程学，了解x射线的性质。','2016-03-28','',39,9),(56,'已将新协议上交','2016-04-02','财务管理网站前端功能以基本完成，正在维护阶段',16,10),(57,'已设计好数据库关系模型，正在制作基本demo','2016-04-02','',28,10),(58,'了解路径规划的算法，阅读师姐推荐的论文','2016-04-02','',51,21),(59,'1.完成中文论文1.2.3部分\r\n2.完成英文论文1.2部分\r\n3.三组代码基本跑完，但是8组视频序列中有4组效果不够理想\r\n4.在尝试新的边缘检测算法，在测试算法结果\r\n5.完成专利','2016-04-02','实验室财务等',9,20),(60,'1、学习bitbake的工作原理。\r\n2、自己编译uboot，测试运行OK。\r\n3、将编译的kernel、uboot、dtb文件通过SD卡烧到板子上测试运行，结果OK。\r\n4、尝试自己编写helloworld，交叉编译（出错）。\r\n','2016-04-02','问题：交叉编译自己写的helloworld时会出现链接错误，找不到链接文件。',21,6),(61,'1、学习了Python Flask框架','2016-04-02','协助实验室招收新的研究生。',27,6),(62,'过去一周：1.拿到自制驱动板，测试电路板电气特性、驱动能力、输入输出关系；2.编写完成钢琴简谱弹奏软件框架；3.钢琴简谱demo弹奏实测，效果达标；接下来4月份的计划：1.PWM框架开发；2.在系统调试ISdebug框架开发(提供运行时调试的能力，修改运行参数不必每次修改源码编译下载)；3.多单板协奏通信协议设计与开发；4.协助与指导本科生完成LPC主控板上的MiDi协议栈代码开发','2016-04-02','本月的服务事项：1.帮张老师代一次课；2.帮吴老师代一次Android开发的课',14,13),(63,'过去一周：没在这个项目上花时间。在4月中旬以前会做好该软件，并撰写软著','2016-04-02','本月服务内容见钢琴项目',26,13),(64,'做页面，修改project和user的错误。','2016-04-03','财务，打扫戴老师办公室。',34,4),(66,'人机物联的页面逐渐在更换。感觉好不好还请老师多提提意见。发现bug也要及时反馈，我们会尽快改掉O(∩_∩)O。下周准备设计类似“说说”的功能。','2016-04-03','',24,4),(67,'这星期主要收索和看了光场采集的论文，关注了非均匀采样的作者的工作室近几年主要的研究方向。','2016-04-03','',10,18),(68,'还在看相关材料，并没有完成制定的找到研究切入点的任务。','2016-04-03','1.协助实验室完成四项发明专利申请。',36,12),(69,'证件照图像分离论分研究以及matlab的实现，鸟笼历史数据的建模','2016-04-03','实验室整理',41,11),(70,'阅读3d/2d配准相关的论文','2016-04-03','',38,14),(72,'了解了x射线，ct与磁共振成像的原理及互相之间的优劣','2016-04-04','寻找小论文的切入点，编写算法代码，调试参数',39,9),(73,'研究多线索融合的光场深度估计','2016-04-04','3月实验室事务: 负责实验室卫生工作，实验室参观工作',42,19),(74,'阅读l p-edf相关文章，阅读混合关键调度','2016-04-05','',32,15),(77,'已和陈帅交换好资料，浏览报告模板','2016-04-09','财务管理网页前端功能添加与维护',65,10),(78,'1、完成设备网关协议初级版本设计。\r\n2、根据协议完成了服务器/客户端通信的简单demo','2016-04-09','车钥匙项目：\r\n解决了交叉编译的问题，helloworld程序成功在板子上运行。',27,6),(79,'过去一周：\r\n1.进行PWM框架填充\r\n2.计划使用STM32中自带的TIMER实现，但有局限放弃\r\n3.用中断实现，基本整个实现框架已设计好，填充了大部分环节\r\n4.为了提高效率，中断的工作量还需设计。\r\n未来一周：\r\n1.完善PWM整体框架\r\n2.调试通过PWM框架\r\n3.学习数据流协议设计','2016-04-10','',56,13),(80,'过去一周：在Android软件方面，没怎么做什么事。主要是看了一下新苗项目的底层STM32与服务器的通信协议，并着手准备编写代码。','2016-04-10','',26,13),(81,'这周主要看可了有关纹理映射和全光采集的论文，收索了一些视觉注意的论文。\r\n下星期我将看视觉注意的论文和收索描述三维特征的指标有哪些。','2016-04-10','帮实验室处理逾期经费和研究生经费及老师激励费',10,18),(82,'修改小论文投稿','2016-04-10','',36,12),(84,'人物图像分割的优化（头发边缘的分割）matlab实现','2016-04-10','实验室整理',41,11),(85,'阅读论文，学习使用MATLAB完成图像的处理工作','2016-04-11','',38,14),(87,'尝试编码算法，跑代码，改代码','2016-04-11','',9,20),(88,'构思新一篇小论文，准备下周开始撰写','2016-04-11','',39,9),(89,'小部分页面修改了。功能测试。','2016-04-11','打扫戴老师办公室，财务',34,4),(90,'把人机物联的服务号移到我们的服务器上了，域名已经可以使用。','2016-04-11','',59,4),(91,'阅读LP-EDF相关文章，阅读相关代码','2016-04-11','',32,15),(92,'马尔可夫随机场的研究；收集光场数据','2016-04-11','',42,19),(93,'收集资料，从整体对整个项目熟悉，然后开始阅读代码','2016-04-11','',58,21),(94,'做实验，读代码，回顾lp-rm相关论文','2016-04-15','',32,15),(96,'开始着手协议的代码，规划代码结构。下周开始重点着手代码实现','2016-04-16','财务网站，预算修改权限，预算调整审核与权限，报销明细审核与权限功能的实现。目前发现的所有bug的修复，报销明细批量处理功能。接下来打算优化一下整体代码结构和可读性。',57,10),(97,'已指导陈帅写报告的第三部分，检查一些书面表达，指导meshlab原代码的阅读。','2016-04-16','',65,10),(98,'收集光场数据，研究基于散焦线索，视差线索，阴影线索的多线索融合的光场深度图估计，研究基于散焦，视差，遮挡的多线索融合的光场深度图估计','2016-04-16','继续收集合成的光场数据，继续研究基于散焦，视差，遮挡的多线索融合的光场深度图估计',42,19),(99,'修改代码错误，目前可输出一帧的pu块模式数量以及大小边缘模式对应的方向数.\r\n下周：整理数据继续改进','2016-04-17','',9,20),(100,'这周主要看纹理映射和视觉注意模型的论文。下周继续看视觉注意模型的论文。','2016-04-17','帮实验室处理八个逾期项目',10,18),(101,'写裸眼3D的验收报告(定初稿)','2016-04-17','',62,18),(102,'调试小论文代码，希望寻找一个最合适的辅助图像解决立体匹配的精度问题\r\n','2016-04-17','',39,9),(103,'本周：\r\n1、成功单独编译了内核，并在板子上运行，结果是OK的。\r\n2、从启动信息上可以看出有I2C，BlueTooth，UART，网口，USB等模块。\r\n3、插上网线，两个网口ping www.baidu.com都是通的。\r\n下周：寻找并确定底层驱动的位置。','2016-04-17','Ocotol项目遗留：\r\n本周：测试STA1078板的录音播放功能并测试波形。\r\n下周：处理STA1078不能支持IPV6的问题。',66,6),(104,'过去一周：\r\n1.完善了PWM框架并且调试产生了波形\r\n2.设计了串口数据格式\r\n3.完善了解码和编码的框架\r\n4.设计了初步的协议收发的状态机\r\n未来一周：\r\n1.调试串口与PC的通信\r\n2.完善的协议收发状态机\r\n3.代码实现串口协议状态机','2016-04-17','',56,13),(105,'新苗项目方面，过去一周设计了STM32与服务器的通信协议。','2016-04-17','',26,13),(106,'修改bug','2016-04-17','戴老师办公室打扫卫生 财务',34,4),(108,'把人机物联移到自己的服务号上了，可上传头像，老师考核修改了一些bug，学生能看见自己的考核情况','2016-04-17','',59,4),(109,'本星期主要的工作\r\n        熟悉了原先的RTU代码\r\n        了解了mbed操作系统，并在笔记本上搭建好了开发平台，收集了相关的开发资料。\r\n         运行了demo程序。\r\n疑问：\r\n          相对于arduino来说，mbed的开发相对于复杂，也有好多的工具可以选择，目前选择的mbed+uVision, 在评估是否要是使用yotta工具。\r\n下周工作：\r\n         进一步熟悉mbed的开发','2016-04-17','',58,21),(110,'看了一本李杰教授撰写的《工业大数据》，明白了工业4.0诞生过程，数据价值创造的不同层次作用和技术手段。','2016-04-17','',36,12),(111,'学习图像处理的知识，并用MATLAB完成一些图像的相关操作','2016-04-17','',38,14),(112,'15accurat论文翻译，环物和鸟笼建模方法调研','2016-04-17','编程作业：bezier曲线控制点求解，拉格朗日法牛顿法实现图像放大，实验室整理',41,11),(113,'上传部分代码已实现，已加入原代码','2016-04-24','',57,10),(114,'光场仿真数据查找，SFM算法调研，环物数据建模','2016-04-24','实验室整理，迎接周博^..^',41,11),(115,'过去一周：\r\n1.完成串口和PC的通信\r\n2.完善了串口协议的代码实现\r\n3. Midi相关的调研工作，找到了mp3或者wav音乐文件转换成midi音乐文件的软件并可以使用\r\n未来一周\r\n1.编写一个测试例子,并与钢琴协调\r\n2.调研音乐格式转换成MIDI的原理\r\n3.完成C#的调试界面','2016-04-24','',56,13),(116,'1.写《三维…》验收报告。\r\n2.看关于环物摄影建模论文。\r\n计划:\r\n1.继续看关于环物摄影论文。','2016-04-24','其他事务:办理戴老师出国事务。',64,8),(118,'1、修改内核配置和修改代码，编译烧写，运行OK。','2016-04-24','Ocotol：\r\n1、帮助解决了录音播放功能；解决了烧写出现的问题\r\n2、IPV6支持测试：IPV4 可以ping通www.baidu.com；IPV6可以成功解析域名，但不能ping通',66,6),(119,'修改bug','2016-04-24','处理戴老师2015年未报的单子，打扫办公室卫生',34,4),(120,'报告貌似完成了','2016-04-24','曾虹老师处理数据帮忙，财务网站前段bug调试修复',65,10),(122,'江晨：\r\n过去一周\r\n1. 了解了一下一键配网的方案\r\n2. 完成了APP相关页面基本的 UI\r\n3. 初步确认了协议并尝试实现\r\n未来一周\r\n1. 实现一键配网 App 端的功能\r\n2. 抓包调试或是另写一个线程进行调试\r\n3. 时间够的话完善下UI\r\n我：\r\n过去一周：\r\n修改MobileShell的netdebug功能的部分bug\r\n写STM32服务器通信代码\r\n下周计划：\r\n完成STM32服务器通信代码\r\n完成MobileShell','2016-04-24','',26,13),(123,'这星期主要看了3篇视觉注意的论文，下星期继续看与这星期看的论文相关的参考文献。','2016-04-25','',10,18),(124,'研究基于散焦，匹配，遮挡的光场深度图估计，研究图割法','2016-04-25','',42,19),(125,'阅读论文，学习图像处理的知识，并用MATLAB验证','2016-04-25','',38,14),(126,'上周学习了mbed的官方handbook，对mbed RTOS已经有了一定的理解。本周继续深入，然后对Z box的业务软件框架设计。','2016-04-26','',58,21),(127,'完成中文小论文，研究DCT方向，初步实现','2016-04-26','忘写周报了...',9,20),(128,'做lp-rm实验，io delay证明','2016-04-26','',32,15),(129,'','2016-04-26','第一篇小论文影印版校验。',36,12),(130,'这周主要看了三篇有关mesh saliency的论文，下周看加拿大的网站和相关算法。','2016-05-01','',10,18),(132,'协议已确定','2016-05-01','财务管理网站，帮忙修复Bug',57,10),(133,'Meshlab软件，已调整完成','2016-05-01','',65,10),(134,'完成中文小论文，基本完成第二个算法','2016-05-01','',9,20),(135,'1、写下关于IO delay的证明\r\n2、思考start delay的证明\r\n3、读论文','2016-05-01','',32,15),(136,'1、可以修改代码，编译，烧写；\r\n2、找到了显示屏、蓝牙等底层驱动代码的位置。','2016-05-01','Ocotol项目遗留：1、修改内核关于IPv6的配置，编译，并在我们的板子上测试运行。\r\n2、在开发板上测试IPv6，发现开发板本身出问题了。',66,6),(137,'阅读论文，使用MATLAB处理图像','2016-05-02','',38,14),(138,'修改使用明细bug。还多亏罗姚翔帮忙。','2016-05-02','整理戴老师办公室，报销财务',34,4),(139,'Occlusion_aware Depth Estimation Using Ligh_field Cameras，CVPR2015 paper，raytrix SDK 配置使用，光场数据相关调研编程','2016-05-02','整理实验室，鸟笼纹理贴图程序配置与修改，协助1教调研鸟笼和环物摄影相关资料。（周博回国欢迎仪式^.^）',41,11),(140,'潘蕾全：\r\n过去一周：\r\n1.完成钢琴调试界面项目书\r\n2.完善钢琴串口协议代码以及完成了串口协议代码文档\r\n3. MIDI相关调研，初步计划先实现MIDI的谱曲呈现，因为有论文                                                         \r\n未来一周：1.代码实现调试界面\r\n2.建立MIDI谱曲翻译的逻辑结构\r\n3.将钢琴琴键电路连接弄清，最好能编写出映射文件','2016-05-02','',56,13),(141,'过去一周：\r\n1.实现了netdbug和ssh登录客户端的核心功能\r\n未来一周：\r\n1.实现Android sqlLite数据库存储账户信息\r\n2.优化UI和代码\r\n3.开始写软著','2016-05-02','服务：调研软件远程升级方案（OTA）',26,13),(142,'方俊鹏：\r\n与江晨沟通一键配网新的验证方案。\r\n江晨：\r\n这周回家，本项目无进度','2016-05-02','关于一键配网功能，我又物色了一些wifi芯片，并与一些技术支持沟通过。有些模组是底层集成了一键配网功能，上层开发使用其提供的java sdk就可以实现。采用这种方案可以快速开发出我们要的功能。但是我决定现阶段还是自己开发一套协议试试，这样的话，可以将该协议写成软著或专利了。',70,13),(143,'研究基于散焦，匹配，遮挡的光场深度图估计，研究图割法','2016-05-02','',42,19),(144,'整理软著资料，阅读项目文献，撰写小论文','2016-05-02','',39,9),(145,'1.看三维重建论文，研究sfm方法，找到sfm开源软件，采集重建图片数据。\r\n','2016-05-03','实验室事务：\r\n1.办理戴老师去以色列和美国事务。',60,8),(146,'四月份总结:1.小论文上，完成第二篇小论文的修改和投稿，完成第一篇小论文影印版修改。2.大论文上，发现大数据应用于环境领域可以作为题目，也可以结合工业大数据项目再添加内容。3.项目上继续学习数据处理方法和寻找数据中，找到需要解决的具体问题和所需数据，就可以做了。','2016-05-04','提交晚了，老师辛苦了。',36,12),(147,'四月份总结:1.小论文上，完成第二篇小论文的修改和投稿，完成第一篇小论文影印版修改。2.大论文上，发现大数据应用于环境领域可以作为题目，也可以结合工业大数据项目再添加内容。3.项目上继续学习数据处理方法和寻找数据中，找到需要解决的具体问题和所需数据，就可以做了。','2016-05-04','提交晚了，老师辛苦了。',36,12),(148,'上周开始的主要学习内容是基于mbed OS的学习。后半部分主要对以后对论文进度的规划。','2016-05-04','',58,21),(149,'写小论文，完成task model和related work的大部分','2016-05-07','',32,15),(150,'阅读了一篇关于长骨的图像分割与统计论文。查找学习一些基本的图像知识','2016-05-08','',75,10),(152,'搭建了rtu与r8c基本功能的演示','2016-05-08','财务网站bug辅助修复',57,10),(153,'调整好meshlab之前汉化的bug，已可以在陈帅电脑上运行','2016-05-08','',65,10),(154,'了解DCT知识，做好软著的撰写准备','2016-05-08','',72,20),(155,'1、查阅ublox的AT命令；让LTE进入省电模式','2016-05-08','问题：设置LTE进入省电模式收到成功的返回值，但除此之外没有明显的指示说明LTE进入省电模式。',76,6),(156,'本周：\r\n1、了解代码远程更新任务的需求。\r\n2、查看手册和升级方案，了解现成解决方案的思路。','2016-05-08','下周：\r\n1、在开发板上测试现成解决方案。\r\n2、修改现成解决方案。',79,6),(157,'光流资料调研，SAA程序编写，16光场论文研究','2016-05-08','鸟笼数据采集',41,11),(158,'潘蕾全,商吉利：\r\n过去一周：\r\n1.完成了琴键与线路的对应关系，产生一份统一资源映射表\r\n2.MIDI方面进展不大，仍在熟悉理论阶段\r\n未来一周：\r\n1.完成一份文档：关于MIDI码翻译的文档\r\n2.设计好初步的调试界面\r\n3.与学长交流如何代码实现MIDI翻译\r\n我：\r\n1.与朱康辉确定钢板制作事宜；2.钢琴电源确定','2016-05-08','',56,13),(159,'与松下顾新强精力沟通，已完成好调研。并给老师发了一封邮件','2016-05-08','',80,13),(160,'还在搜索，目前没有进展','2016-05-08','',73,13),(161,'无，原本让江晨跟进这个项目。但是现在准备暂停这个项目，过一段时间自己来开发。江晨退出了这个项目','2016-05-08','',70,13),(162,'上周的业务比较多，这方面未有进展。准备下周抽时间写一写Android代码，再写软著。','2016-05-08','1.与江晨谈了毕业设计事宜；2.重新搭建了R8C数据采集系统，并拍摄好了视频；3.采购钢琴的电源；4.写了部分新苗的嵌入式C代码',26,13),(163,'1.看论文。\r\n2.做鸟笼实验。','2016-05-09','',60,8),(164,'研究基于散焦匹配的多线索融合的光场深度图估计；代码实现','2016-05-09','',42,19),(165,'阅读论文，找骨骼信息，撰写小论文','2016-05-09','',74,9),(166,'查找阅读医学图像分割的论文，查找医学图像相关数据库，查找miccai会议中的论文是否有可用数据库，及分割的先进方法，2014年中有个challege中有脊柱分割，数据库没下下来','2016-05-09','',71,14),(167,'已完成：1. lucene全文检索工具的安装和使用2.Solr集群和Ik分词器的使用3.掌握了Apriori关联规则算法。这周完成准备完成Tanagra工具使用，决策树和贝叶斯分类器的学习。','2016-05-09','',36,12),(168,'这周主要把网站上下下来的代码跑起来，看了两篇特征提取的算法，下周想学习MATLAB和看感兴趣点提取的论文。','2016-05-09','帮助实验室处理激励费和研究生津贴',77,18),(169,'与张老师进行论文目录以及撰写步骤的讨论，着手Z box mbed OS版本的编码','2016-05-09','',58,21),(170,'人员管理树形结构做了，修改其他小bug','2016-05-09','给戴老师打扫办公室和报销财务',34,4),(171,'写完论文的io delay和start delay的大部分，读论文','2016-05-14','',32,15),(172,'看论文，开始撰写DCT软著','2016-05-14','',63,20),(173,'添加了存档功能，但是权限问题还是没有解决','2016-05-15','戴老师办公室打扫，财务，因公出国事情还在处理中',34,4),(175,'还在找论文中，进度太慢。','2016-05-15','论文看得好慢，拿到论文，老师会按什么步骤看呢，怎么确定这篇论文是好是坏呢？',78,4),(176,'科普了一些统计方面的基础知识，论文主要在看评估方面和一些数据来源','2016-05-15','',75,10),(177,'陈帅已完成报告并提交','2016-05-15','',65,10),(178,'建立了等待plc执行并回应服务器命令的任务缓冲区，因为plc协议不明，有些地方具体没法写。目前还差远程代码更新和阀门控制指令回应没具体写。下周优先把目前代码整合到原代码','2016-05-15','',57,10),(179,'本周：\r\n1、在例程中添加打印信息，测试远程代码更新现有例程，例程能用（例程只是保存一份代码）。\r\n2、在例程的基础上编写代码，使得代码远程更新时能保存两份代码（还在进行中）。\r\n下周：\r\n完善现有编写代码，使得代码远程更新时能保存两份代码。','2016-05-15','',79,6),(180,'1、整理项目遗留的东西。','2016-05-15','',76,6),(181,'查找到一个数据库，一个男性和女性的几个部位的ct图，看医学图像分割综述性文章，了解医学图像常用分割方法','2016-05-15','',71,14),(182,'研究16的论文并实现代码；Wanner的光场数据转SAA','2016-05-15','',42,19),(183,'学习了合约广告，竞价广告，程序化交易广告，原生广告的概念和实现方式。','2016-05-15','',82,12),(184,'潘蕾全：\r\n过去一周：\r\n1.已完成MIDI码翻译的文档\r\n2.设计了大概的翻译方式\r\n未来一周：\r\n1.确定各个MIDI事件和钢琴的关系\r\n2.确定链节点和细化代码逻辑\r\n3.继续完成调试界面\r\n\r\n李艳暖：\r\n过去一周：完成了ISdebug调试系统的C#端软件框架编写。\r\n未来一周：指令数据的调试还需要结合STM32\r\n\r\n方骏鹏：\r\n过去一周：\r\n1.设计MiDi协议栈实现的软硬件方案\r\n2.规划MiDi协议栈的实现周期\r\n未来一周：\r\n1.确定midi的具体软硬件方案\r\n2.对实现方案中存在的关键问题进一步探讨','2016-05-15','',56,13),(185,'过去一周：\r\n1.搜索关于开源医学图像算法库VTK，ITK的资料\r\n2.搭建VTK的运行环境\r\n3.熟悉VTK/ITK API','2016-05-15','',73,13),(186,'无','2016-05-15','',26,13),(187,'光流资料调研，simple flow论文和程序','2016-05-15','鸟笼数据采集',41,11),(188,'本周任务:带mbed版本的Z box业务代码编写，论文相应章节的构思。\r\n下周:完成Z box业务代码。','2016-05-16','',58,21),(189,'做鸟笼实验。','2016-05-16','实验室事务:办理戴老师访美材料。',60,8),(190,'寻找ct重建相关论文，撰写自己小论文','2016-05-16','',74,9),(191,' 这周主要是配置程序适用环境，跑程序改错误，下周将看代码，寻找六个算法，重建模型。','2016-05-16','',77,18),(192,'看论文，开始撰写DCT软著\r\n','2016-05-17','',72,20),(193,'做实验，写实验部分','2016-05-21','',32,15),(194,'撰写基于DCT的软件著作','2016-05-21','',72,20),(195,'1.测试环物重建球，失败。\r\n2.看鸟笼重建源码，epvh，无法修改，mvs尝试中。\r\n3.学习Java web技术，准备新苗后台，新建了登录注册功能。','2016-05-22','实验室事务:办理戴老师入美事务。',60,8),(196,'阅读一些综述性的学位论文','2016-05-22','',75,10),(197,'主要在做测试功能的代码，协议的框架已套入原代码，但是还有要修正的地方','2016-05-22','',57,10),(198,'本周：\r\n1、实现代码远程更新的简易解决方案。\r\n下周：\r\n将解决方案整合到整个代码中并测试。','2016-05-22','问题：更新代码时可能会出现问题。',79,6),(199,'1、尝试更改1.2版本BSP的设备树，来将2.5版本的音频移植到1.2版本，结果失败了。','2016-05-22','',76,6),(200,'查找阅读医学图像分割论文，特别关注主动轮廓方法','2016-05-22','',71,14),(201,'完成了《计算广告学》的学习，掌握了相关逻辑，理清了需要的技术，基本完成学习背景技术任务，下一步学习具体的技术。。。','2016-05-22','',82,12),(202,'潘蕾全：\r\n过去一周：\r\n1.确定各个MIDI事件和钢琴的关系\r\n2.设计了链节点\r\n3.细化代码逻辑\r\n未来一周：\r\n1.细化代码逻辑\r\n2.完成读取MIDI文件，逐字分析的代码实现\r\n3.整理做成代码逻辑文档2.0版\r\n\r\n李艳暖：\r\n完成好了ISDebug的C#软件\r\n\r\n方俊鹏：\r\n从多方面设计了详尽的MiDi协议栈的软硬件方案','2016-05-22','',56,13),(203,'比较VTK，ITK，DCMTK算法库的特点，编译，熟悉其API','2016-05-22','',73,13),(204,'研究16的论文并实现代码','2016-05-23','',42,19),(205,'写裸眼3d验收报告','2016-05-23','',62,18),(206,'写裸眼3d验收报告','2016-05-23','',62,18),(207,'上周任务:1.看代码。  2.找mat文件由那个软件打开。 3.看readme文档。下周将继续看代码和网上下载的有关那个数据库的论文。 ','2016-05-23','整理实验室设备和组装服务器机架。',77,18),(208,'mbed rtos操作系统完成移植，初步功能完成编写。\r\n本周完成调试，开始相关软著的编写。','2016-05-24','',58,21),(209,'学习radon变换，阅读ct重建相关论文，撰写小论文','2016-05-25','',39,9),(210,'完成基于DCT的3DHEVC软件著作撰写','2016-05-28','',72,20),(211,'写完introduction和related work部分，修改文章','2016-05-29','',32,15),(212,'熟悉Vtk中三维重建算法marching cube','2016-05-29','',75,10),(213,'修改sd备份数据的形式，开始尝试485的modbus协议','2016-05-29','',57,10),(214,'1、远程代码更新的方案调整。\r\n2、将解决方案整合到整个代码并测试。','2016-05-29','问题：我们自己应用程序指定入口地址来生成bin文件不能在板子上运行。',79,6),(215,'1、再现1.2版本语音测试的情况。','2016-05-29','',76,6),(216,'潘蕾全：\r\n过去一周：\r\n1.细化代码逻辑\r\n2.完成了逐字节提取MIDI文件\r\n未来一周：\r\n1.完成头块分析\r\n2.音轨块MIDI事件的辨识','2016-05-29','',56,13),(217,'ITK、VTK的通路的构建，从图像输入到可视化的输出，以及VTK是否能够直接读取dicom	的文件','2016-05-29','',73,13),(218,'看主动轮廓中的snakes方法和水平集方法，重点看了李纯明教授的关于水平集方法的分割论文及相应的代码','2016-05-29','',71,14),(219,'看张博的代码，希望能跑起来','2016-05-30','给戴老师办公室扫地拖地。财务，因公出国的一部分事',78,4),(221,'成员风采已经做好了，问题反馈也好了，张博看下这样可以不','2016-05-30','',81,4),(222,'1 找epvh、mvs源码，后者找到。\r\n2 学习Java后台技术。','2016-05-30','',60,8),(223,'“南太湖精英计划”申报材料收集中','2016-05-30','',36,12),(224,'这周主要看了有关代码的评估论文及其代码，和找六个方法的算法，下周将运行这六个算法，搭建大概框架。','2016-05-30','',77,18),(225,'阅读相关书籍，了解marching cube算法\r\n','2016-05-30','',39,9),(226,'上周：完成软著“基于C027的LNG控制系统RTU端软件”大部分的工作。\r\n本周：解决mbed os移植的问题，协助王华忠代码更新相关的工作','2016-05-30','',58,21),(227,'实现GC部分的代码，研究13、15、16的论文','2016-05-30','实验室服务：资产清理',42,19),(228,'光流论文查找翻译，raytrix 相关软件和SDK使用研究，光场图片深度估计程序的修改，其他周博布置的任务','2016-05-30','资产清查，实验室大扫除，协助阳宁凯采集数据和熟悉鸟笼，帮周博解决上网问题等常规事务',41,11),(229,'修改论文，阅读论文','2016-06-05','',32,15),(230,'无','2016-06-05','',26,13),(231,'讨论了硬件方案，移交了钢琴项目自开发以来的所有过程文档','2016-06-05','',56,13),(232,'学习VTK编程，尝试使用VTK读写DICOM文件','2016-06-05','',73,13),(233,'1、远程更新代码方案变更：将应用程序入口地址设为0，将更新代码的程序放在后面。\r\n2、实现新的方案并用串口来测试代码更新是OK的。','2016-06-05','',79,6),(234,'485发送和接收功能的详细测试','2016-06-05','本周大部分时间在准备考试，项目做的不多',87,10),(235,'1.压缩感知调研。\r\n2.准备期末考试，包括这周会花很多时间在期末考试准备上。','2016-06-06','1.接下来会重现他人论文中的代码。',86,8),(236,'查找阅读李纯明的水平集方法向前向后引用的论文，看对其算法的局限性的评价，及改进方法','2016-06-06','',71,14),(237,'学习ct面重建算法，阅读相关代码','2016-06-06','',39,9),(238,'这周主要是跑了网格纹理特征提取，下星期继续跑代码。','2016-06-06','',77,18),(239,'修改GC和correspondence部分的代码，编写DCT部分的代码','2016-06-06','GC代码有点问题',42,19),(240,'跑通了张博的一半程序，这周看剩下的一半程序','2016-06-07','打扫戴老师办公室的日常卫生，打印资料，财务报销，去了省中国银行取用汇预算表，在学校财务办理4月份美国的报销手续，还差万健院长签字。',78,4),(241,'周日测试了下财务管理网站，添加了戴老师项目的一个例子','2016-06-07','',34,4),(242,'撰写基于DCT的快速模式选择论文','2016-06-07','',72,20),(243,'撰写申报书','2016-06-07','帮忙整理资料❤❤❤',36,12),(244,'着手关于LNG项目中PU模块的软著的撰写，对相关的内容进行学习。','2016-06-07','',58,21),(245,'新流量计资料阅读，板子压力测试','2016-06-12','',87,10),(246,'继续修改论文','2016-06-12','',32,15),(247,'这星期主要是跑代码，下星期继续跑代码。','2016-06-12','',77,18),(248,'修改了一些小bug','2016-06-12','',34,4),(249,'看了一篇蒋刚毅团队的，无参考立体图像质量评价论文，利用深度学习的方法来评价。然后还发现了一篇他们的论文，发了A类期刊，也是用机器学习的方法，但是是全参考的。我想要不尝试实现下他们的方法？不过有些东西看不懂。','2016-06-12','4月份去美国的差旅费已经报销了。给戴老师办公室打扫卫生。报销财务。',78,4),(250,'1、将远程更新的代码整合到整个的代码中（还在进行）。\r\n2、撰写远程更新代码的说明文档和烧写bin文件的说明文档。','2016-06-12','实验室服务：\r\n1、日常领取报纸、信件、快递。\r\n',79,6),(251,'无','2016-06-12','',26,13),(252,'调试程序。编写了“VTK编译及配置.pdf”介绍VTK的配置过程，使得项目组的其他人可以根据本文档配置编译好的VTK、ITK类库','2016-06-12','',73,13),(253,'撰写论文','2016-06-12','',72,20),(255,'潘蕾全：\r\n过去一周：\r\n1.编写关于钢琴项目的论文\r\n2.论文主体完成，剩下实验结论与总结\r\n2.熟悉LINUX操作系统的编程\r\n未来一周：\r\n1.开始MIDI事件分析代码编写','2016-06-12','',56,13),(256,'关联marching cube算法及其代码，理解算法和代码的意义','2016-06-13','',39,9),(257,'理解水平集论文的算法，及相应的代码','2016-06-13','',71,14),(258,'光流程序理解，raytrix  SDK研究','2016-06-13','',41,11),(259,'协助申报书撰写。学习数据处理工具。','2016-06-14','',36,12),(260,'修改GCT代码；投了一篇关于Hadoop的论文到ICVRV','2016-06-14','',42,19),(261,'1.这周主要期末考试。\r\n2.下周有时间跑一下压缩感知的代码，阅读之前的英文论文。\r\n','2016-06-19','实验室事务:市区送材料。',86,8),(264,'Test','2016-06-19','',86,8),(265,'1.这周主要准备期末考试。\r\n2.下周跑一下压缩感知的代码，还有把之前的英文论文看下。','2016-06-19','实验室事务：去市区送材料。',86,8),(266,'无','2016-06-19','',26,13),(267,'调研和调试VTK存在的输入输出，版本差异和bug','2016-06-19','',73,13),(268,'1 远程代码更新方案用SD卡测试\r\n问题：更新完成后需要重新上电才会跑\r\n2 SD卡读写测试','2016-06-20','实验室服务：日常领取快递、报纸、信件。',79,6),(269,'潘蕾全：\r\n过去一周：\r\n1.论文暂时完结\r\n2.LINUX操作系统编程熟悉\r\n2.开始MIDI事件分析代码编写\r\n未来一周：\r\n1.完成了头块以及部分链接点的结构设计','2016-06-20','',56,13),(270,'阅读水平集算法相关论文，理解算法思想','2016-06-20','',71,14),(271,'这星期由于要准备考试，没有好好看论文跑代码。','2016-06-20','',77,18),(273,'修改论文sampling delay部分','2016-06-20','',32,15),(274,'准备及完成marching cube算法的汇报工作','2016-06-20','',39,9),(275,'写小论文','2016-06-20','',72,20),(278,'完成小论文A Enhanced Method of tree structure using modified epipolar distance transform for stereo matching','2016-06-25','',39,9),(281,'1、确定原来的SD卡读写代码有问题\r\n2、更换读写SD卡的库，并测试SD卡读写\r\n3、协助罗姚翔进行压力测试','2016-06-27','实验室服务：\r\n1、领取信件、报纸、快递。',79,6),(283,'修改论文','2016-06-27','',32,15),(284,'无','2016-06-27','',26,13),(285,'继续学习VTK','2016-06-27','',73,13),(286,'这两个礼拜协助写完了南太湖精英计划申报书','2016-06-27','',36,12),(287,'潘蕾全：\r\n过去一周：\r\n1.代码编写\r\n2.16个通道链的创立，插入删除，修改函数\r\n未来一周：\r\n1.MIDI事件提取\r\n\r\n蔡业声：\r\n1.深入学习理解了STM32芯片开发中的开发框架、原理知识。\r\n2.制定了MIDI自动钢琴项目的驱动方案\r\n3.模拟了不同占空比的PWM波形输出，测试STM32时钟中断系统。','2016-06-27','',56,13),(291,'写小论文','2016-06-28','',72,20),(292,'查找并阅读水平集算法的书','2016-06-29','',71,14),(293,'1、分别在两块板子上测试新代码写SD卡的功能，运行一周以上，没有异常停止，SD卡记录也正常。\r\n2、协助罗姚翔完成代码测试。','2016-07-03','实验室服务：领取报纸、信件、快递。',79,6),(294,'VTK编程学习','2016-07-04','',73,13),(295,'蔡业胜：\r\n1 学习了钢琴项目硬件连接的过程，测试了四种钢琴弹奏力度 2 完善钢琴项目的底层驱动配置，并熟悉了项目的调试协议','2016-07-04','',56,13),(296,'无','2016-07-04','',26,13),(297,'撰写论文','2016-07-04','',72,20),(298,'修正zbox死机部分代码，研究新流量计的数据寄存器地址写法，去德清调试plc，测试西门子plc modbus协议交互，和绿源服务器技术人员调试交互协议','2016-07-05','',87,10),(301,'改论文','2016-07-05','',32,15),(302,'编译vtk，解决直接导入库时部分类方法未实现的问题，查阅vtk基本资料，读取dicom文件，跑通mc例程','2016-07-05','',75,10),(303,'6月后面两个礼拜都没好好看论文','2016-07-05','1、打扫卫生，整理财务。2、戴老师以色列，香港之行进行报销。3、戴老师暑假去日本，准备材料，联系签证代理商。',78,4),(304,'修改申报书','2016-07-05','',36,12),(305,'论文工作，软著工作，尝试搜集骨骼信息像素点','2016-07-05','',39,9),(306,'1.看压缩感知方面的论文；\r\n2.复现论文中的代码；','2016-07-05','',86,8),(307,'修改代码；编写关于Hadoop的专利；研究六边形转正交矩阵的程序','2016-07-05','',42,19),(312,'ray文件数据提取（标定参数、raw图）、ray到saa格式转换研究、光流计算深度程序研究、数学建模','2016-07-05','实验室整理，',41,11),(313,'1.看压缩感知方面论文。','2016-07-10','',86,8),(314,'1、将读写SD卡部分的新代码整合到整个代码，重写了相关函数并测试，功能实现后发现程序会跑飞。\r\n2、了解LPC远程更新需求和现有方案的大致过程。','2016-07-10','实验室服务：领取报纸、信件、包裹；购买笔芯。',79,6),(315,'潘蕾全：\r\n过去一周：\r\n1.MIDI事件的提取（仍有瑕疵），目前只是少量MIDI事件的提取,还没有加入只有两个字符的MIDI事件，算是特殊情况。\r\n未来一周：\r\n1.MIDI16个通道链的完成\r\n\r\n蔡业胜：1.完成钢琴项目的驱动板安装工作并对8种钢琴力度进行测试','2016-07-10','',56,13),(316,'着手开始封装VTK开源库形成自己的API。建立了一个代码托管仓库用于托管代码。开始接触ITK代码','2016-07-10','',73,13),(317,'无','2016-07-10','',26,13),(318,'论文修改，跑软著，笔试面试准备','2016-07-12','',74,9),(321,'1.看压缩感知方面论文，找实验代码。','2016-07-17','实验室事务：取软件验收报告。',86,8),(322,'潘蕾全：\r\n过去一周：\r\n1.MIDI文件的16条通道链基本分析完成\r\n2.只含两个字节的也包括进去了\r\n未来一周：\r\n1.完成系统消息的提取与填充\r\n        蔡业胜：\r\n1 钢琴项目键位测试 2 新电源线的制作','2016-07-18','',56,13),(323,'编写代码封装VTK，设计了封装方式和模块，包括数据类型、IO、图像渲染等','2016-07-18','',73,13),(324,'无','2016-07-18','',26,13),(325,'1、测试整合SD卡后的代码，排除是其他中断和管脚定义造成的。\r\n2、PLC远程更新方案的明确。','2016-07-18','实验室服务：拿报纸、信件、快递；寄快递。',79,6),(326,'SD部分：测试整合并修改后的代码（没有看门狗），正常运行4天，因为打开文件失败挂掉。\r\nPLC远程更新：查找现有的PLC远程更新方案，学习他们的实现；发现了一款现有软件VSPM，可以将发送给串口的数据传送到远程服务器。','2016-07-24','实验室服务：领取报纸、信件；收发快递。',79,6),(328,'无','2016-07-26','',26,13),(329,'无','2016-07-26','',56,13),(330,'封装VTK，学习ITK、深度学习理论','2016-07-26','',73,13),(331,'学习hadoop，准备笔试面试机试','2016-07-27','',74,9),(333,'7月第一周，完成了对左右图像进行SPNR评价的代码；7月第二周，见了韦学辉老师，她让我从宁波大学基础的论文开始读起，找到自己有兴趣的点深入学习，或者跟王婧师姐一样，融合多个视觉特性，看看评价效果是否良好。7月第三、四周，看基础论文，我对提取视觉兴趣点比较有好感，而且找到了一个图像感兴趣点的提取算法代码。','2016-07-31','7月第一周，戴老师日本签证手续办理，这次主要是联系签证代理并且准备他们需要的材料。7月第二周，制作和修改英溪人才创业计划ppt。7月第三、四周，整理张桦老师交代的材料，制作南太湖精英人才创业计划ppt。戴老师办公室日常整理。',78,4),(334,'无','2016-08-01','',26,13),(335,'无','2016-08-01','',56,13),(336,'编写HIL的工程文档，生成HIL的API文档。学习深度学习理论及主流深度学习软件框架','2016-08-01','',73,13),(337,'PLC远程更新：\r\n1、学习台达如何实现PLC远程更新代码。\r\n2、去德清学习松下PLC和西门子PLC如何下载程序。\r\n3、在服务器端实现数据转发。','2016-08-01','实验室服务：领取快递、报纸、信件。',79,6),(338,'修改论文，投稿，阅读新文章','2016-08-04','',32,15),(340,'去德清与绍兴调试流量计和PLC\r\n与服务器和网站开发人员沟通，进行数据项，协议，页面查看等部分的测试\r\n指导陈帅理解ublox部分代码','2016-08-04','',88,10),(342,'申请spine网站医学数据库\r\n利用vtk提速医学图像点云\r\n学习与应用柏松重建\r\n按照算法意义，理解并自己抽取了vtk内部的mc算法','2016-08-04','以后准备将用到的可视化类和图像处理类进行封装',75,10),(343,'7-1到7-20协助修改“南太湖精英计划”和“英溪计划”项目申报书','2016-08-04','',36,12),(344,'完成了一篇广告学的论文撰写','2016-08-04','协助修改三个专利。\r\n任重道远，↖(^ω^)↗\r\n老师辛苦了',84,12),(345,'讲解水平集算法的实现原理，看水平集算法的实现细节','2016-08-04','',71,14),(346,'1.主要是看压缩感知和光场的相关论文，还有做实验。\r\n2.数模集训和上课。','2016-08-04','',86,8),(347,'raytrix透镜中心提取，raw图转正交方法研究与改进，裸眼3D显示器的调试，数学建模','2016-08-08','实验室整理，清扫。',41,11),(349,'无','2016-08-08','',26,13),(350,'无','2016-08-08','',26,13),(351,'查找和阅读GPU深度学习平台框架相关的论文','2016-08-08','',26,13),(352,'1 测试用串口来给西门子PLC下载程序。\r\n2 去绍兴现场调试并安装ZBOX。\r\n3 做线：Jlink调试接线和板子的转接线。\r\n4 跟罗姚翔一起调试多个485设备组网\r\n5 SD卡写压力测试','2016-08-10','实验室服务：领取快递、信件、报纸；寄快递。',79,6),(354,'七月份，看兴趣点提取方法的论文和论文对应的代码。','2016-08-10','',77,18),(355,'去往德清继续PLC远程更新的事宜：\r\n1、将ZBOX代码的RS485口用作打印调试信息，RS232口用来传输数据（代码更新）。\r\n2、ZBOX能与服务器通信；PC也能与服务器通信。\r\n3、ZBOX的RS232能通过服务器与PC进行通信，可以互相实现数据发送和接收。','2016-08-28','问题：\r\n1、通过Ublox给服务器发送数据时有延迟，按一定频率给服务器发送数据时可能会使两次发送的数据合成一次发送。\r\n2、尝试进行PLC远程更新，PLC没有任何反应，串口也没有收到任何数据。\r\n3、直连电脑和PLC，通过串口给PLC发送更新时的数据，PLC没有反应，串口也没有输出。',79,6),(356,'PLC远程更新：\r\n1、解决了向PLC传输数据没有反应的问题。\r\n2、现在直接进行PLC远程代码更新，PC和PLC能正常地通信。\r\n问题：\r\n进行PLC远程代码更新的时候，ZBOX会在一次性传输大量数据的时候跑飞。','2016-09-04','1、去绍兴现场协助罗姚翔调试ibox。',79,6),(357,'1、PLC远程代码更新对松下PLC能用（程序只执行代码更新，不跑其它业务）。\r\n2、开始测试将CAN口作为调试口（未完成）。','2016-09-12','实验室服务：拿报纸，信件，快递。',79,6),(358,'1、与张老师讨论LNG项目事宜，并参与项目组会议；\r\n2、整理回顾LNG项目并分别制作介绍LNG进度和ZBOX的PPT；\r\n3、协助张老师管理项目，监督其他人，并给项目组新成员解决问题；\r\n4、去绍兴现场设置ibox，将其收集的数据定时发送到成都服务器；\r\n\r\n项目进度汇报：\r\n1、赵骏已经完成测试，232与485串口可以通过重新声明管脚定义的方式进行切换；','2016-09-25','实验室服务：\r\n领取报纸、信件、包裹；收发快递。',79,6),(359,'数学建模','2016-09-27','',41,11),(362,'去北京参加英伟达深度学习培训，与深度学习大会。深入学习vtk内部机制。申请医学图像数据库并下载。','2016-09-28','辅助lng项目，帮助曾老师写论文。以后准备着手学习深度学习框架',75,10),(364,'写基于多线索的小论文','2016-09-29','',42,19),(365,'写大论文','2016-09-29','',42,19),(366,'各项笔试面试，找工作','2016-09-29','',103,9),(368,'1.写测试代码,用一块板子发数据到绿源网站,用一块板子测试新的网站\r\n2.修改测试代码,近似实际现场数据\r\n3.一次未果的现场调试\r\n4.看java,学习后台代码,了解服务器搭建','2016-09-29','',98,41),(369,'1.复习了HTML,CSS。\r\n2.学习了jQuery,angularjs,JavaScript的相关知识，基本掌握了金睿之前用angularjs的前端代码，也发现了一些问题，比如删除无法实现，数据无法即使获取等。\r\n3.未来1-2周，打算把jQuery深入学习，jQuery是非常强大的库，配合服务器完善\r\nlng网站。','2016-09-29','存在问题，人机物联服务器，老是崩溃，前端无法获取服务器内容，服务器必须及时完善，需与陈帅很好的配合。',99,45),(370,'1.找七个方法的算法及跑代码\r\n2.看七个方法的论文以及它的算法\r\n3.研究出自己的提取兴趣点的方法','2016-09-30','',77,18),(371,'1完成钢琴按键弹奏，进行钢琴8级力度的测试 2学习can控制器的配置和发送接受 3查询市场上的自动钢琴演奏系统 4帮助师兄摘选论文资料 ','2016-09-30','王长横:实现了287的can口与stm32的can口进行通信 ，然后这个星期主要测试了lcd，并在板子上跑了一个qt写的helloworld。',94,47),(372,'1.熟悉midi音乐格式，了解已有的相关代码，修改bug，已完成音轨头分析部分 2.帮师兄找论文相关文献 3.替有事不能来的吴老师参加本科学生开题','2016-09-30','在国庆几天里，使代码解析可以完成，另外在接下来的一到两个月，希望可以学习以及用已掌握的前端知识搭建一个属于自己的博客',95,40),(373,'1.帮张老师找智能城市论文\r\n2.帮小罗师兄找手势识别论文\r\n3.协助沈师姐立体图像质量比较算法实现，在沈师姐帮助下在matlab中实现2D图像的ssim psnr算法，正在尝试根据深度图信息实现比较算法\r\n国庆回来期望:继续协助完成论文，学习后台知识','2016-09-30','',91,43),(375,'下载spine数据库，病调试程序','2016-09-30','',107,14),(376,'1:绍兴现场调试\r\n2:苏州现场调试\r\n3:移植纯净版mbed系统到LPC1768上\r\n4:mbed添加rtos测试中\r\n5:测试SD卡中','2016-10-01','',97,46),(377,'1 监督赵骏和史建凯进行LNG项目工作，并跟张老师反应。\r\n2 跟史建凯一起去苏州常熟3天，在厂区安装ZBOX，将数据上传到服务器。\r\n3 协助张老师造成工作。','2016-10-01','实验室服务：收取快递、报纸、信件。',100,6),(378,'找到了2d图像质量评价的8种常用方法，跑通了psnr和ssim的2d图像质量评价的代码，准备考虑深度方面来进行3d图像质量评价。','2016-10-01','打扫卫生，报销单子，寄快递，做戴老师的“十三五”和曾老师的教学改革的ppt。',78,4),(379,'9月总结：fullflow论文研读，vs调用matlab程序调试，数学建模比赛。10月计划：结合fullflow程序理解fullflow算法，raw转正交实验。','2016-10-01','实验室电脑、打印机修理，实验室整理，',109,11),(380,'******九月开学第一周******\r\n 1.去北京参加NVIDIA GTC会议。（1）参加NVIDIA动手实验室的培训；(2)与NVIDIA销售总监袁永清以及其他NVIDIA工作人员了解NVIDIA大学生计划事宜；(3)在深度学习分会场听大牛讲座学习\r\n******第二周*****\r\n1.深度学习方面。(1)研究深度学习框架Caffe在linux环境上的搭建，并成功，撰写了一份Caffe安装教程；(2)阅读了caffe官网的deep learning tutorial，加深了对Caffe框架的大致了解。阅读了许多CNN相关的深度学习基础博客，了解了学习深度学习的步骤方法。\r\n2.钢琴项目方面。与钢琴项目组开会，介绍钢琴项目及其开发过程的关键点，顺利完成项目交接。\r\n******第三周*******\r\n1.深度学习方面。(1)联系超微服务器，了解他们的服务器方案，作为我们采购信息储备；(2)根据深度学习专家吴老师的建议，查找服务器配件信息；(3)听取吴老师对深度学习的分享会，加深了对深度学习领域的应用和研究方向；(4)学习深度学习理论的时候，遇到很多的基础理论的困难，比如损失函数等概念，开始有意识地补充数学知识和基础理论，开始系统学习李航的《统计学习方法》这本讲述机器学习的书籍，和一些paper。','2016-10-01','9月份是从11号开学的，所以上面的周报只有3周的。我接下来的工作，要补足基础的机器学习理论，探究深度学习工作原理和优化方式，实践深度学习框架为主。然后再结合课题做一些实验研究。',105,13),(381,'9.14 Python-3.3廖雪峰 输入输出 数据类型 list tuple dict set 函数定义调用 递归 \r\n9.15 选课    \r\n9.16 Python-3.3 切片/迭代/列表生成式/生成器\r\n9.16 Python-3.3 map/reduce//filter/sorted/返回/匿名/装饰器/偏函数\r\n9.17 Python-3.3 安装第三方模块/_future_\r\n9.18 Python-3.3 类和实例/台机装ubuntu 16.04LTS\r\n\r\n9.19 Python-3.3 访问限制/继承/多态/对象信息\r\n9.20 Python-3.3 _slot_/@property/多重继承\r\n9.21 Python-3.3 定制类/元类/台机ubuntu 16.04更换成14.04LTS/中途遇到问题/解决\r\n9.22 Python-2.7 查看3.3版本跟2.7区别\r\n9.23 GPU服务器\r\n9.24\r\n9.25 Static/dynamic gesture recognition \r\n     #杰哥的论文 Related work part\r\n	 \r\n9.26 超微服务器\r\n     Releated work 总结\r\n	 #杰哥的论文\r\n9.27 Python-3.3与2.7区别\r\n9.28 Xundong Wu CNN 加速\r\n	 Asus主板\r\n9.29 caffe_tutorial_standford\r\n9.30 Gradient-based learning applied to document recognition','2016-10-02','',106,44),(384,'阅读论文','2016-10-05','',32,15),(386,'1. 在开发板上模拟液位、压力的数据发送，测试数据在服务器网页上的显示。\r\n2. 阅读mbed的代码。','2016-10-07','1. 在冰特云主机上给沈敏儿安装win7系统、给陈帅安装ubuntu系统，我的电脑由于驱动无法安装导致电脑无法使用。\r\n2. 打电话联系了冰特云的技术人员，尝试了他提供的解决方法，仍然无法安装我电脑上的驱动。',96,48),(387,'1. 实现了串口485和232的转换，并测试。\r\n    实现方法：在main函数之外第一次实例化的232和485的对象属于全局变量，在main函数内可以正常使用232和485这两个对象下的打印和输入函数。而在main函数内第一次切换232和485，即用类Serial重新实例化pc和u485的两个对象，实例化时传入的参数和之前调转，使得在构造函数里pc拿到的是串口485的管脚，而u485拿到了串口232的管脚，所以在第一次切换时，pc这个对象对应的是串口485，而u485这个对象对应了串口485，成功切换。而在main函数内第二次切换（即切换回原来正常的对应关系时），出现了对象重复实例化的问题。原因是在同一个作用域里，实例化对象的名字不能重复，但是这里又不允许改对象的名字（否则下面的打印函数就无法正常使用了），所以只能在每次切换串口（重新实例化对象）到下次切换串口之间加上括号，限定作用域。\r\n    注：在main函数之外的实例化和在main函数里第一次实例化对象时并不冲突，是因为在main函数之外的实例化的对象存属于全局变量，存放在全局区（静态区），而在main函数内实例化的对象是局部变量，存放在栈区。所以两者的对象即使重名，由于存放的位置不同，也并不会冲突。\r\n2. 使用串口配置ESP8266 WIFI模块，使得该模块可以连接无线路由器，通过UDP发送指定字节的数据给指定的IP地址上的设备。\r\n        该WIFI模块工作极不稳定，总是出现重复重启的现象，连接无线路由器也经常失败，按说明发送指定的AT指令配置也经常无效。该问题已经交给王华忠学长处理。\r\n3. 芯片选型\r\n   考察市面上性能较好（达到高通骁龙820级别）的芯片，同时要求搭载该芯片的第三方开发板支持LTE（3G、4G）等功能。我考察了现在市面上的三星和MTK的芯片，能达到功能要求并且开发资料充足的都是比较旧的产品了，达不到骁龙820的性能。','2016-10-07','无',96,48),(388,'1、9.10-9.20主要参与数模集训和比赛。\r\n2、9.21-9.30主要看论文，提出自己论文的思路。','2016-10-08','',110,8),(389,' 9-1号到9-15修改论文1并投稿，9-15到9-30写论文2并投稿','2016-10-09','',104,12),(391,'国庆放假……\r\n看了FATFS文件管理系统\r\n移植测试中','2016-10-10','',97,46),(392,'1 完成琴键8级力度参数记录，解决低占空比下的钢琴颤音问题 2 完成芯片can控制器通信 3 集成串口调试功能 4协助赵一解决midi解析','2016-10-14','王长横：汇报进度：这段时间测试了287上的读写sd卡。测试无线网卡在虚拟机中是否能工作，但是无线网卡有些问题，也就是说无线网卡坏了。下周准备买一个无线网卡，然后让287能ping百度。',94,47),(395,'1：硬件板子测试调试，解决3.3V和3.8V电压输出异常的问题\r\n2：测试mbed+rtos的硬件驱动情况，解决了SPI仿真无法出现结果而硬件通过逻辑分析仪通过的问题\r\n3：解决mbed+os后串口回调会进入harddefault_handler的问题','2016-10-16','1：在使用MBED+RTOS是要在device.h中配置相应的宏\r\n2：在使用SPI、I2C时需要使用逻辑分析仪，软件仿真是无法进行的',97,46),(396,'安装了与配置了caffe，学习机器学习的基础知识，线性回归，逻辑回归，神经网络，反向传导和稀疏自编码','2016-10-17','下周打算先了解和使用下caffe的经典例程，最好能看懂卷积神经网络',108,10),(398,'**********十月第二周**********\r\n本周：一.学习深度学习应用于图像分割。1.阅读博客：深度卷积网络CNN与图像语义分割；2.论文：Fully Convolutional Models for Semantic Segmentation； 下周：继续阅读论文和机器学习理论，并编程实践图像分割','2016-10-17','其他的大多数时间主要是在抄写党章。。。',105,13),(399,'在看稀疏编码和字典学习方面的内容，接下来重点看代码，我让杨仁斌一起跟我看这方面的东西，这样好讨论讨论。','2016-10-17','戴老师办公室日常卫生；周二给戴老师做名片，ps: 发现时间不经用，做个名片，一天就过去了。。周三请假去练车了',78,4),(400,'指导三位本科生前端学习，他们基础看了一遍，然后开始练习制作一个个人网站。','2016-10-17','曾老师让十一期间我做竞赛辅导ppt，共十个，是在做不下去，因为资料好难找。最后做了四个。',101,4),(401,'1、监督史建凯和赵骏完成工作，并解答他们一些项目上的问题。\r\n2、撰写基于大数据的物理信息融合系统说明，为校庆展示做准备。\r\n3、完成ibox数据项对应。\r\n4、撰写专利，并与张老师讨论。','2016-10-17','实验室服务：\r\n收去快递、信件、报纸；寄发快递。',100,6),(402,'1.用串口配置8266WIFI模块，连接路由器，建立UDP连接发送数据到服务器上。已经验证第一块WIFI模块有问题，尝试刷新了多个版本的固件，仍然无法正常使用。2.换了一块WIFI模块后，可以正常使用，把WIFI模块通过串口232连接在开发板上，通过开发板发送串口数据配置WIFI模块，并建立UDP连接，发送数据。','2016-10-18','由于网络等原因，每次发送给WIFI模块AT指令后，无法预知WIFI模块在什么时候响应，并返回AT指令，所以需要将串口232的接收函数receive232通过pc.attach()设置为中断接收。',96,48),(403,'1.用matlab实现VIF FEATURESIM MSSSIM IFCEVC UQI图像质量评价算法\r\n2.接触稀疏表示，字典学习的论文，看KSVD-MOD文档','2016-10-18','',91,43),(404,'10.8 Gradient-based learning applied to document recognition\r\n	 Python-3.3 IO 多进程/线程\r\n10.9 Python-3.3 正则表达式/模块/GUI/\r\n10.10 Python-3.3 TCP/UDP/SMTP/POP3\r\n10.11 Python-3.3 主机电源/Ubuntu GTX 760驱动安装\r\n10.12 cuda-7.5安装 caffe编译\r\n10.13 cuda-8.0安装 cudnn安装\r\n10.14 云栖大会-人工智能\r\n10.15 mnist训练','2016-10-18','',106,44),(405,'上个星期看论文跑代码。这个星期看Trajkovic代码，把它改成适用于三维模型兴趣点提取，看3D Harris代码。','2016-10-18','',77,18),(407,'学习hadoop.spark框架，学习java多线程编程，整理大论文，构思论文内容','2016-10-18','',103,9),(408,'1、调试通了CS基本算法；\r\n2、找到了分布式压缩感知和分块压缩感知算法，但是无法和多种基本算法融合起来比较，无法修改其中方法。','2016-10-18','',110,8),(409,'1.深入学习了jQuery技术，为往后的前端工作打好基础。\r\n2.找海兴，了解了lng网站，数据库的结构，讨论了数据不及时显示及服务器崩溃的原因。\r\n3.协助学姐，开展前端小组讨论会。','2016-10-18','配合师姐打扫好实验室卫生。',99,45),(410,'调试出论文中脊柱分割程序，得到运行结婚，但不知道其结果的具体含义及怎么使用，接下来一周将按照论文中的步骤，对程序进行分步理解','2016-10-18','',107,14),(411,'10.8~10.12\r\n看java编程思想，进度很慢\r\n10.12~10.17 \r\n在图书馆接了几本书：Java程序设计基础教程，Java EE 5完全自学手册，JavaWeb开发技术教程\r\n快速过一遍Java程序设计基础教程，了解基本语法，概念','2016-10-19','',98,41),(412,'写了小论文，在写打论文','2016-10-20','',42,19),(414,'1.用matlab实现GSM MAD算法2.协助吴老师找项目相适应的数据库','2016-10-22','去行政楼调账',91,43),(416,'SD卡在跑，测试掉包率\r\n用C++重构网络连接代码','2016-10-23','',97,46),(417,'学习了深度神经网络，softmax回归，卷积和池化的基础知识，caffe的基本框架和例程。目前没有找到适用三维分割的深度学习使用，只看到2D分好再反馈回3D的情况。','2016-10-23','',108,10),(418,'1、监督史建凯和赵骏完成工作，并解答他们一些项目的问题。\r\n2、与张老师讨论LNG事宜并将分配任务。\r\n3、为配合校庆参观，在523搭建基于大数据的物理信息融合系统，并在参观当天给参观的人进行讲解。\r\n4、在张老师指导下,完成PLC远程更新系统专利的撰写。','2016-10-23','实验室服务：领取报纸、信件、快递；购买纸巾等实验室办公用品。',100,6),(420,'10.17\r\n看完java,了解基本javaSE的语法，面向对象思想，重载，复用，多态，接口....\r\n10.18\r\n配置eclipse,JDK,JRE,mySQL,maven,tomcat环境，在本科生帮助下在PC上跑起来\r\n10.19\r\n了解hibernate,spring,jersey框架\r\n熟悉LNG项目代码，每个包的作用和所用框架\r\n用maven加载,运行jersey框架下的入门事例\r\n10.20\r\n了解servlet容器：tomcat，以及tomcat操作，基本指令\r\n看javaweb视频\r\n开发web应用程序，并部署到tomcat服务器下运行\r\n配置任意目录下的web应用程序\r\n10.21\r\n编写第一个web应用程序并部署到eclipse内置server\r\n了解servlet配置，生命周期方法：init，server，destory。。。\r\n了解servletConfig对象，servletContext对象，编写相应的web程序，并配置XML','2016-10-23','ps:\r\ndeadline前搭好服务器有些困难',98,41),(421,'1.学习并利用jqueryUI和bootstrap技术，初步构建了lng项目所要的基本框架，但数据链接的部分仍然需要完善，由于后台还没有提供接口，暂时无法测试数据，后期会写一些json数据模拟一下。\r\n2.协助师姐开展网站开发小组的相关工作。\r\n3.帮助仇老师处理申请报销等事宜。','2016-10-23','下周计划，继续深入学习jquery,因为在改easyUI框架的时候，需要大量的juery知识，才用快速的改成想要的样式。',99,45),(422,'1 学习linux下287编译环境配置 2与王长横进行287与stm32芯片通信的测试。','2016-10-23','王长横：周报：这周无线网卡几乎周末才到也没有仔细的进行测试能不能用，而且can在周五的时候出现了一些问题。但现在已经解决问题了，准备下周与蔡师兄的32板子用can通信一下，并在程序中加入sd卡的一些部分。',94,47),(423,'1 学习linux下287编译环境配置 2与王长横进行287与stm32芯片通信的测试。','2016-10-23','王长横：周报：这周无线网卡几乎周末才到也没有仔细的进行测试能不能用，而且can在周五的时候出现了一些问题。但现在已经解决问题了，准备下周与蔡师兄的32板子用can通信一下，并在程序中加入sd卡的一些部分。',94,47),(424,'开始写大论文','2016-10-23','',104,12),(425,'看代码和论文，提出方法，先实现二维的，在想办法，二维变三维','2016-10-23','校庆参观值班',77,18),(426,'主要看了宁波大学的用稀疏表示来评价立体图像质量论文，理清了文章的思路，接下来重点看ksvd，dog和omp算法的过程','2016-10-23','做名片（印刷200张），财务，戴老师房间日常卫生，周日给戴老师房间大扫除',78,4),(427,'前两周主要让本科生学习前端基础，这周开始lng项目，用bootstrap框架搭建网站首页','2016-10-23','',101,4),(428,'1.WIFI模块连接在开发板上后，上电后板子通过串口232发送AT指令给WIFI模块，串口485接受到调试信息，输出时会有乱\r\n码。通过分析，发现是函数库里提供的接收和打印函数u485.scanf( )和u485.printf( )在串口232作为中断接收字符时，\r\n无法正常实现打印和输出功能。所以我重写了一个串口232的接收字符的函数，在该函数里通过pc.getc( ) 接收单个字符\r\n，并放入一个字符串缓冲区，在每次串口232接收到一句完整的以\'\\n\'结尾的打印信息后，用u485.printf( )打印出这句话\r\n，并清空缓冲区，等待下次的串口232输入。用这种方式实现的485打印函数不会被232的中断接收函数打断，实现无乱码的\r\n打印输出。\r\n\r\n2.在开发板上用create_submit（）函数构建了一个测试数据包，通过WIFI模块发送给阿里云上的UDP接收程序，该接收程\r\n序有时能正确接收到数据包，有时会发生段错误。还未解决问题。\r\n\r\n3.尝试将开发板上所有用create_submit（）函数构建的数据包通过WIFI模块发送给阿里云上的UDP接收程序，还未完成。','2016-10-23','',96,48),(429,'脊柱分割程序的第一步调试，对脊柱进行初始位置和旋转的估计进行分步查看运行结婚，理解算法思想','2016-10-23','',107,14),(430,'10.17 Fully Convolutional Networks for Semantic Segmentation\r\n10.18 Fully Convolutional Networks for Semantic Segmentation\r\n10.19 Fully Convolutional Networks for Semantic Segmentation\r\n10.20 caffe example/feature_extraction\r\n10.21 用训练好的model对caffe-master/examples/images/cat.jpg分类','2016-10-23','',106,44),(431,'fullflow代码研读，raw转正交调试，Linux基础学习','2016-10-23','校庆展览，实验室整理',109,11),(432,'基本完成解析工作，还有一点bug需要分析','2016-10-23','接下来完成传输的实现和测试',95,40),(433,'看ksvd和omp代码，还有调试；','2016-10-24','',110,8),(434,'********十月第三周*********1.深度学习方面：1）学习了caffe用于数字识别的完整例子，从代码编写、模型训练、使用训练好的模型进行预测；2）阅读深度学习用于，图像分割的论文；3）学习深度学习用于图像分割的例子，但是目前还没有运行起来','2016-10-24','',105,13),(435,'调试和学习了caffe的源代码，这周主要掌握了caffe.proto 和caffe的主程序与solver层的原理，想要能自由修改caffe的话，还有net layer io 需要掌握，当然如果有时间的话，很想去连接数据层和多进程，多gpu运算与cuda','2016-10-30','',108,10),(437,'1 用287同时控制2个32板的琴键顺序弹奏，准备下个星期完成所有琴键的顺序弹奏。2 针对can通信间隔在0.02秒以下会发生丢包的情况，暂时还没有解决 3 进行287的linux环境以及芯片的配置，遇到了问题正在努力解决。','2016-10-30','周报：这周实现了287对两个32板进行通信，并且无线网卡在虚拟机上可以使用。下周准备先解决287发包速度加快是stm32板上丢包的情况，并根据准备加入midi解析部分。',94,47),(438,'1、监督史建凯和赵骏完成工作，并解答一些关于项目的问题；\r\n2、将APN信息（服务器IP和地址）保存到Flash功能着手实现；\r\n3、撰写ibox更改IP和查看网站的使用说明文档；','2016-10-30','实验室服务：\r\n领取快递、报纸、信件；',100,6),(439,'SD卡保存数据ok\r\nGPRS模块重启测试过程中发现无法接收到应答报文，从个人服务器端发现有些包数据异常，用测试端向服务器发送数据发现服务器无反应\r\n测试芯片内部flash数据读写成功目标芯片为stm32可以修改为lpc1768\r\n修改槽车代码完成','2016-10-30','学习php中，搭建环境的时候遇到点问题80端口冲突。',97,46),(440,'在赵俊的大力帮助下，完成了287的linux环境配置。\r\n','2016-10-31','',94,47),(441,'1.看以HBase为基础的时间序列数据库论文 2.用cftool拟合matlab算法图像给沈方瑶师姐，看ksvd的文档  3.帮曾老师到外事处签字','2016-10-31','',91,43),(442,'1.利用bootstrap和easyUI完善了上周的框架，并做了登录，数据表格的界面，并利用bootstrap addtab实现了侧边栏的导航，下周主要是获取和处理数据并显示。\r\n2.帮助吴老师做PPT的画图工作。\r\n3.协助师姐开展网页开发小组的活动。\r\n4.帮助仇老师处理毕业设计报销等事项。\r\n5.和师姐，杨仁斌帮忙找百盛的资料，打扫实验室卫生','2016-10-31','不足，很多碎片化的时间没有利用，没有与后台保持很好的沟通，导致任务延期，后期会加强沟通，完成任务。',99,45),(443,'已完成对于midi格式的简易解析与发送模板的建立','2016-10-31','接下来将这部分代码导入总的代码，进行发送测试，代码修改的工作',95,40),(444,'1.对WIFI模块串口485接收到调试信息的机制进行改进，使用二维数组接收WIFI模块的调试信息。\r\n2.使用计数器，使得开发板上可以在指定时间间隔内，通过WIFI发送一次数据。\r\n3.正在尝试完成功能：指定时间内查询WIFI是否掉线，如果掉线就重新连接WIFI模块。','2016-10-31','帮助钢琴项目组解决了Linux下网络文件系统无法挂载的问题',96,48),(445,'1、研究ksvd算法和mp算法；\r\n2、本周任务：尝试用少量视点还原多视点图片的可能性；','2016-10-31','',110,8),(446,'\r\n*****10月第4周*****1.对深度学习开发步骤有了一定的认识，撰写了1个讲述Caffe应用的PPT；2.深度学习应用于图像分割，找的论文是FCN方面的，并尝试使用了FCN的源代码训练模型，但是主机性能不行无法训练，撰写了1个Caffe FCN的PPT；3.搭建了一个个人博客(http://blog.livelts.com)用于存放文档，上传了Caffe Python接口配置文档。4.为实验室的主机配置了多用户，使得其他人可以远程访问到主机，在我的主机上跑代码。','2016-10-31','下周计划：阅读深度学习在医学图像上的分割论文，继续研究Caffe代码',105,13),(447,'主要看字典学习的代码','2016-10-31','财务',78,4),(448,'让学弟学妹们重新设计上周的网站','2016-10-31','',101,4),(449,'fullflow代码研读，linux服务器配置','2016-10-31','',109,11),(450,'1.学习http协议中的GET&POST请求\r\n2.ServletRequest，ServletResponse,GenericServlet,HttpServlet类并编写相应代码运行\r\n3.学习JSP语法，了解9个隐含对象，域对象的属性操作，include，page指令以及转发和重定向。编写代码运行\r\n4.学习MVC设计模式，编写简单的MVC案例实现查询与删除\r\n5.了解当前项目的缺点问题，找方法改进','2016-10-31','预计下周可搭建出简单的后台',98,41),(451,'理解脊柱分割第一步预处理步骤，代码调试，得到各个小步骤的结果','2016-11-01','校庆60周年参观',107,14),(453,'大论文','2016-11-01','',42,19),(454,'','2016-11-01','帮忙提交一项发明专利申请',104,12),(455,'将二维Susan角点检测改写成三维的，现在已经根据二维Susan写出三维的代码，使用评估代码得到的结果并不理想，需要进一步改进。','2016-11-01','',77,18),(456,'改论文，写专利','2016-11-02','',32,15),(458,'10.22 Deep learning tutorial Hung-yi Lee\r\n10.23 Deep learning tutorial Hung-yi Lee\r\n10.24 Fully Convolutional Networks for Semantic Segmentation\r\n10.25 FCN网络归纳/FCN对CNN的改进\r\n10.26 计算机视觉——算法与应用/图像处理\r\n10.28 计算机视觉——算法与应用/特征检测与匹配\r\n10.29 计算机视觉——算法与应用/特征检测与匹配','2016-11-02','',106,44),(459,'10月月报：\r\n1、研究分布式压缩感知对我们光场采集上的可行性和创新性；\r\n2、阅读和调试cs代码，重点是ksvd和mp等算法；\r\n3、研究用压缩感知方法，用少量视点重建多视点的可行性；','2016-11-02','',110,8),(460,'1完成一个287以平均0.6毫秒的间隔同时对七个32板的通信，且没有丢包，下周准备完成串口调试框架。 2配置LINUX环境，但是由于个人电脑问题还是没有完全成功，下周准备换一台电脑再配置。','2016-11-04','王长横周报：这周主要与师兄共同解决了丢包现象，现可实现平均0.6毫秒的频率接包不丢失。而且实现了一个287对七个32板的通信，且没有丢包现象。接下来准备向发包程序中加入midi解析部分。',94,47),(462,'和板子相关的代码放到一起调试','2016-11-06','接下来在Linux下把代码调成功',95,40),(463,'1:学习UML\r\n2:高级计算机网络作业(抓包分析)\r\n3:翻译论文\r\n4:这周真心没干啥(￣∇￣)','2016-11-06','',97,46),(465,'1.帮沈师姐运行字典和稀疏矩阵算法，看基于稀疏表示的立体图像客观质量评价方法论文2.去档案室查档案','2016-11-07','',91,43),(466,'1、监督史建凯和赵骏完成任务，并解答他们一些问题。\r\n2、测试Flash存储和远程更改IP功能。\r\n3、去绍兴出差：将众华的报警灯换成蜂鸣器；确认ibox数据传输的协议；将槽车的ibox重新接入老系统。\r\n4、修订ZBOX协议，使它支持ibox协议，并增加了一个气态流量计和一个称重流量计的数据项。\r\n5、跟随高老师去江苏南通出差，与华港洽谈关于供气站系统改造的相关事宜。','2016-11-07','实验室服务：收取快递、报纸、信件；寄发快递。',100,6),(467,'******11月第1周******深度学习方面：1.完整研读了Caffe的官方中译教程，对Caffe的代码框架结构有所了解。2.开始查找论文，搜索深度学习在医学影像方面还有其他什么创新应用。','2016-11-07','感觉自己查找和阅读英文论文比较吃力(^@@^)。这一点需要自我改进。我的博客(blog.livelts.com)使用nginx重新部署了，学到了一些nginx服务器配置相关的知识。Blog自动部署方面的技术，还有nginx的高级技巧感觉还可以研究下。',105,13),(468,'顺利用clion调试了源码，学习了caffe中net layer blob之间的关系，整体处理问题的架构和流程已经理解，但是还不够深入。需要补习一下boost库的知识和c++ primer :)','2016-11-07','',108,10),(470,'1.在windows和oxs上搭建了caffe环境并编译成功，成功运行官方提供的手写体数字识别例程获得99%以上的分类准确率，了解了Mnist数据集。\r\n2.学习深度学习的基础内容，包括多层感知器、反向传播、sigmo激活函数、卷积神经网络的共享权值、局部接受域、下采样（Mac-pooling）等。\r\n3.根据老师布置任务学习matalab 调用caffe模型，目前由于matlab在osx的编译环境（Xcode)没有搭好，没能成功运行官方提供的使用matlab接口的demo。\r\n4.在github 上查找了有关深度学习的课程、项目、文章。\r\n5.每周在线观看Andrew NG的经典机器学习视频课程。\r\n6.由于刚入门，所以导师布置的关于深度学习网络改进方面的研究还没有去了解。','2016-11-07','',117,49),(471,'1.学习easyUI的融化，达到想要的表格效果，通过写json数据，在服务器上进行基础测试，用原生的jQuery代码，美化了侧边栏。\r\n2.组织开展网站实践小组的相关工作，解答疑问，布置任务，共同学习。\r\n','2016-11-07','不足:因为lng项目的数据是实时更新的，需要很强大的数据库，暂时还实现不了数据的定期更新。\r\n下一周打算，学习jQuery和原生的JavaScript，对后期前端的构建打基础。\r\n',99,45),(472,'1、利用servlet，dbutils实现登陆，数据增删改查\r\n2、了解httpsession生命周期\r\n3、了解filter。创建HttpFilter，检查用户是否登陆\r\n4、通过Listener理解域对象生命周期，servlet监听器','2016-11-07','',98,41),(473,'1、看论文，找思路；','2016-11-08','',110,8),(474,'字典和稀疏系数矩阵已经求出来，稀疏度也不错，接下来按照论文的过程修改代码。','2016-11-08','整理巧融报销发票，做CSIP会议赞助商邀请涵，打扫卫生',78,4),(475,'CAN和板子调试','2016-11-13','基本看完Sails.js框架，基本了解了RESRful框架风格的内容',95,40),(476,'1、看懂Mit　Media Lab中的代码，能复现他们的结果。\r\n接下一周：\r\n1、看能不能修改下他们的算法。\r\n2、用我们数据试试。','2016-11-13','',110,8),(477,'fullflow代码修改，scene flow 论文及代码研读，实验室服务器修理','2016-11-13','实验室整理，帮周博办理出国手续',109,11),(479,'1:修改LNG代码以适应气态流量计\r\n2:绍兴出差\r\n3:修改LNG代码，解决飞数字问题\r\n4:修改代码，微调\r\n5:确认ZBOX物料\r\n6:测试塖州代码','2016-11-14','',97,46),(480,'****11月第2周****本周任务，以cvpr2016为主，阅读论文查找深度学习在图像方面的应用。查找了几篇cvpr的论文，但是看得比较慢。','2016-11-14','学习了一下PHP和nginx搭建和开发web服务器。复习了一下python',105,13),(481,'1、监督史建凯和赵骏完成工作，解答他们一些问题。\r\n2、去众华出差，将优诺和华港两个点的ibox接入到新系统中。\r\n3、去嵊州出差，查看现场情况，核对现场设备型号。\r\n4、准备下周去嵊州的事宜：修正代码并测试。','2016-11-14','实验室服务：领取快递、报纸、信件。',100,6),(482,'1.前台布局已基本布好，由于后台未搭建好，项目暂未有新进展。这周主要深入学习angularjs的相关知识。\r\n2.组织开展网页创新实践的相关工作，答疑，任务布置。\r\n3.帮老师申请专利报销单，并交相关表格。','2016-11-14','未来一周打算，深入学习angularjs，并做一些实例联系，复习英语六级。',99,45),(483,'1.看基于稀疏表示的立体图像客观质量评价方法和ksvd的论文2.帮忙填写项目软著等信息3.自学java web和python 的内容','2016-11-14','',91,43),(484,'阅读了一篇CVPR论文，学习了caffe中内存显存的同步机制，但是目前caffe的二级工厂还是没有理解，不同层的创建过程比想象的复杂','2016-11-14','周三出差绍兴帮忙项目',108,10),(487,'1.结束WIFI模块的代码调试\r\n2.写操作系统论文PPT','2016-11-14','',96,48),(488,'1.学习STM32相关知识\r\n2.整理实验室物料','2016-11-14','',96,48),(489,'1. 在ubuntu 上成功编译caffe 的matlab接口，使用官方训练好的ImageNet 模型来测试一张小猫的图片，学习matlab 接口源码，由于电脑配置较弱，所以没有自己根据数据集来训练模型，而是使用官方训练好的模型。\r\n2.在web of science、IEEE、Github上查找了深度学习在图像分割、边缘检测有关的论文，在github 上找到了一个图像分割的开源项目，它给出了项目对应的论文、已经上线的网页应用，在它的网页应用上测试了我上传的图片，分割效果良好，下个星期将在自己的机子上跑该项目、阅读其论文。\r\n3.学习斯坦福大学教授Li FeiFei的计算机视觉课程，其中重点讲解了深度学习在计算机视觉上的应用。\r\n4.学习python 、matlab编程。','2016-11-14','',117,49),(490,'1 完成所有键位的8力度顺序弹奏（第一块驱动板无法正常使用，应该是被我们测试时弄坏了） 2 进行midi解析弹奏实验 3 测试个别无法弹奏，并记录','2016-11-15','王长横：周报：这周主要实现了钢琴的顺序弹奏，并发现钢琴上的一些按键有问题。还将midi解析程序结合到can发送程序中。下周主要测试结合了midi解析的发送程序的正确性。',94,47),(491,'11.8-9\r\n配置eclipse的spring，hibernate插件，配置环境.xml文件，导入架包等\r\n11.9\r\n集成spring+hibernate框架，并完成各个模块单元测试\r\n11.10\r\n集成springMVC+spring+hibernate框架\r\n完成新增，查找功能。UTF过滤器解决乱码问题\r\n11.11\r\n完成更新，删除功能','2016-11-17','',98,41),(492,'1.帮史建凯测试新板子。\r\n2.帮陈帅导出绿源服务器数据。','2016-11-19','',96,48),(493,'项目:组织开展创新实践前后台的小组讨论会，确定了lng网站的需求和API。明确了各自的任务，界面已基本完成，下周会着重学习与后台的数据交互。\r\n服务:1.帮吴老师，去档案室，查找专利和软著。\r\n         2.协助张老师，完成绿源网站的信息录入。','2016-11-20','',99,45),(495,'1、监督赵骏和史建凯完成工作，并解答他们一些问题。\r\n2、与史建凯去嵊州出差，配合张工接线，在现场安装ZBOX，将数据上传到服务器。\r\n3、去宁波出差，教绿源方面的人如何更新ibox的IP和端口。\r\n4、制作并测试ibox更新IP用的串口线。','2016-11-20','实验室服务：\r\n1、领取快递、报纸、信件，寄发快递。\r\n2、帮张老师领取在校外打印的文件。',100,6),(496,'1 钢琴节奏调试 2 编写调试框架','2016-11-20','1 翻译论文 2 完成课程作业 （王长横这周有事回家）',94,47),(497,'1.结合论文看matlab源代码2.找院长财务签字，财务大厅财务报销，把设备申请表送到学科建设办公室','2016-11-20','操作系统小组制作ppt，学习servlet和jsp ',91,43),(498,'光流代码加速：matlab，c，gpu混合编程的学习。服务器和打印机维修。','2016-11-21','实验室卫生清理',109,11),(499,'*****11月第三周*****科研方面：1.拜访了通信学院做DL的实验室，分别调研了Matlab与caffe整合、以及DL的实践经验；2.开会明确了DL的学习，以及它在课题组的定位；3.看了LeNet的论文的一半，这篇DL的论文长达46页','2016-11-21','',105,13),(500,'1、用自己的图片数据重现了实验，但结果不理想；\r\n2、修改代码；\r\n这周任务：\r\n1、尝试改变代码中重建算法或测量矩阵，对比各种方法PSNR值；\r\n2、重新采集数据，重做实验，尽量得到清晰重建结果；','2016-11-21','',110,8),(501,'1：嵊州出差\r\n2：测试深圳的ZBOX板子功能\r\n3：开始四轴的项目\r\n4：写mbed邮箱调度测试代码，测试多线程邮箱调度，效果还好','2016-11-21','开始自己的小四轴项目，现在在看四元数姿态解析，苏州出差完了写一个测试代码看看，手头有MPU6050和磁向模块。一个一个的来吧',97,46),(502,'前后端人员讨论，分配lng网站任务','2016-11-22','戴老师办公室大扫除，财务。其中杨仁斌帮我交的单子',101,4),(504,'1.连接远程服务器，拷贝oracle数据库备份文件\r\n2.前台后台开会，确定API接口','2016-11-24','',98,41),(505,'1.开展创新实践小组会议，确定API，并调试API，基本与海兴，陈帅的后台形成联动，解决学弟学妹们的疑问。争取下周调好一个界面，实现数据的显示。\r\n2.帮绿源客服，处理lng网站的数据，添加，修改用户ID等问题。\r\n3.帮吴老师寄快递。\r\n4.帮周元斌师兄，填写汇款单，申请借款单。','2016-11-25','',99,45),(507,'这个月在研究项目代码，编写代码，提高自己编写代码性能，看此方面相关论文，准备写专利。','2016-11-25','',77,18),(508,'深入学习了全卷积网络FCN的相关论文，进一步学习了深度学习的基础知识，如数据的正规化，上采样等，搭建了深度学习可视化平台dgist，学习了二维与三维匹配的基础原理','2016-11-25','出差帮忙lng项目',108,10),(510,'(补上周)287通讯串口测试','2016-11-26','阅读fundman代码，书序代码逻辑',95,40),(511,'（本周）项目测试，钢琴已经基本可以弹出想要的音符，但是硬件以及软件方面还需要优化','2016-11-26','了解node test框架mocha 对fundman通过postman测试api，写测试代码',95,40),(512,'主要进行midi文件弹奏效果测试，但是音调和音准等方面与理想还有一定差距。最后分析总结了潜在的问题和经验，比如琴键按下时间并不能等同于驱动板通电时间。准备在下一周对硬件缺陷部分进化优化并且优化实际弹奏效果。','2016-11-27','王长横：周报：这周主要测试了程序的正确性，发现琴键弹奏的节奏与预期还有差距，体现在音准和节奏上，但总体实现了midi解析歌曲后进行弹奏。下周主要把坏键修好，并解决节奏问题和发包时间间隔的问题。',94,47),(514,'字典训练，求出了参考和失真图像的稀疏系数相似度。写了发明专利：一种基于字典学习和人眼视觉特性的立体图像质量评价方法。下周投。','2016-11-27','打扫戴老师办公室，财务，CSIP会议相关事情。',78,4),(515,'1、给赵骏和史建凯安排任务，并监督他们完成。\r\n2、根据戴老师的要求绘图描述ZBOX的功能架构。\r\n3、去绍兴出差，修理气态流量计，拆掉现场ZBOX的大机柜，在现场单独另安装ZBOX。\r\n4、与张老师讨论项目事宜，明确下一步的事情。','2016-11-27','实验室服务：\r\n1、领取快递、信件、报纸；\r\n2、购买办公用品：回形针、文件袋。\r\n',100,6),(518,'写专利，写软著','2016-11-27','',32,15),(519,'****11月第4周****科研方面：1.学习了用于深度学习的数据集的制作，数据和标签；2.学习了机器学习中SVM的相关内容；3.阅读一篇多维数据输入到深度学习系统的方法论文','2016-11-27','',105,13),(520,'fullflow文章和代码研读，光场合成图像数据集收集，几何互补模型的遮挡检测代码调试及gpu加速，写遮挡检测专利申请','2016-11-27','帮周博办理出国手续，发票整理报销，服务器打印机维修',109,11),(523,'1.在ubuntu上搭建Caffe框架的GPU+CUDA编译环境，将之前使用纯CPU编译的Caffe源码用GPU再编译一次，比较GPU和CPU编译的性能。\r\n2.学习论文Fully Convolutional Networks for Semantic Segmentation，理解全卷积神经网络的原理、模型结构已经在图像分割方面的应用，同时了解图像语义分割领域的挑战赛PASCAL VOC2012的最新排名情况，特别是分割效果较好的前几个团队所采用的方案，发现他们的网络模型基本上是全卷积网络+CRF条件随机场，也就是本周所看的FCN论文内容。\r\n3.学习深度学习的基础知识，特别是和机器学习重合的内容，如SoftMax激活函数，初步了解了语义分割里面经常使用到的条件随机场、马尔可夫场的内容，但是没能理解。\r\n4.继续学习Matlab编程语言。','2016-11-27','',117,49),(525,'1.安装Python及其依赖库环境，学习Caffe的Python接口，特别是利用自己的图像数据（网上下载的）来训练经典的图像分类模型，训练过程中GPU显存不足，经过查找资料发现可以调整Batch_size即每一次迭代所选取的图片数量，发现在2G显存的条件下batch_size大小大约为80张，这比模型要求的数量要少，这也导致了分离准确率约为92%。\r\n2.学习利用Python绘制网络训练过程中的loss和accuracy 曲线，将训练过程可视化，方便调整学习率把控训练过程，学习如何让网络往收敛的方向走。\r\n3.初步学习导师交代的关于4D光场图像在深度学习上的应用的论文，下一步准备尽可能地安装论文所学还原其中的实验模型。\r\n4.学习python基础编程。','2016-11-27','',117,49),(526,'1.用matlab写了求图片分8*8小块的信息熵函数，并用矩阵存储，学习图像样本训练，初始化字典，训练字典2.根据java教程编写登录注册系统(进行中)','2016-11-28','',91,43),(528,'1:绍兴出差\r\n2:发现mbed得几个小bug\r\n3:折腾飞控板','2016-11-28','',97,46),(534,'本月完成了算法的调试和讲解，本周继续对脊柱数据库进行查找，看是否有三维模型，暂时未找到，对脊柱数据库进行分类整理，查找2d/3d配准相关论文','2016-11-28','财务',107,14),(535,'1.测试板子做下位机时，通过485给上位机发送modbus指令，没有回复的问题。\r\n2.学习STM32','2016-11-28','',96,48),(536,'1.学习git，在git hub上clone源码\r\n2.学习gradle构建工具\r\n3.看代码，写产品搜索代码','2016-11-28','',98,41),(537,'1、修改代码中重建算法，得到不同算法下的psnr值；2、用自己数据重建出稍清晰结果；\r\n这周任务：1、开始写论文，尽量把框架确定；2、继续改进重建算法，得到不同算法下的psnr值，做比较；','2016-11-28','写了一份基金申报书，其中内容做中期的文献综述来用。',110,8),(538,'小论文录用后的格式修改和材料提交工作，学术和工程上没做什么主要工作，这个月主要忙自己的大论文和申请博士的事。','2016-11-29','提交了一项发明专利，老师辛苦了❤',104,12),(542,'1.解决了下位机接收上位机的MODBUS查询指令和下位机回复上位机MODBUS指令不同步的问题。\r\n2.解决了上位机接收下位机MODBUS指令不正确的问题。（下位机通过串口485回复上位机指令时，奇偶校验位必须关闭！）\r\n3.用两块板子模拟上位机和下位机的工作，同时用上位机通过GPRS把网络数据包发送到绿源网站上。','2016-12-03','给戴老师的电脑装系统。',96,48),(546,'周一韦学辉老师给了我两篇关于字典学习质量评价的博士论文，看看有没有启发。','2016-12-04','财务，打扫卫生，做国际合作项目PPT，学车请假三天。',78,4),(547,'查阅了一些2D3D匹配的论文，到看到的都是基于投影的方法，空余时间补充了深度学习的基础知识','2016-12-04','',108,10),(548,'找测试用的文件','2016-12-04','完成吴老师布置的fundman代码中，总项目存档，其相应的课题子课题相应存档的任务',95,40),(549,'项目:\r\n1.用户的显示添加，编辑删除功能已基本实现，下周lng项目会基本结束。\r\n2.开展创新实践网页开发小组讨论会，解答疑问，布置任务。\r\n3.初步了解了吴老师布置的mg项目，后期会明确任务，完善系统。\r\n服务:\r\n1.帮吴老师打印资料，跑行政楼交资料。\r\n2.帮张老师填借款单，并送至行政楼。\r\n3.绿源网站数据的录入，修改。','2016-12-04','下一周打算:\r\n1.结束lng项目，投入mg项目，深入学习angularjs。\r\n2.准备期末考试。',99,45),(552,'1.报销单签字并且去财务大厅交报销单，去查新拿检索，用格式工厂把视频转化成gif 2.学习struts2框架','2016-12-04','',91,43),(553,'*****12月第1周*****由于要提交研究生文献综述报告和中期检查表，本周前半部分的时间在写报告上。本周协助抢购titan X显卡，并成功抢到1块。2块Titan X均已到位。在研究softmax和CNN时，发现自己对概率论和矩阵只是比较薄弱，结合着深度学习看了下概率论、数理统计的相关知识。crf-fcn在fcn输出后，使用条件随机场对图像再次进行处理。传统的机器视觉和图相处里，与深度学习的搭配是相当重要的。本周对cnn的理解更深了一些','2016-12-04','',105,13),(556,'写专利，项目报销，3D打印机学习使用','2016-12-05','',109,11),(559,'1、给赵骏和史建凯分配任务，并监督他们完成。\r\n2、搭建测试板子，测试ZBOX掉线问题。\r\n3、协助绿源方面进行网站产品录入或者更改。','2016-12-05','实验室服务：领取报纸、信件；寄发快递。',100,6),(563,'这周任务：\r\n1、确定论文题目《基于分块压缩感知的光场采集和重建研究》，大致写了引言和理论部分；\r\n2、着重研究了分块压缩感知理论；\r\n3、写学校要求的文献综述；\r\n碰到的问题：\r\n1、分块压缩感知融合各种重建算法，有些调试不出；\r\n2、论文的整体思路有些不确定和没信心；\r\n下周任务：\r\n1、继续写论文，尽量完成初稿；\r\n2、重难点在调试分块压缩感知代码；','2016-12-05','最近要准备6级考试，估计也要花费不少时间吧~~',110,8),(564,'1.学习spring框架，写事例demo\r\n2.完成后台项目，产品搜索，用户搜索，并写相关API\r\n3.生成后台项目POJO的hibernate映射文件','2016-12-05','',98,41),(565,'1 进行钢琴弹奏效果的测试和优化 2 调试框架的制定编写 3 针对钢琴存在一些硬件问题进行优化，购置了材料并且制作电线。 ','2016-12-05','',94,47),(567,'1.lng项目的查找，运行信息接收和显示基本完成，图形显示也已初步成形。\r\n2.帮助张老师申请并填写借款单，交行政楼。\r\n3.帮吴老师，准备资料，并跑行政楼盖章。\r\n4.看仇老师发给我的论文。','2016-12-11','',99,45),(570,'1.移植mbed os到LPC开发板上，并在多线程下测试串口232和485的功能\r\n2.写下位机程序，配合项目组测试上位机。','2016-12-11','帮助深度学习项目组装机、装系统。',96,48),(572,'看相关论文，与师姐讨论代码，认识到重复看论文的重要性。','2016-12-11','1.帮实验室处理实验室报销单，上交激励费申报预约单，帮实验室取快递，拿电子回单，合同盖章2.帮戴老师的复合曳印钢带的****项目开发票',91,43),(573,'硬件测试','2016-12-12','1、编写fundman controllers测试代码\r\n2、交项目发票',95,40),(574,'本周任务：\r\n（1）写完论文光场采集模型、光场字典、重建算法部分初稿。\r\n（2）调试论文中实验部分。\r\n碰到问题：\r\n（1）原始分块压缩感知的代码没问题，但加入自己的算法时结果很差，应该还是哪里没调对。\r\n下周任务：\r\n（1）准备开题报告等材料；\r\n（2）准备6级考试；\r\n（3）继续论文和实验；','2016-12-12','',110,8),(575,'1、项目组开会，讨论项目相关事宜，了解下一步需要做的事。\r\n2、给史建凯和赵骏布置任务，并监督他们完成。\r\n3、测试板子掉线率，发现问题是ZBOX和服务器在转义和校验码顺序上不一致造成，修正错误后，测试OK。\r\n4、ZBOX通用框架设计，并实现解析config文件。','2016-12-12','实验室服务：\r\n1、收取快递、信件、报纸；\r\n2、寄送快递。',100,6),(576,'****12月第2周****科研方面：感觉自己对机器学习理论，机器视觉，缺乏很多。对于深度学习当中用到的概率论、矩阵等知识学习了下，但这是一个长期的过程，机器学习、视觉等理论的缺乏有时让自己觉得有些内容理解起来比较吃力、不能很好地消化为自己的知识。把主机的显卡换成了Titan X，在装机的时候研一的几个学弟帮助很大。装好后，原来的开发环境除了很多问题，于是重装了系统和开发环境。','2016-12-12','',105,13),(577,'看了韦老师给的两篇论文，准备在进行字典学习前先进行小波变换分频','2016-12-12','准备国际合作项目中期检查材料，打扫卫生，财务',78,4),(578,'1:戴老师的关于X光的文献综述\r\n2:测试改变发送方式是系统的可靠性\r\n3:修改众华代码','2016-12-14','',97,46),(579,'1:戴老师的关于X光的文献综述\r\n2:测试改变发送方式是系统的可靠性\r\n3:修改众华代码','2016-12-14','',97,46),(581,'补12月7号周末： 进行can调试框架的制定和编写  ','2016-12-17','',94,47),(583,'由于腿部受伤，所以这周没有项目上的进展。','2016-12-18','',94,47),(584,'1、给赵骏和史建凯布置任务，并监督他们完成；\r\n2、协助张老师，起草与嘉兴军胜电子的合同；\r\n3、协助张老师，完成华港LNG场站控制系统改造方案；\r\n4、通用框架流程设计和实现；','2016-12-18','实验室服务：\r\n1、领取快递、信件、报纸；\r\n2、购买需要的物品；\r\n3、帮助整理和规划1-513房间。',100,6),(585,'暂停。。。','2016-12-18','1.解决测试代码中的问题\r\n2.帮忙搬水缸搬沙发收拾打水房\r\n3.复习期末考试',95,40),(586,'1.LNG项目运行信息显示，图表显示等已基本完成，需要完成最后的统调。\r\n2.帮张老师预约借款单，冲账单，报销单等，并交至行政楼。\r\n3.帮吴老师，打印手稿。\r\n4.完成3d项目的子项目经费使用明细表。\r\n5.开展网页开发小组会议。','2016-12-18','',99,45),(587,'期末复习','2016-12-19','上交专家咨询费说明，帮实验室处理实验室报销单',91,43),(588,'1：复习期末考试\r\n2：请假回家进宅','2016-12-19','',97,46),(589,'安装学习amira 阅读二三维配准传统方法论文  补充关于卷积方面的反向传播算法知识','2016-12-19','',108,10),(590,'安装学习amira 阅读二三维配准传统方法论文  补充关于卷积方面的反向传播算法知识','2016-12-19','',108,10),(591,'***12月第3周***科研方面：1.通过赵凯的文章和视频，对Fcn的原理、结构、学习过程有了比较深刻的认识。2.在Linux主机上搭建了Jupyter应用，也就是以前的IPython notebook，方便大家进行深度学习网络的训练、测试。3.对cnn在人脸识别，目标检测，和图像分割方面的原理和应用有了比较清晰地认识。4.在使用caffe的过程中，觉得caffe建模比较简单，但是也因此屏蔽了网络前馈和后向学习的细节，有一些不利于掌握底层细节。','2016-12-19','',105,13),(592,'本周任务：\r\n1、大部分时间在完成开题报告和准备英语考试的事；\r\n2、调试试验代码还是有问题，慢慢调试；\r\n3、大致完成论文实验结果除外部分，后期还需要修改；\r\n这周任务：\r\n1、也许可以先给出除实验结果外初稿~~\r\n2、继续调试程序，尽量能跑出个好结果；\r\n碰到的问题：\r\n1、实验代码调试不出好结果，可能还是理论没弄明白~','2016-12-19','',110,8),(593,'1.学习spring2.0 bean，消息，事件\r\nspring AOP，编写相关demo\r\n2.补充3D打印报告','2016-12-20','',98,41),(594,'搭建vtk itk联合环境，正在理解和组合drr算法到vtk中，对于目前下好的医学图像数据进行整理，巩固一些fcn的概念','2016-12-25','',108,10),(597,'无。。。','2016-12-25','期末复习。。',95,40),(598,'编写钢琴项目介绍','2016-12-25','主要进行期末复习',94,47),(599,'***12月第4周***科研方面：1.对深度学习端到端的思想有了深刻理解，总结了自2012年AlexNet出现以来的深度学习网络的演变路径，以及在网络设计方面的细节变化；2.对于网络结构调参，有了一些体会；3.在主机上搭建好了MXNet和TensorFlow这2个功能更加强大的深度学习开发框架','2016-12-25','',105,13),(600,'修改专利，子项目结题报告，光场理论资料查找','2016-12-25','',109,11),(601,'复习期末考试','2016-12-26','抬鱼缸',96,48),(602,'1、去绍兴众华出差，安装帮助安装新流量计和接线，并用ZBOX将数据上传；\r\n2、与张老师讨论项目事宜，确定下一步需要做的事情；\r\n3、通用框架解析部分bug修正并测试；\r\n4、验收文档撰写；','2016-12-26','实验室服务：收取快递、信件、包裹。',100,6),(603,'准备开题报告','2016-12-26','戴老师的NSFC项目PPT，写通讯稿放在实验室网站上，写“图灵徒孙”微信服务号软著，仇老师物联网专业申请“十三五”的PPT',78,4),(604,'本周任务：\r\n（1）写完论文初稿；\r\n（2）调好论文中实验部分；\r\n下周任务：\r\n（1）继续修改和完善论文；\r\n（2）写完国基金报告；\r\n碰到问题：','2016-12-26','',110,8),(606,'期末复习','2016-12-26','去绿源拿合同，整理打水房',91,43),(608,'1：绍兴出差\r\n2：复习考试','2016-12-26','',97,46),(609,'期末复习','2016-12-31','',91,43),(611,'复习期末考试','2016-12-31','1 下周准备修改调试框架',94,47),(613,'1、验收代码整理，包括代码格式整理和注释添加；\r\n2、验收文档整理，撰写系统软件设计文档；','2016-12-31','实验室服务：\r\n1、领取快递、信件、报纸；\r\n2、寄发快递；',100,6),(615,'这个月在写专利，准备开题，修改项目结题报告，录入项目成果，写Susan介绍和工作进展','2016-12-31','',77,18),(616,'1.帮张老师，下载论文。2.整合lng代码。3.期末复习','2016-12-31','下周打算，学习窄带物联网相关知识，完成综述。',99,45),(617,'12月第一周：\r\n1.学习光场相机原理，特别是光场相机的微透镜阵列成像、重对焦原理。下载及学习导师交代的一个光场数据集。\r\n2、学习导师布置的一篇关于利用光场4D图像作为深度网络数据集的论文，研究如何在深度学习网络中处理多维数据，如何利用光场拍摄和制作自己的数据集。\r\n3、再看一遍之前看过的但是没有精读的论文，尝试利用网上的一个400张图片的小数据集训练论文给出的网络模型。\r\n4、继续学习python编程和caffe的可视化工具IDIGIST，该工具具有数据集的生产、网络模型的定义和模型可视化、训练过程可视化等功能，十分便利，取代了之前直接编写配置文件的麻烦。','2016-12-31','',117,49),(618,'12月第二周：\r\n1、完成导师布置的任务，自己找关于深度学习应用于深度检测、立体匹配的论文，学习双目立体匹配的原理，包括匹配代价的计算、代价聚合、生成视差图、视差图优化微调四个步骤。\r\n2、找到了一个平台叫做KITTY，是双目立体匹配领域的一个主要的数据集来源、在线评价系统，在上面学习当前精度最高的方法，发现深度学习在立体匹配中的应用已经开始出现，但是利用caffe框架实现的只有两三个。\r\n3、这周主要看了两篇立体匹配的论文，但是没有完全理解，限于硬件，论文给出的深度学习模型也没有自己实现，等考完试再精读实现。','2016-12-31','',117,49),(619,'12月第三周：\r\n1、这周是考试复习周，没有进行任何的科研任务，全部时间花在复习各科目。','2016-12-31','',117,49),(620,'12月第四周：\r\n1、这周是考试周，一个星期都在考试和复习，没有进行任何科研任务。','2016-12-31','',117,49),(621,'利用drr全方位投影构建训练数据，准备开题内容','2016-12-31','',108,10),(623,'无...','2017-01-01','1.考试周，复习考试\r\n2.写子项目7 8 验收书',95,40),(624,'月总结。专利修改，光流理论推导，创新项目结题报告，开题报告','2017-01-01','项目经费报销，实验室整理，设备维护',109,11),(627,'1：期末考试\r\n2：OV7670摄像头模组的驱动编写\r\n3：调山地车后碟刹','2017-01-02','',97,46),(628,'确定题目和目录，完成张老师国基金年终汇报的立体图像质量评价部分内容','2017-01-02','周一仇老师的PPT再完善了下，绿源元旦微信贺卡',78,4),(629,'本月国际项目中期检查，下载20个人体数据库，看论文，论文开题','2017-01-02','',71,14),(630,'改写小论文','2017-01-03','帮实验室一些小忙',104,12),(632,'复习考试','2017-01-03','代dsp实验课代课',96,48),(633,'复习考试','2017-01-03','验收个别同学的dsp实验',96,48),(634,'***1月第1周***：科研方面：主要是在弄开题的事情，开题目录、报告、PPT。帮实验室写了一篇深度学习介绍的文章','2017-01-03','',105,13),(635,'本周任务：（1）完善了论文实验部分；（2）整列了国基金报告；（3）学习matlab图像处理相关内容；\r\n下周任务：（1）尽量把中文论文写好，重点在完善实验；\r\n碰到问题：（1）实验部分代码没弄明白，继续看看；（2）思路不具有太大创新性；','2017-01-03','',110,8),(636,'原版DRR代码bug修改，现在已经可以正常使用，以可以构造出希望的数据。其余时间阅读论文，关于神经网络在配准方面的建模问题增进了理解，感觉训练用数据有待进一步筛选和处理','2017-01-07','',108,10),(637,'1.学习窄带物联网的相关知识\r\n2.做3d子项目的经费使用说明，并盖章\r\n3.学习angular  material。\r\n4.帮仇老师拍工作量，下论文','2017-01-08','',99,45),(638,'期末考试','2017-01-08','处理实验室快递',91,43),(639,'1 完成CAN调试框架的制定并编写好文档，并让王长横根据文档在李艳暖之前写好调试软件的基础上编写CAN在线调试软件 2 完成CAN在线调试功能的STM32代码部分，等待王长横完成PC端代码后进行功能测试','2017-01-08','收集并学习服务器集群',94,47),(641,'无','2017-01-08','1.中特考试\r\n2.仿真实验\r\n3.mongodb数据库备份',95,40),(643,'****1月第2周****：开题报告；华为LiteOS竞赛准备与参赛','2017-01-08','',105,13),(645,'1.学习hadoop知识\r\n2.安装hadoop环境，实现hadoop伪分布式环境搭建。\r\n3.测试例程，实现在一堆输入文件中查找一个字段的功能。','2017-01-09','',96,48),(646,'1、完成项目验收的系统软件设计说明书的撰写；\r\n2、跟史建凯讨论通用框架的设计，对细节部分的设计进行微调；','2017-01-09','实验室服务：\r\n1、领取信件、报纸；',100,6),(647,'12.20~12.30  \r\n·1.复习\r\n·2.交LNG项目合同\r\n·3.帮吴博交合同盖章\r\n1.3~1.9\r\n·1.学习hadoop相关基础知识：HDFS（分布式文件存储）、MapReduce等\r\n·2.单机Hadoop的伪分布式环境搭建','2017-01-09','',98,41),(648,'写开题报告','2017-01-10','',78,4),(650,'用hadoop实现了分布式集群：一台电脑作主机，二台电脑作从机，三台电脑的硬盘存储通过hadoop文件系统（hdfs）抽象为一个整体，实现文件的存储；测试查询输入文件中每个单词出现的次数。','2017-01-15','1.给深度学习项目组安装服务器。\r\n2.去超市买元旦茶话会食品。',96,48),(651,'看论文和代码','2017-01-15','艾肯拿打印材料\r\n科技园拿用户报告\r\n处理实验室报销单\r\n处理实验室酬金申报预约单\r\n办理课题开票',91,43),(653,'1、与史建凯讨论通用框架的实现的具体细节问题；\r\n2、去绿源杭州公司学习人工调度流程；\r\n3、学习路径规划，尤其是车辆路径规划的基本方法；\r\n4、与史建凯一起测试5块样品板；','2017-01-16','实验室服务：\r\n1、领取快递、信件、报纸；\r\n2、寄送快递；\r\n3、茶话会协助组织，帮忙买东西；\r\n4、到绿源杭州公司递交合同和发票，并拿回承兑汇票；',100,6),(654,'***1月第3周***科研方面：实验voc数据集做了FCN网络的实验。初步学习了下tensorflow。安装新的电脑主机，这部分，主要是赵骏帮忙安装的。','2017-01-16','',105,13),(655,'完成自动配置代码','2017-01-16','',97,46),(657,'测试嘉兴的P板子','2017-01-16','',97,46),(658,'1.帮仇老师下论文.  2.帮张老师处理部分财务的预约报销单，汇款单3.帮张老师整理本科毕业设计，4.写窄带物联网综述5.处理3d项目的审计材料准备。','2017-01-16','',99,45),(659,'1 对调试软件stm32部分代码进行测试 2 帮助王长横调试can仿真器 ','2017-01-17','',94,47),(660,'1.拍凭证，整理凭证，填3d项目表格\r\n2.联系师兄师姐，采购茶话会物品，打扫523.','2017-01-23','',99,45),(663,'1、去嘉兴制板厂测试新制作电路板的问题所在；\r\n','2017-01-29','实验室服务：\r\n1、领取快递、信件、报纸；\r\n2、寄送快递；\r\n3、配合招生办给参观的学生做介绍；\r\n4、协助张老师准备项目验收：买水果，布置会场，记录专家意见。',100,6),(667,'利用caffe框架进行实验性的医学图像学习','2017-01-29','',108,10),(668,'看论文和代码','2017-01-29','找文献\r\n去档案室拍照',91,43),(669,'放假过新年','2017-01-29','',91,43),(670,'总结，光流算法理论研究，专利修改，创新项目结题报告，论文开题','2017-01-29','实验室参观讲解，宣传拍摄',109,11),(671,'1.hadoop集群环境搭建\r\n2.测试样例\r\n','2017-01-29','找、拍发票照片',98,41),(673,'主要是改进论文中算法。\r\n','2017-01-30','',110,8),(674,'跑代码，修改代码，写论文','2017-01-30','',77,18),(675,'1 对调试软件stm32代码端进行测试修改  2 完善调试协议 3 帮助王长横完成调试软件pc部分','2017-01-31','',94,47),(676,'王长横月报： 月报：这个月主要做了一些修改调试工具的工作。找到了c#中添加库的方法，并验证了库文件的正确性，并将can转usb的库加入到调试工具工程中。接下来，主要先找出需要修改的内容进行修改，并使用设备验证工程修改后的正确性。','2017-01-31','',94,47),(677,'看论文','2017-01-31','1.处理戴老师车子保险；2.财务凭证拍照；3.学习脑电设备；4.搬应用所年货；5.准备茶话会',78,4),(678,'***2017年1月第4周***科研方面：学习了CS231n的前7个课时，主要是神经网络，反馈学习，损失函数，梯度下降等概念和Python编程实例','2017-01-31','',105,13),(679,'去连云港见同学，准备过年','2017-02-05','2017-1-22',97,46),(681,'去哈尔滨过年，雪村，长白山','2017-02-05','2017-1-29',97,46),(682,'滑雪、冰雪大世界、回家','2017-02-05','本周',97,46),(683,'1、跟张老师到嵊州出差，检查现场设备故障的原因；','2017-02-12','实验室服务：\r\n1、领取报纸、信件；\r\n2、寄送快递；',100,6),(684,'***2017春节期间***：科研方面，利用零碎的时间系统学习了大部分cs231n，虽然还有几次课程没学完，但是对于深度学习全貌，研究方法，技术细节已经具备了一定的认知能力。这是我在寒假里最主要的收获','2017-02-13','',105,13),(685,'1月第一周：\r\n1.考试结束后，再次阅读之前的双目立体匹配论文，并尝试阅读论文源码，源码使用深度学习框架Torch实现，对应的脚本语言是lua，类似于python，由于机器未到未能跑源代码。\r\n2.下载和浏览双目立体匹配的数据集Stereo和Middlebury，初步了解数据集的采集过程以及其评测标准。','2017-02-18','',117,49),(687,'1月第二周\r\n1.根据导师的任务布置，搜索深度学习应用在在光场深度检测的论文，发现论文较少，光场深度检测大部分还是传统的算法，可以作为个人的研究和创新方向。\r\n2.继续学习深度学习的各种网络结构，如微软的深度残差网络，发现该网络在双目立体匹配中也有用到。','2017-02-18','',117,49),(688,'1月第三周：\r\n1.春节开始放假，在家主要学习双目立体匹配、光场深度检测、深度残差网络等。\r\n2、关注和学习各个前沿的深度学习公众号，了解最新的研究动态。','2017-02-18','',117,49),(689,'2月第一周：\r\n1.春节放假期间，内容同上。','2017-02-18','',117,49),(690,'1、跟史建凯一起到江苏常熟江南不锈钢有限公司出差2天，协助绿源方面的人安装流量计，并将现场数据上传；\r\n2、组织测试新制作好的35块板子；\r\n3、搭建数据库，为搭建我的云平台做准备；','2017-02-19','实验室服务：\r\n1、收取快递、信件、报纸；\r\n2、寄送快递；\r\n3、参与国基金项目申报书撰写讨论；',100,6),(691,'看露露师姐的论文，查论文中关于3D-HEVC的基本知识','2017-02-20','1.去科技厅交项目调整申请2.帮吴老师统计项目财务分类费用',91,43),(693,'/***2月第3周***/科研方面：阅读工业自动化、大数据、设备健康管理相关的论文，与其他几位同学一起帮戴老师申报国基金项目。完成研究内容提炼部分。','2017-02-20','',105,13),(694,'立体匹配的论文的阅读理解','2017-02-20','帮忙基金申报，阅读论文，讨论方向',108,10),(696,'1.整理3d项目的审计经费凭证，下载并填写审计材料表格。2.帮张老师填写子项目验收证书。','2017-02-21','',99,45),(697,'1：返校\r\n2：苏州出差2天\r\n3：测试实验室PCB板','2017-02-25','2017-2-06至20117-2-12',97,46),(698,'1：嵊州出差\r\n2：4-20ma数据采集精度做到千分之一\r\n3：提供两种工业现场4-20ma解决方案','2017-02-25','2017-2-13至2017-2-19',97,46),(699,'1：4-20ma数据采集测试完成，可靠性不错\r\n2：LNG代码重构加自动化配置已完成GPRS重构，联网速度有明显提升','2017-02-25','本周',97,46),(700,'1.做3d项目审计的大额支出凭证\r\n2.和周学妹一起出来财务报账\r\n3.和杨任彬等人，查找智慧城市基础设施安全与防护的文章。\r\n4.学习使用jQuery的插件。','2017-02-25','',99,45),(702,'（补）\r\n1、mongodb数据库备份代码编写','2017-02-26','',95,40),(704,'1、根据需求修改解析代码\r\n2、创新团队子项目8、9验收报告修改\r\n3、根据需求修改mongodb备份的shell脚本代码\r\n4、搭ftp服务器与自动上传文件的ftp shell脚本的编写','2017-02-26','1、学习bash脚本的知识\r\n2、帮助史建凯测试代码',95,40),(706,'准备投六月份的会议，试着用机器学习和深度学习的方法进行立体图像质量评价，处于码代码阶段，先试着实现别人的论文。','2017-02-26','成电秦院长的用车工作，戴老师国基金申请：查找打印资料，财务，日常卫生',78,4),(707,'1、学习SQL语句和mysql的API，实现访问数据库；\r\n2、参与城市房屋租赁管理系统前期架构的讨论；\r\n3、给本科学弟介绍项目背景；\r\n\r\n','2017-02-27','实验室服务：\r\n1、领取报纸、信件、包裹；\r\n2、寄送快递；\r\n3、购买实验室所需物品；',100,6),(708,'/***2月第4周***/科研方面：读了3篇立体匹配的论文，分别是Stereo Matching by Training a Convolutional Neural Network to Compare Image Patches，Efficient Deep Learning for Stereo Matching，Computing the Stereo Matching Cost with a Convolutional Neural Network Seminar Recent Trends in 3D Computer Vision。对立体匹配的简单原理有了一定的了解。研究把深度学习用于立体匹配的matching cost','2017-02-27','',105,13),(709,'看相关论文，查项目相关资料','2017-02-27','1.处理实验室报销单2.申请表到科技处盖章，科技厅交申请表，办理免税3.帮吴老师财务拍照4.帮张老师改试卷',91,43),(710,'2月16日周报(暨年后寒假工作）：1 关于新提出的调试框架意见对代码进行修改与测试 2 帮助王长横调试代码 ','2017-02-27','王长横周报（2月16日）：这周主要把整个调试软件的代码部分完成了，并结合CAN转USB可以使用。但因缺少杜邦线无法进行验证发送部分代码及发送数据的正确性。接下来准备验证正确性，对一些细节部分进行完善。',94,47),(711,'1 完成调试软件的PC端与STM32端调试，调试软件运行基本正常，但是在修改占空比和频率的操作中会存在数值精度问题。下一周计划解决占空比和频率的修改操作精度问题和讨论制定安卓端软件功能需求 2 智慧城市基础设施安全与防护课题进行资料搜集和查询  ','2017-02-27','王长横周报：1.测试了调试工具运行的正确性。2.给调试工具增加了播放Midi文件的功能（将C语言封装成库，C#调用）。3.接下来准备在287上增加wifi或蓝牙模块对外发出信号。',94,47),(712,'~2.19\r\n 测板子\r\n2.20~26\r\n·将绿源数据库备份文件导入本地oracle数据库\r\n·搭建eclipse与hadoop的插件开发配置\r\n·编写调用HDFS的API\r\n·学习、编写、测试Mapreduce的程序','2017-02-27','',98,41),(713,'20170213-20170219\r\n工业大数据课题调研。','2017-02-27','',64,8),(716,'20170220-20170226','2017-02-27','1、修改论文；\r\n2、学习图像处理和算法相关内容。',64,8),(717,'1.测试新到的板子\r\n2.在服务器上安装数据库\r\n3.画项目结构图','2017-02-28','帮实验室在快递处拿设备',96,48),(719,'立体匹配的代码解读，torch的基本架构学习，nn模块的网络定义与训练接口的学习与使用','2017-03-04','带领本科生林欣楠一些深度学习的相关学习',108,10),(721,'1.查找节点中心性论文。2.录入国家自然基金申请人员信息，成果等。3.协助师姐，毕业答辩相关琐事。4.帮仇老师处理报销，签字等。5.学习微信平台开发。','2017-03-04','',99,45),(722,'1、查看ibox的数据，找出有问题的的ibox并列出原因；\r\n2、查找市面上的智能摄像头和网关的资料；\r\n3、到常熟江南不锈钢出差，让现场ZBOX上线；','2017-03-05','实验室服务：\r\n1、收取快递；\r\n2、寄送快递；',100,6),(723,'看知网上的关于3d编码和dct的论文，了解现在用dct做了哪些对三维视频编码的改进。了解师姐写的论文和实验操作步骤。\r\n','2017-03-05','1.国基金填写2.处理实验室报销单3.去科技处拿免税合同',91,43),(724,'按需求修改测试代码','2017-03-05','1、回顾html css知识\r\n2、深度学习js，了解其原理',95,40),(725,'1、在阿里云的redhat系统上安装msquitto失败。\r\n2、在本地电脑ubuntu系统上成功安装msquitto，并测试订阅和发布消息。\r\n3、学习hadoop。','2017-03-05','1、帮老师拿快递。\r\n2、带创新实践。',96,48),(731,'HS光流法相关论文研读，深度流公式推导及编程实验','2017-03-06','实验室参观接待',109,11),(732,'1:代码重构网络部分测试三天无异常\r\n2:苏州出差\r\n3:发现初始代码的问题','2017-03-06','无人机机翼已经做好',97,46),(733,'/***3月第1周***/科研方面：根据github上MC-CNN模型的提示，使用MC-CNN训练和立体匹配的模型，阅读代码和分析MC-CNN结构','2017-03-06','',105,13),(734,'看深度学习基础，查找深度学习在三维医学图像分割上的应用的论文，以及深度学习在病变检测上的应用','2017-03-06','',71,14),(736,'1 解决上周调试工具出现的显示问题和精度问题 2 为了方便后期的调试，调整了占空比实现和存储方式 3 帮助查询智慧城市安全和防御相关的IEEE文献 ','2017-03-06','',94,47),(737,'20170227-20170305\r\n本周回顾：\r\n1、学习图像处理相关理论和实现，包括：（1）空域/频域处理；（2）图像增强、平滑、锐化；（3）边缘检测和角点匹配；\r\n下周计划：\r\n1、学习C++，达到能操作opencv程度就好；\r\n2、用图像处理做一个简单应用出来练练手，比如车牌识别；\r\n碰到问题：\r\n1、coding能力略弱，需要加强。','2017-03-07','',110,8),(738,'pycaffe学习，光场相机利用深度学习融合任意视角图像的论文阅读，caffePython模块的尝试','2017-03-11','',108,10),(739,'1.录入，修改自然基金申请书的相关信息。2.和严嘉浩，一起改论文的格式。3.帮仇老师找论文信息。4.修改之前财务系统项目的前端。5.学习Javaweb。','2017-03-12','',99,45),(741,'看基于能量测度的dct方法论文(知网)，采用zigzag扫描 八叉树等方法','2017-03-12','1.实验室报销单处理2.国基金文档编写',91,43),(742,'1:项目代码重构数据自动打包完成\r\n2:上板子每两秒一个数据包跑了两天无异常\r\n3:折腾四元数，快折腾出来了','2017-03-13','倒腾一个php个人站中',97,46),(743,'1、与张老师讨论项目事宜，上网查询RS485组网要求；\r\n2、与史建凯讨论代码重构的问题，并监督他完成任务；\r\n3、测试嘉兴军胜电子的5块板子；','2017-03-13','',100,6),(744,'1、完成”面向城市租赁业务的信息物联系统及关键技术研究“文档关于nodejs部分。  \r\n2、修改mongodb备份代码\r\n3、内网穿透测试\r\n4、学习js、nodejs相关知识','2017-03-13','',95,40),(745,'20170306-20170312\r\n本周回顾：\r\n1.学习C++，大致整体了解了他的语法；\r\n2.参考网上资源和源码，用Matlab 重写了一个简易版车牌识别系统；\r\n3.着手华为编程大赛的准备；\r\n下周计划：\r\n1.把之前的论文、项目回顾整理下；\r\n2.着重学习下用Opencv对一些常用图像处理的实现；\r\n3.刷一下华为的题目；\r\n碰到问题：\r\n1.数据结构和算法基础不牢，碰到华为的题目一脸懵逼；\r\n2.记忆力真的不好，还是尽量把看过的知识整理成文；\r\n','2017-03-13','',110,8),(746,'/***3月第2周***/科研方面：前半周研究caffe多标签回归问题和光场相机阵列图像EPI，并通过EPI得到景深的问题。周末和吴迅冬老师讨论这个问题，他给了一些建议。同时也建议把系统迁移到tensorflow。赵骏和严嘉浩，周日下午帮实验室一起装了一台Titan X的机器。','2017-03-13','',105,13),(747,'为stm32部分实现了按键准确延时功能，下一周准备验证实际弹奏优化效果。','2017-03-14','',94,47),(750,'1.写NbIot技术路线的文档。\r\n2.学习hadoop','2017-03-16','1.收发快递\r\n2.装电脑',96,48),(751,'学习使用眼动议，利用眼动议找到人眼注意点，将注意点进行坐标转换映射到三维模型','2017-03-16','',77,18),(753,'深度流公式推导，深度流实验。hs,lk，双边滤波算法研究。','2017-03-16','周博项目报销，实验室接待，实验室整理',109,11),(754,'3.6~3.10\r\n·学习socket编程，写udp接收，发送\r\n·在后端设置listener,将接收的UDP数据存储进数据库\r\n·解析UDP数据','2017-03-16','',98,41),(755,'1.学习angularjs，改吴老师的模板成想要的样式。\r\n2.整理3d总项目分支明细，写经费结余说明，并寄给审计事务所。\r\n3.帮师姐改自然基金申请书的参考文献格式。\r\n4.帮张老师改自然基金简历格式。','2017-03-19','',99,45),(756,'看基于dct零填补的多描述编码框架。查询IEEE下基于dct的hevc和3D-hevc论文','2017-03-19','处理实验室报销单',91,43),(758,'深度流算法改进，光流计算方法研究','2017-03-19','实验室报销，实验室整理',109,11),(759,'1、测试嘉兴军胜电子做的4块板子；\r\n2、与张老师讨论故障诊断系统搭建的事宜；\r\n3、在史建凯的重构后代码中整合SD和Flash模块并测试；','2017-03-20','实验室服务：\r\n1、购买线缆',100,6),(760,'1、学习js知识\r\n2、学习nodejs，理解原理，写demo熟悉\r\n3、了解soap协议，学习node-soap','2017-03-20','',95,40),(761,'1 对琴键同步延时功能进行测试，并且一定程度上改善了弹奏效果，但是整体效果还是欠佳。比如还无法实现非常快速弹奏一个琴键，接下来准备通过增大琴键下落的速度来模拟真实的人类弹奏方式。2 准备对非标准MIDI文件翻译后的数据流实现兼容(之前的翻译程序只能翻译部分的MIDI文件)','2017-03-21','',94,47),(762,'项目中的自动命令生成，数据解析完成','2017-03-21','',97,46),(764,'20170313-20170319\r\n本周回顾：\r\n1.整理了一下论文、项目；\r\n2.花时间复习了Java，刷了一些题，完成华为codecraft v1.0版本；\r\n3.改论文；\r\n4.学习图算法；\r\n下周计划：\r\n1.改完论文，投稿；\r\n2.学习Java，继续做华为的题目；\r\n3.学习数据结构和算法；\r\n碰到问题：\r\n1.算法的实现很难，但最好学习某种算法稍稍实现下；\r\n','2017-03-22','',110,8),(765,'/***三月第3、4周***/科研方面：使用tensorflow写了一个卷积网络(ffun-net)对光场照片进行训练（https://github.com/ffun/LFDL），并撰写了step by step的操作说明。在构建ffun-net时，自己写了一个ffun的工具包，主要用于光场数据处理、深度学习训练数据预处理、网络构建等。其内有epi数据生成器、提取器、数据乱序助手BatchHelper等，并为每个模块做了文档和单元测试，但是它还需要进一步完善，以应对更复杂的训练任务。','2017-03-26','',105,13),(766,'1.学习angularjs，做吴老师布置的adminangular项目，写contrallor，service包括多级下拉框，请求后台模板。\r\n2.协助仇老师招新，教学，帮仇老师找资料。\r\n\r\n3.送财务预约单。','2017-03-26','',99,45),(767,'1、思考如何在网页上显示设备故障诊断信息，并与张老师讨论实现的业务流程；\r\n2、学习后台服务器搭建，以及后台与前端交互的过程；\r\n3、代替张老师参加绿源杭州3月份的会议，讨论了解绿源方面的需求和现状；\r\n4、测试6块嘉兴军胜电子的板子；','2017-03-26','实验室服务：\r\n1、负责三位一体招生期间我们实验室参观的接待工作；',100,6),(768,'深度流算法改进，04光流方法研究','2017-03-26','实验室报销，实验室整理',109,11),(769,'1、学习swagger，设计编写后台api\r\n2、学习js知识\r\n3、学习node express mongodb项目设计，以及node下mongodb操作的方法','2017-03-27','',95,40),(770,'看IEEE的一篇题为An Efficient All Zero Block Detection Algorithm，介绍了如何在图像块DCT和量化前找到DCT系数全为零的全零块，使DCT和量化过程可以跳过。','2017-03-27','处理实验室报销单',91,43),(771,'SD卡加文件系统完成，重构基本完成，就酱紫','2017-03-27','',97,46),(772,'正在做光场掌机的匹配问题，利用深度学习求解中间图片和参考图的视差。已经利用tensorflow搭建了利用epi图像，以误差为0.1的分类问题估算视差。正确率70还不够高。接下来打算进一步学习tensorflow的功能，分析结果不好的点的特征','2017-03-28','',108,10),(773,'3.20~3.24  学习hibernate框架 anotation注释用法，多表关联，CRUD，HQL语句，缓存','2017-03-28','',98,41),(774,'3.13~3.17    学习spring框架IOC,AOP注释和XML语法','2017-03-28','',98,41),(775,'这星期做眼动议实验，整理数据','2017-03-28','',77,18),(777,'3月1号～4号，研究生答辩准备及帮忙；\r\n3月5～14号，国基金画图、修改公式、排版格式等；\r\n3月15～17号，做PPT，戴老师去哈尔滨开会用；\r\n3月20～24号，看论文，找思路，绘制总体框图，戴老师南太湖格式修改，吴老师APP原型图绘制；\r\n3月27～31号，戴老师二级教授材料准备并上交。\r\n','2017-03-29','每周财务及打扫卫生。',78,4),(778,'1.总结了钢琴项目现存的几个重要问题并且着手解决 2 将之前项目的工作进展和STM32从控板重要核心内容文档化，方便新进入的刘高敏熟悉项目。','2017-03-29','',94,47),(779,'1、给设备故障诊断前端下达任务；\r\n2、与陈帅讨论后台的实现过程；\r\n3、学习故障诊断的方法，并与张老师讨论；\r\n4、跟嘉兴军胜电子的人一起测试4块电路板；','2017-03-30','',100,6),(780,'20170320-20170326\r\n本周回顾：\r\n1.修改论文；\r\n2.做华为codecraft题目；\r\n下周计划：\r\n1.做华为比赛题目；\r\n2.研究下数据结构和算法；\r\n碰到问题：\r\n1.比赛的题目一个版本迭代速度有点慢；\r\n','2017-03-30','',110,8),(781,'下载程序源代码和数据集，编译了3d caffe ，训练模型，使用训练模型的得到分割结果，对该论文的引用进行查找，找3d分割的测评标准','2017-03-30','',71,14),(782,'3月国基金申报，南太湖申报','2017-03-30','',104,12),(783,'学习hadoop','2017-03-31','收发快递 ，拿报纸',96,48),(785,'1.搭建界面，调试吴老师给的API,完成模板更新，上传。2.协助师姐，布置茶话会，会后打扫523。3.帮仇老师批改作业完成情况。4.打扫戴老师的办公室。5.跟沈韵琪学妹，交接lng项目的前端代码。6.导人机物联的数据库。7.整理505学生的联系方式。','2017-04-01','',99,45),(787,'1.做angularAdmin项目，包括申请管理模块的审批，用户权限管理的查找用户，查看权限，查看，删除，添加权限。\n2.跟潘师弟讨论考核项目的部署。','2017-04-08','1.戴老师办公室日常卫生。\n2.帮曾老师去军工处抄写机密文件的项目详情。\n3.帮仇老师拍文件。',99,45),(788,'调整深度学习预测光场相机视差的代码，修改了卷积结构，测试集和训练集的分离','2017-04-09','阅读立体匹配方面论文',108,10),(789,'1、故障诊断算法实现：完成了从数据库中读取数据；分析每个字段；\n2、学习分析共享电动自行车协议与方案，并与史建凯讨论，将主控终端换成ZBOX的可行性；\n3、跟张老师讨论共享电动自行车方案，并绘制方案的事务流程图（借车/还车/空闲）；\n4、根据张老师提出的共享电动自行车方案，绘制新方案的事务（借车/还车/空闲）','2017-04-09','',100,6),(791,'1、编写api文档，并按照要求修改细节\n2、完成sails后台编写\n3、按照要求补充上传图片的api\n4、理解nodejs express等实现过程','2017-04-09','',95,40),(792,'理解论文所采用的深度学习的框架，层次结构','2017-04-10','',71,14),(793,'LNG项目配置解析代码在硬件端测试是发现采用C++编写代码的话出现了内存问题，通过在获得解析文件后先进行预解析来减少数据量的方式解决。如果以后的单片机采用C++编写的话建议采用基础数据结构，尽量避免使用MAP等','2017-04-10','',97,46),(794,'04eccv光流算法程序理解，写深度流算法专利','2017-04-10','实验室整理',109,11),(795,'对光场深度学习任务，由原先的回归修改成分类任务，使用python构建网络后，实测准确率可以达到82%以上。将进一步探究是否还可以提升','2017-04-10','',105,13),(802,'1.与张博讨论论文进展(补上周)2.看三篇论文，了解论文框架套路','2017-04-10','实验室报销单处理',91,43),(803,'1.在腾讯云服务器发布API\n2.讨论，设计故障检测的功能，如何显示\n3.基本完成设备分析后台搭建，\n  完成三个功能，并提交接口，jsaon格式body给前台学妹。\n  a.获取一周内异常设备状态信息，\n  b.获取某产品产品一周内的异常设备信息，\n  c.获取对应产品ID,数据ID的一段时间的数据。\n4.后台框架可以实现基本功能，但是代码有些冗余，不够规范。\n5.查找数据库系统测试资料，写文档','2017-04-10','',98,41),(804,'20170403-20170409\n本周回顾：\n1.学习Java网络编程，打算做个web server来练手；\n2.做完华为codecraft题目，做了个总结；\n3.听戴老师意见改论文。\n下周计划：\n1.web server的设计工作和部分编码；\n2.学习Java和总结下图类算法；\n碰到问题：\n1.论文还是没投出去（','2017-04-11','',110,8),(805,'1.针对钢琴节奏优化问题与王长横讨论并测试 2. 为方便后期扩展工作，与潘蕾全讨论MIDI文件翻译结构优化问题  3.编写钢琴项目代码文档，帮助刘高敏尽快熟悉项目 4.继续SPRING MVC框架的学习以及JAVA SE的练习、复习。','2017-04-11','帮仇老师修改、查询文档',94,47),(806,'1.测试TX1板子的硬件\n2.写nbIOT项目的文档','2017-04-11','收发快递，拿报纸',96,48),(807,'项目:\n1.将lng网站，部署到tomcat服务器，测试同局域网下，终端能否访问网站。\n2.改angularAdmin与不符合实现的代码。\n服务:\n1.戴老师办公室日常卫生。2帮师姐去行政楼，戴老师护照重发申请的盖章。3.帮曾老师，去军工处抄涉密的项目材料。4.帮仇老师拍盲审论文的照片。5.帮戴老师整理，打印文件。','2017-04-16','',99,45),(808,'1、故障诊断算法实现：重构已经实现的代码框架，将其嵌入到陈帅搭建的后台代码中；\n2、跟张老师讨论e单车方案，并绘制方案事务流程图；\n3、暂时确定e单车方案为在车桩上装二维码扫描模块，和张老师一起对方案进行细化，并撰写事务流说明书；','2017-04-16','',100,6),(809,'/***4月第二周***/科研方面：开发光场相机深度学习网络，对原有的网络代码进行了重构。对原始数据集生成了所有用于训练的标签。撰写和修改专利。','2017-04-16','',105,13),(810,'1、完善sails后端逻辑\n2、学习node express相关知识\n3、了解mongodb压力测试相关，了解yscb工作原理及方式','2017-04-17','',95,40),(812,'1.把tx1板子上的系统迁移到外接的ssd上，并设置tx1开机从ssd启动。\n2.买树莓派，考查打印机项目的方案。','2017-04-17','拿报纸、快递，寄快递。',96,48),(813,'1.讨论论文写作套路，重点在于观察与分析，提出算法这两部分2.研究师姐论文应该如何修改，如何分析提出的算法','2017-04-17','实验室报销单处理',91,43),(814,'测试已经完成的重构代码／做电动车方案／扫码器比价／浴霸初步沟通／上虞出差两次','2017-04-18','',97,46),(815,'16SPO光流算法研究，深度流算法改进','2017-04-18','',109,11),(817,'1、完成钢琴调音工作  2、完成对各个键位的最短弹下时间的测试，将弹下时间设为0.065秒时可以将琴键依次地连续快速弹奏。目前结果是不同琴键弹下时间有微小不同 3、与潘蕾全完成新MIDI翻译部分与STM32通信协议的制定    4、SPRING MVC框架的学习，看一些WEB后台的DEMO','2017-04-19','帮助仇老师修改董冕雄老师简历；查找、填写董冕雄讲座讲授申请表',94,47),(818,'4.10~4.14\n1.根据需求，将上周代码重构，整合到原LNG项目中\n2.修改API文档，增加手动修改故障检测和恢复两个前端API接口\n3.给华中添加 findByProductIdAndDate数据库接口。根据时间，产品id查询sensorData\n4.bug修改：\n修改json返回“faultType”，显示“faultTybe”的错误；修改dataToString 格式转换\n5.设备检测后台代码初步完成','2017-04-20','',98,41),(819,'对于光场相机中，水平epi和垂直epi分别训练，并尝试了两者通道叠加和联合训练，叠加效果较差，联合训练结果类似普通训练。阅读深度学习在医学图像中应用。','2017-04-23','进一步完成并修改算法专利，并提交给律师修改',108,10),(820,'1.学习node.js和javaweb。\n2.协助学妹做故障检测的前端界面搭建。\n服务:\n1.帮仇老师核对实验板子，查漏。\n2.帮仇老师监考本科大学物理和概率论其中考试。\n3.协助仇老师开展创新实践交流会。\n4.戴老师办公室日常卫生，日常打印。\n5.帮曾老师填写讲座教授团队申请表。\n6.帮吴老师音频.cda转.mp3。','2017-04-23','',99,45),(821,'1.开会讨论论文仍需要分析的内容和下阶段进行关于DMM不加入RD-cost时候的右下角是否全0的百分比\n2.阅读代码，找到相应的修改地点','2017-04-23','处理实验室报销单，到科技处盖章交文档',91,43),(822,'变分法深度流算法改进','2017-04-24','实验室整理',109,11),(823,'1、故障诊断部分实现，对原有方案进行了补充；\n2、去众华出差，在槽车上测试使用ZBOX并更换原ZBOX的SIM卡；\n3、协助处理哈工大索要LNG数据的事情；\n4、e电车方案事务流整改；','2017-04-24','',100,6),(824,'1、用ycsb对mongodb进行压力测试\n2、按需求修改服务器代码\n3、学习bootstrap','2017-04-24','',95,40),(825,'1. 本周第一次成功地从制作训练数据集、训练神经网络、部署网络进行预测整个流程。能够利用神经网络模型预测一幅光场相机中心子光圈图像的视差图，精度在65%左右，效果还不错，有很大提升空间。\n2.学习计算机视觉的另一个重要研究方向--光流计算，粗略地看了两篇效果较好的论文，准备通过实验复现论文中的实验流程。','2017-04-24','',117,49),(826,'1:众华小槽车测试','2017-04-24','1:做浴霸方案\n2:浴霸bom成本估算\n3:测试电动车的通信速度\n4:电动车主控和桩之间初步通信协议',97,46),(827,'/***4月第三周***/科研方面：用于深度学习训练的基础组件库基本已经完善。网络结构、输入数据等还在测试修改。网络结果与之前没有太大差别。','2017-04-24','',105,13),(828,'1.考察打印机项目的方案\n2.写usb从设备的驱动','2017-04-26','寄快递，拿报纸',96,48),(829,'1、为STM32从控部分增加了各琴键并行力度渐变的功能，并完成MIDI新协议的制定和修改，软件仿真效果正常。下周进行上琴测试功能，并编写新的消息格式文档。\n2、学习SPRING MVC、HIBERNATE框架，并使用JDBC对SQLite数据库进行增删改减和做一些简单的DEMO。','2017-04-26','填写董冕雄老师千人计划申请资料,帮仇老师搬试卷。',94,47),(830,'/***4月第4周***/科研方面：尝试使用2个孪生网络，同时分别处理2张不同方向的对应EPI文件，并将输出结果组成全连接网络进行训练。结果需要进一步调优。其他方面：学了学docker、mongodb等基础知识。','2017-04-28','',105,13),(831,'修改了一篇论文投稿《Tsinghua Science and Technology》','2017-04-28','',104,12),(832,'1、故障诊断代码实现；\n2、讨论e单车中需要用到的通讯协议，并负责修订服务器与主控柜之间的协议；\n3、与史建凯讨论主控柜与车桩之间的协议并对协议内容做修改；\n4、修改e单车事务流说明，在其中添加通讯时发送的具体命令；','2017-04-29','',100,6),(833,'看了一周的图像和MATLAB编程基础知识，然后花了两周看了三篇论文和做实验，准备下个月开始写论文。','2017-04-29','查关于机器人小镇的资料；南太湖材料修改；做专业评估PPT；财务',78,4),(836,'1.完成电单车桩和控制柜得通信协议制定 2.完成模块的tcp测试','2017-04-29','',97,46),(837,'1.考查可用的usb从设备开发板\n2.参加nxp的会议，考查智能网关\n3.调试2440开发板上的usb驱动程序','2017-04-30','拿报纸，寄快递',96,48),(838,'完成dct矩阵在满足不加入dmm条件下右下角矩阵系数全为零和右下角矩阵系数全为零的不加入dmm的百分比统计，看3D-HEVC的overview，了解论文代码构造','2017-04-30','实验室报销单处理，实验室买插线板',91,43),(839,'1 进行钢琴力度渐变功能测试，项目文档编写和整理 2 学习sping和hibernate的整合','2017-05-01','',94,47),(840,'进一步完善，增加batch normalization论文里的算法，并测试了灰度图，尝试了修改patch宽度，效果不明显。已将网络的直接结果交给老师','2017-05-01','',108,10),(841,'4月第四周：\n1.尝试修改神经网络模型来提高预测精度，现在自己训练的神经网络模型存在很大的拟合训练的情况，对训练集的拟合程度太高，导致预测新图片的精度很低。\n2. 制作新的训练数据集，把原来的彩色图换成灰度图，结果显示拟合的情况得到改善，表明数据集的质量在深度学习里非常重要。\n3.进一步学习Caffe的源码。','2017-05-01','',117,49),(842,'项目:\n1.调试电动车项目的通信协议。\n2.学习nodejs的request，stream等。\n3.帮做故障检测前端的学妹，解决小问题。\n服务:\n1.戴老师办公室日常卫生，日常打印。\n2.帮师姐编辑材料中的简历内容和格式。','2017-05-01','',99,45),(843,'1、进行mongodb压力测试，新增索引对测试的影响。\n2、按需求修改代码\n3、学习bootstrap','2017-05-01','1、统计、换实验室插排\n2、（上周）修理523椅子',95,40),(844,'前两周把算法中的MRI数据换为CT数据,看程序的适应性，发现可以运行，但多余的数据会被自动截断，只显示局部分割结果，修改程序，增大，改变数据量继续尝试，发现会超出显存等错误，本周对程序进行程序中数据处理的理解，尝试分批对数据进行分割，查看结果','2017-05-02','',71,14),(845,'1 Nvidia TX1 行人检测\n2 Opencv Tensorflow 安装\n3 SLAM for dummies\n4 Introduction to autonomous mobile robots 2nd edition 正在学习\n5 Robotics , vision and control fundamental algorithms in Matlab 其中 navigation localization 部分\n6 基本路径规划算法\n7 ROS wiki／ROS使用初步\n8 LFDL 网络、输入结构改进','2017-05-02','',106,44),(846,'4.15~4.19\n1.用gradle重构故障检测项目，优化hibernate与spring的整合\n2.学习vba代码对excel的操作，写excel操作代码\n3.学习后台相关基础知识','2017-05-02','',98,41),(847,'4.24~4.28\n1.学习，整合当前流行的ssm框架，写一个demo\n2.汇总excel，设计数据库表，导入测试数据','2017-05-02','',98,41),(848,'做实验，收集数据','2017-05-02','',77,18),(849,'1.学习和接手rjwl微信公众号的代码。\n2.填写研究生创新基金申请书。\n服务:\n1.帮仇老师翻译，整理ITMO课程。\n2.改工程研究中心申请书格式，胶装材料。\n3.戴老师，日常卫生，日常打印，接待客人。\n4.帮曾老师，去军工处，抄材料。\n5.帮张老师交调课表，导考核表。\n6.和杨仁彬，一起整理16年，项目财务表。\n7.帮吴老师，开毕业答辩小组会。','2017-05-07','',99,45),(851,'1.对STM32坏板进行更换，进行力度渐变弹奏效果测试，编写项目文档 2.研究生创新基金项目申请 3. 帮助商吉利编写毕业设计从控板部分 4.Spring 框架学习','2017-05-07','帮仇老师审查课改申请表',94,47),(852,'1、修改sails后台代码，新增一些逻辑\n2、整理sails的postman测试集合\n3、学习passport，了解各种认证策略','2017-05-08','',95,40),(853,'/***5月第1周***/科研方面：光场深度学习目前遇到瓶颈，尝试不同的网络、参数，测试能否够提高精度。根据医学图像处理的外文书籍，学习深度学习的一些理论','2017-05-08','本周在科研方面的代码量比较少。其他方面，自己花时间过了一遍golang，并学习了下go web编程',105,13),(854,'1.跑了balloons,newspaper,kendo三个yuv的代码，用Python统计了在不加入DMM情况下DCT系数矩阵右下角全为零的百分比和DCT系数矩阵右下角全为零的不加入DMM的情况。\n2.在跑分辨率为1920*1088的yuv时，内存不够，正在实验室服务器上面搭虚拟机跑\n3.写科研创新基金申请书','2017-05-08','处理实验室报销单',91,43),(855,'1.使用一种方案连接开发板和上位机，找到windows端的驱动和上位机usb收发程序，但是收发失败。\n2.使用另一种方案，将开发板模拟成串口接入上位机，并使用串口工具，收发数据成功。','2017-05-08','1.拿报纸，收快递\n2.给吴老师安装freedos系统，并设置共享目录\n3.在实验室服务器上使用虚拟机安装了windows系统，并实现远程桌面连接，开放给需要跑大工程的同学使用。',96,48),(856,'1、佳洁镀锌场站出差事宜提前准备；','2017-05-08','e单车：\n1、修订主控柜与服务器交互协议，修正e单车事务流；\n2、与张老师讨论上位机软件（eFactory）的开发需求，并设计eFactory的软件架构以及界面；\n3、与李艳暖讨论eFactory的需求，并监督她进行开发；',100,6),(857,'项目:\n1.熟悉，了解rjwl代码，往里加图片，并学习如何将项目部署到阿里云上，供大家访问。\n2.学习百度地图api的使用。\n服务:\n1.帮曾老师画机械臂项目的visio图，查找，整理参考文献，改文档格式。\n2.帮张老师画重大可行性报告的visio图，科研成果的整理，改第三章节内容。\n3.戴老师，办公室日常卫生，打印工作。\n4.跑戴老师英国签证申请，签字等事宜。','2017-05-14','',99,45),(858,'1、按需求修改代码\n2、重构完了一个微型博客diamante\n3、学习vue.js','2017-05-14','',95,40),(859,'深度流算法改进--基于双边插值的epi图像斜率估计','2017-05-14','',109,11),(860,'1.解决了代码内存不够的问题，是因为原来代码new一个dct数组后，没有delete dct数组，导致内存不断增加。因此，在处理完一帧图像后，delete掉相应的dct数组\n2.找到修改帧数的文件是seq文件\n3.看overview的论文，了解编码框架，纹理图和深度图之间的关系。部件，存储单元，视角之间的关系','2017-05-15','处理实验室报销单，去签证老师处拿送东西',91,43),(861,'/****5月第2周****/科研方面：深入阅读了论文《Deep Residual Learning for Image Recognition》，对残差网络的构建技巧、性能、效果有了直观的感受。比如1x1卷积核的作用，残差网络性能好的原因，如何使用global average pooling使用等。','2017-05-15','',105,13),(862,'1、去宁波出差，将现场ibox更换为ZBOX，并将数据上传到服务器；\n2、将LNG相关资料给黄锦泖；','2017-05-15','e单车：\n1、监督eFactory开发进度，并解答他们的一些问题；',100,6),(863,'利用边缘检测滤除弱纹理样本，并通过GC优化结果。调研医学图像三维分割中评测系数PSE与DICE','2017-05-15','',108,10),(864,'1.WEB框架学习 2. 这周由于脚崴伤无法进行钢琴测试，下周脚踝修复后尽快完成潘磊全新功能测试','2017-05-15','',94,47),(865,'项目:1.帮沈韵琦学妹调故障检测的API。\n2.学习map的使用，完成地图打点，搜索。\n服务:1.帮吴老师，仇老师画visio图。\n2.戴老师办公室日常卫生，日常打印。\n3.戴老师英国签证申请表填写，资料整理。\n4.整理工业大数据工程中心，申请附件。\n5.改仇老师创新实践课程的PPT。','2017-05-22','',99,45),(866,'1、学习vue\n2、修改代码','2017-05-22','1、搬论文\n2、帮仇老师装机',95,40),(867,'1.看3D-HEVC的Overview（还没看完，内容很广泛，讲的知识点比较宽，需要慢慢消化）\n2.跑实验代码（因视频序列运行时间较长），统计对应的DCT系数矩阵','2017-05-22','1.帮张博写试卷答案和成绩打钩\n2.替师姐去弗雷德打印外骨骼机器人相关论文\n3.处理实验室报销单',91,43),(868,'e单车：\n1、监督项目进度；\n2、监督eFactory实现，并解答刘高敏一些问题；\n3、监督赵骏实现主控柜和服务器交互，并与他讨论相关协议的一些问题；','2017-05-22','实验室服务：\n1、帮仇老师恢复磁盘的数据；\n2、帮吴老师安装病毒补丁；',100,6),(869,'准备光场相机评测数据，测试残差网络性能','2017-05-22','',108,10),(870,'第一周\n整合excel文件，创建远程数据库\n\n第二周\n1.在新整合的SSM demo中\n\n1）添加@ResponseBody接口与前端json交互\n2）aop事务处理\n3）阿里的druid数据库连接池 \n4）加入Shiro安全框架\n5）加入pagehelper插件分页查询\n6）加入Quartz 定时器，通过动态mybatis sql语句实现分表\n\n2.帮助本科学妹解决前台数据不显示问题\n\n第三周\n复习一遍java web的servlet，jsp等基础知识，写相应demo','2017-05-22','',98,41),(871,'精读了论文《Spatial Pyramid Pooling in Deep Convolutional Networks for Visual Recognition》，主要是对它提到的SPP-net进行分析。SPP-net在faster-RCNN，深度学习人脸识别等场景都有提及采用它的思想。这种网络特点是在卷积网和全连接之间插入一个SPP Layer，SPP layer输出为固定长度的向量，因而使得网络可以接收任意尺寸的图像数据。SPP layer是文本处理中词袋模型(Bag of words)在CV领域的迁移应用。因为SPP-net在许多高级别的论文中都有引用，因此值得了解其思想。','2017-05-23','',105,13),(873,'1.如果用usb设备驱动监听其他端口上的数据比较困难，准备考察usb-gto的方式\n2.虽然使用usb设备驱动比较困难的监听数据，但是在总线上可以监听所有的usb端口的数据。可能可以尝试在总线上监听，然后再通过usb发送给板子这种方式。','2017-05-23','1.收发快递、拿报纸 2.给戴老师修笔记本电脑',96,48),(874,'1.完成了共享单车项目的网络数据的打包和解析功能，并写了测试用例和说明交给史建凯。','2017-05-23','1.收发快递，拿报纸',96,48),(875,'5月22日：1.进行新MIDI协议的测试，完成了力度渐变、预热结点、快速播放、减速播放的功能测试，并编写新协议文档,新MIDI翻译中还是无法弹奏所有的曲子 2.学习Spring mvc','2017-05-26','',94,47),(876,'创新基金申请\nUWB申请部分条目编写\n脊柱分割重建的DICE/HD/AAD评测','2017-05-30','',106,44),(877,'1、学习docker，并学习用docker下载镜像\n2、学习api gateway，并了解kong\n3、安装并部署kong，进行基础部分学习','2017-05-30','1、帮仇老师装win7',95,40),(878,'1.进行钢琴项目代码进行整理、测试2.学习PYTHON相关库，准备6月初的数学建模选拔赛','2017-05-30','帮仇老师查找资料、填写董老师千人计划申请',94,47),(879,'1、在网站上添加一个新的产品，让数据上线；\n2、与张老师讨论ZBOX板做线问题，并绘制做线示意图；\n\ne单车：\n1、与戴老师开会讨论去金华出差事宜；\n2、e单车会议准备，整理房间等；\n3、参与e单车会议，了解各方要做的事情；','2017-05-31','实验室服务：\n1、维修3D打印机',100,6),(880,'1.学习nodejs的express框架，数据和视图分离的arttemplate.js\n2.帮仇老师收电脑，装软件，查找专利信息。\n3.填写3D创新团队工作总结报告的基础信息部分和财务部分。\n4.整理省工程中心申请材料附件，抄军机处材料，公务接待签字。\n5.戴老师办公室日常卫生，日常打印。\n6.协助师姐做重大项目结题的ppt。\n7.准备六级考试。','2017-05-31','',99,45),(881,'1.准备英语口语考试\n2.使用beaglebone板子，使用usb otg，并不能监听到usb上其他端口的数据。\n3.尝试在本地使用mqtt协议，使用一个代理，一个发布，一个订阅来通信。','2017-05-31','拿报纸，收发快递。',96,48),(882,'/**2017.05第四周**/科研方面：本周主要阅读了Faster-RCNN论文，对目标检测任务的深度网络构建、以及训练有了一定程度的认知。了解rcnn,sppnet，fast-rcnn，faster-rcnn之间的差别。','2017-05-31','',105,13),(883,'把overview大致过了一遍，了解每一个参数的用途','2017-05-31','1.帮戴老师去人力社保大楼打印社保证明\n2.3D创新团队技术总结报告的研究成果整理\n3.帮阳宁凯师兄翻译分布式压缩感知重建论文',91,43),(884,'五月份的工作内容\n六月一日和PC端一起走一遍流程\n网络协议部分暂时停了','2017-06-01','1:E单车硬件驱动代码完成\n2:车桩与主控柜之间的代码测试完成\n3:与PC端的调试过两次，PC端数据解析存在问题（已解决）\n4:代码中添加了消息池\n5:整体代码整合\n6:整合测试',97,46),(885,'1.学习目前流行的spring boot框架\n2.构建RESTful API以及单元测试；使用Spring Security进行安全管理；整合mybtis；集成ehcache缓存；\n使用Swagger2自动生成API文档；使用Druid连接池和监控配置\n3.搭建spring boot 集成MongoDB；使用JWT和Spring Security实现登录，保护 RESTful API','2017-06-01','完成项目结题人员名单',98,41),(886,'6月，省重大项目参与视觉机器人，喷涂机器人，细络联申报，山东科技项目评审，3D创新团队总结报告。','2017-06-01','',104,12),(887,'1.拟工程中心章程初稿，经戴老师审核后修改章程和申报书，然后打印附件材料送行政楼\n2.整理附件材料的专利部分，画visio图，要法人证书。\n3.改国际合作基地申报书。\n4.戴老师办公室日常卫生和打印工作。\n5.准备结课的论文和ppt。\n6.准备六级考试。','2017-06-04','',99,45),(888,'测试不同参数下网络性能，准备实验数据，准备论文','2017-06-04','',108,10),(889,'1 学习SPRING MVC/BOOT框架 2 参加校数学建模比赛','2017-06-04','帮仇老师跑文件、拿快递',94,47),(890,'五月主要任务：参加南太湖申报材料培训会，并修改南太湖材料；3d创新团队技术总结报告书写；公用技术，领域基金，各种申报书修改。','2017-06-04','曾老师“课改”PPT，仇老师工程认证PPT，戴老师：邻居e电车PPT，重大项目结题PPT，财务。',78,4),(891,'准备国合基地申请的附件材料','2017-06-04','做无人机系统PPT，财务',78,4),(892,'1、学习kong，实现其用法。  \n2、学习vue','2017-06-04','',95,40),(893,'6月第一周：本周做的内容有点散，主要分2个部分：1)继续深入研究Faster-RCNN，这块内容比较多；2)学习了C++11的一些新特性，比如类型推导、右值引用、移动语义等。','2017-06-04','下周计划，深入学习下FCN网络。然后开始找针对性的课题研究，以及着手开始论文写作。',105,13),(894,'E单车项目','2017-06-04','完成控制站的模拟测试\n就行MQTT的测试',97,46),(895,'这个月主要在做眼动议实验，写代码和写论文软著','2017-06-05','',77,18),(896,'按照程序最大容纳的数据量对数据进行分批的处理，训练，但发现一些问题，有时会不收敛，去掉接近尾椎的一部分数据之后，又收敛了，由于别人的方法都是按椎测评，我们程序分割的结果是没有把每个椎体分开的，对比不了，所以要想办法区分出一个个椎体，两个思路，后处理区分不同椎体，或者是在训练时采用其他多分类的损失函数，如交叉熵损失函数，具体程序要怎么要修改，以及修改后是否能区分出不同的椎体仍需尝试','2017-06-05','',71,14),(897,'201706月报\n本月回顾：\n1.完成《分布式压缩感知...》论文，及投稿；\n下月计划：\n1.修改退稿论文；\n2.学习计算机视觉方面知识；\n3.继续做比赛题目；','2017-06-05','',110,8),(898,'深度流算法改进--基于双边滤波的epi图像斜率估计，GC优化','2017-06-05','实验室整理，报销事务',109,11),(899,'1. 学习全卷积神经网络论文及其源码，利用它整图预测的方法来进行深度预测，主要是实现一次循环预测一整行的视差图，相比之前的单个像素预测速度提高几十倍，但是精度下降了，原因是在立体匹配时只用到水平方向的约束，所以往3d卷积的方向做。\n2. 学习3D-Caffe以便实现3D卷积，结果发现该框架在卷积大小方面不灵活，导致训练不收敛，所以又转向了Tensorflow，目前正学习新框架的使用。','2017-06-07','',117,49),(900,'论文没看','2017-06-11','3d创新团队技术报告修改，南太湖材料补充，南太湖PPT制作，国合基地申报材料打印，财务',78,4),(902,'看3D-HEVC代码，了解参数选项的调用实现','2017-06-11','实验室报销单处理，完成学校数学建模竞赛试题',91,43),(903,'1.学习express框架。2.改国际合作基地申请书格式。3.整理3D总项目验收的材料。4.戴老师办公室日常卫生，日常打印。5.协助仇老师开展523的外国人的课。6准备六级和J2EE的翻译作业。','2017-06-12','',99,45),(904,'1、学习vue\n2、实现kong gateway\n3、了解mqtt在nodejs的实现','2017-06-12','',95,40),(905,'1 MVC DEMO学习 2 期末结课报告编写','2017-06-12','跑资料、拿快递',94,47),(906,'科研方面：阅读了FCN的论文。对论文中提到的，将传统卷积网络改造成全卷积网络的方法有了清晰的认识，对FCN中的关键反卷积层的实现构造的原理以及最后的输出如何进行softmax对每一个像素进行分类也有了清晰的认识。','2017-06-12','以前许多FCN的应用是基于Caffe框架实现的，在tensorflow中，代码上如何去实现，是我需要去研究的。另外，由于直接FCN出的结果是比较粗糙的，一般在FCN后会使用条件随机场(CRF)进行处理，有论文是表述这个观点的。这个也需要研究下。',105,13),(907,'1、整体学习物联网设计\n2、学习mqtt协议\n3、学习vue','2017-06-18','',95,40),(908,'看3D-HEVC源代码中的编码部分和官方的一份Test Model 11 of 3D-HEVC and MV-HEVC文档','2017-06-19','统计3D产业项目的专利论文数，统计3D产业项目自筹经费，扫描3D产业项目验收报告，实验室报销单处理',91,43),(909,'1.SpringBoot微服务框架学习，js语言学习。2.《自动智能钢琴音律调整系统》专利编写','2017-06-19','拿快递，跑资料',94,47),(910,'1.整理审计材料自筹经费模块及填写任务履历表，相关材料的准备。\n2.戴老师办公室日常打扫，日常打印。\n3.准备英语笔试和六级考试。\n4.写文献综述任务书。','2017-06-19','1.不足:由于事务较繁琐，考试周，时间无法充分利用，暂无学习技术，下周要适当调整。\n2.打算:暑假会跟仇老师写论文，完成毕业要求。',99,45),(911,'研究CRF-FCN的实现原理，参考了SEMANTIC IMAGE SEGMENTATION WITH DEEP CONVOLUTIONAL NETS AND FULLY CONNECTED CRFS这篇论文。','2017-06-20','',105,13),(912,'项目:1.学习node.js的表单处理和渲染模板的使用。2.跟师妹介绍，指导前端工作。\n服务:1.做李建中等三位老师的聘书，并打印。2.跟杨任彬拍了近一天的大额凭证，整理了2个晚上的凭证，顺带整理所需材料，联系审计老师。3.协助仇老师录入成绩，审阅项目申报书。4.戴老板，办公室日常打印，日常卫生。','2017-06-24','',99,45),(913,'1、学习vue\n2、了解Coap与mqtt协议','2017-06-25','帮忙空调修理、清洗',95,40),(914,'epi方法加入光场角度信息，结果精度较大提升。','2017-06-25','实验室设备整理',109,11),(915,'看3D-HEVC代码','2017-06-26','1.写省级科技项目执行情况与绩效评价表2.写项目验收意见3.替吴老师拍项目审计材料与附件4.实验室报销单处理',91,43),(916,'主要工作：1.SpringBoot微服务框架学习2.《音律识别及智能钢琴音律自动调整系统》专利编写','2017-06-26','跑文件',94,47),(917,'第一周 \n实现mongodb 自定义查询、分页查询\n后端多数据源测试\n搭建redis缓存环境，并与springboot集成、简单测试\n第二周\n了解mqtt协议相关信息\n准备六级\n第三周\n测试支持mqtt docker：mosquito、RabbitMQ、ActiveMQ、Apollo\nclient端：paho、fusesource\n在linux搭建mosquito Server端，本地paho Client端测试','2017-06-26','',98,41),(918,'在cs231n上学习了卷积网的构建技巧。','2017-06-26','',105,13),(919,'做单车项目','2017-06-30','收发快递，拿报纸',96,48),(920,'做e单车项目','2017-06-30','收发快递，拿报纸',96,48),(921,'做e单车','2017-06-30','收发快递',96,48),(923,'做e单车项目','2017-06-30','收发快递',96,48),(924,'1.完成专利《音律识别与自动调整系统》初稿编写 2.学习安卓、服务器搭建，准备仇老师的温州大学安卓项目。','2017-07-02','',94,47),(925,'论文:1.查找近两年CMIMO相关论文。2.仔细研究宋师兄的簇头轮转的CMIMO的实现方法.争取近两周内完成仇老师布置的会议改期刊的目标。\n项目学习:1.学习javascript的表单，DOM操作等。\n服务:1.戴老师办公室日常卫生，日常打印。\n2.帮曾老师，画项目申报书中的visio图。3.处理吕晨阳，刘晓莹的人才引进相关事宜。4.人事处送材料。','2017-07-03','',99,45),(926,'无','2017-07-04','做南太湖PPT，戴老师补办港澳通行证，曾老师的项目申请书',78,4),(927,'看了一篇deep parsing network的论文','2017-07-04','',105,13),(928,'边看文档边看3D-HEVC代码','2017-07-04','处理实验室报销单',91,43),(929,'E单车项目','2017-07-04','1：金华出差\n2：新昌出差\n3：MQTT代码实现\n4：连接可靠性测试\n5：OS移植测试',97,46),(930,'发电机项目申请书\nOpencv 目标识别定位系统论文摘要国内外综述部分\n计算机视觉课程论文\n新能源汽车电机\\电控系统项目申报','2017-07-04','',106,44),(931,'浙江省重点智能制造项目《新能源汽车全系列驱动电机和电控器的柔性智能制造》申报','2017-07-04','',104,12),(932,'第四周：搭建集成api的脚手架，方便以后快速开发。搭建mysql的jwt验证登陆','2017-07-04','',98,41),(933,'论文:1.看CMIMO相关论文。2.改仇老师给的一篇会议论文，改的差不多了，就差实验扩充。3.论文中的图重画。项目学习:1.学习js基础，做定时器，日历，无间隙滑动等小功能。服务:1.戴老师财务以及各种签字，办公室卫生，日常打印。2.帮仇老师打印文件送文件。','2017-07-09','',99,45),(934,'1、写论文\n2、帮助测试mqtt协议','2017-07-09','',95,40),(935,'1.安卓编程、服务器编程框架学习，Sqlite/Mysql数据库环境搭建。','2017-07-10','',94,47),(936,'1.学习光场相机的成像原理及其使用方法，目的是制作自己的光场数据集用于神经网络的训练。\n2. 学习tensorflow并把之前用caffe实现的网络模型用tf来实现，目的是利用tf的3D卷积功能。\n3.看光流相关论文。','2017-07-14','',117,49),(938,'1.完成安卓开发的大致学习 2.去温州大学进行《信息化配电系统》和《工业自动化零部件制作信息系统》项目的需求交流，下一周主要撰写需求文档和确定项目的解决方案','2017-07-17','',94,47),(939,'一.项目处于学习状态，主要学习了JavaScript的基础，包括DOM,BOM，事件等。二.论文:1.上周改了一版给仇老师，这周根据仇老师的指导意见，改相应的introducion和related work两部分，下周准备熟悉仿真的代码，完善结论部分。2.下载CTex排版软件，学习如何使用。三.服务:1.网上填报3D项目验收的材料.2.戴老师办公室日常卫生，日常打印，部分财务跑签字。','2017-07-17','',99,45),(940,'1.编写信息化配电项目的需求文档，并根据对方要求修改  2.制定项目关键技术解决方案','2017-07-24','',94,47),(941,'看了论文','2017-07-26','做PPT',78,4),(942,'基于blender自己构建光场训练数据，优化训练数据质量，并设计应用新的网络结构，实现图像深度的全局处理','2017-07-26','',108,10),(943,'项目:处于学习状态，学习了js重点cookie，和Ajax，及相关动画的控制。论文:翻译能量模型部分的论文，看仿真代码，找突破点。\n服务:1.财务签字等。2.戴老师办公室日常卫生，打印。3.草拟并修改戴老师的协议的电子稿4.接待客人，打扫523等。','2017-07-27','',99,45),(944,'1.计算DCT矩阵右下角50%的全零块占比2.看HTM13.0源代码和论文','2017-07-30','处理实验室报销单',91,43),(945,'1.修改信息化配电项目需求文档 2.查询项目解决方案','2017-07-31','',94,47),(946,'做e单车项目','2017-07-31','',96,48),(947,'做e单车项目','2017-07-31','',96,48),(948,'做e单车项目','2017-07-31','',96,48),(949,'做e单车项目','2017-07-31','',96,48),(951,'（七月）\n1.写mqtt coap相关的论文\n2.帮助mqtt服务器测试','2017-07-31','',95,40),(952,'1.看e单车的需求规格说明书\n2.在知网搜查相关项目的论文，学习、了解相关技术，背景\n3.学习微信公众号的服务器端开发','2017-07-31','搬东西',98,41),(953,'眼动仪收集数据','2017-07-31','',77,18),(954,'1.继续做深度估计方面的实验，通过使用不同的神经网络模型来寻求预测精度的提高，发现遇到瓶颈，所以在训练数据集方面采取数据增强等方法，结果精度微微提升。\n2.开始看cvpr2017中关于光流估计的论文，将光流估计和深度估计和光场数据结合起来，学习别人的好方法并将其应用到光场上，以后在这方面作出创新点发论文。\n3.学习tensor flow框架的运用，接下来还要在学习新的框架torch。','2017-07-31','',117,49),(955,'整理前一阶段的深度学习分割ct的数据集，实验，结果，测评标准','2017-08-01','',71,14),(956,'整理前一阶段的深度学习分割ct的数据集，实验，结果，测评标准','2017-08-01','',71,14),(957,'修改专利，开始写大论文','2017-08-01','实验室整理',109,11),(958,'超声波探伤综述\n结合 VAE 跟 GAN 的自动驾驶 paper: Learning a Driving Simulator\nAutonomous helicopter flight via R-learning Embed to control\nTX1 demo 展示\n小车构建调研\n虹软接口查看','2017-08-01','',106,44),(959,'1.学习JavaScript的动画框架，面向对象。2.戴老师办公室日常卫生，打印等。3.快被3d项目的审计，折磨死，天天好几个电话，那不对那不对，弄了一个礼拜还没弄好。4.空的时间弄弄论文。','2017-08-08','',99,45),(961,'假期做了一次项目申报PPT，放假时间8月14日-9月3日','2017-09-01','',99,45),(962,'看论文关于深度模型模式Wedgelet和Contour部分和CodeCU部分源代码','2017-09-01','帮阳宁凯根据Latex模板改论文，去财务处拍财务审计档案，科研特支费调整公务接待表格补交盖章，国家自然科学基金申请书盖章，根据参与人模板写戴老师简历。离校时间:8月21日',91,43),(963,'做眼动仪实验 ，收集数据\n改论文，再投','2017-09-01','',77,18),(964,'和三教同学研究基于冗余残差网络的改进，主要在看别人的源代码。帮周博利用unity导入三维模型','2017-09-01','',108,10),(965,'NSFC两化融合PPT，其余时间看看计算机视觉或故障诊断相关的论文、书等。','2017-09-01','打扫卫生，寄快递，印名片等事',78,4),(966,'1号到20号主要完成了信息化配电系统的总体设计书的编写，其中去厦门玩了5天。20号后回家，期间学习实践前端、后台，以及阅读相关开源项目的源码。','2017-09-01','',94,47),(967,'8月报告：\n1. 修改一篇cvpr2017论文的源码，应用于我们研究的光场深度估计之中，主要的思想是利用空间金字塔概念，训练多个模型分别估计不同量级的视差，并将这些模型串联起来，作为深度估计的后处理步骤。\n2. 继续完成之前将水平、垂直两个方向的epi图像输入神经网络进行区域视差估计，实验结果不太理想，躁点严重，无纹理区域错误严重，需要进一步改进。                                     3. 学习深度学习的基础课程，主要是查漏补缺。','2017-09-01','',117,49),(968,'做e单车项目','2017-09-02','',96,48),(969,'做e单车项目','2017-09-02','',96,48),(970,'做e单车项目','2017-09-02','',96,48),(971,'做e单车项目','2017-09-02','8月31号回家',96,48),(972,'8.23-8-31\n去新昌送设备\n写微信服务号后台服务器','2017-09-02','帮戴老师买西瓜、擦桌子等',98,41),(973,'pc端tensorflow人脸识别编写\nandroid开发配置\ntensorflow2android移植\nandroid人脸识别的主要方法分析\nopencv人脸识别on android','2017-09-02','',106,44),(974,'1、监督史建凯和赵骏完成任务，并协助他们测试e单车系统；\n2、向张老师汇报工作进展；\n3、与张老师和赵老师讨论系统的改进方案；','2017-09-02','',100,6),(975,'协理国基金答辩，山东省，河北省，广西省若干项目评审，省级企业研究院评价。老师辛苦了。','2017-09-02','',104,12),(976,'写大论文、教师弟使用实验室设备','2017-09-02','',109,11),(977,'7.23 - 8.21回家（买电脑没到耽误了一周）','2017-09-03','',95,40),(978,'1.研究论文的代码，基本已经掌握，缺后期的完善。2.按需改人机物联的代码，差导出兼容性的没弄。3.处理八月份实验室津贴，交财务预约单。4.戴老师办公室，日常打扫，打印。5.帮仇老师寄快递等。','2017-09-11','这周要开始学ES6标准',99,45),(979,'1.跟陈帅一起，按需求改人机物联的功能代码。2.改仇老师发的论文语法。3.整理3D创新团队结题的资料。4.处理戴老师财务。5.戴老师办公室日常卫生，打印。6.帮曾老师送文件，合同。7.帮仇老师打扫325，配钥匙等。','2017-09-15','',99,45),(980,'帮忙测试mqtt通信','2017-09-17','',95,40),(982,'看深度模型模式选择和师姐修改的代码','2017-09-17','处理实验室报销单，替戴老师写万人计划申请书',91,43),(983,'1.改仇老师给的论文，提交了初稿。2.带师妹们处理下报销，安排值日表，位置等。3.戴老师办公室日常打印，卫生，下周准备交接给师妹。4.准备学习ES6标准，搭建ES6运行环境5.修改3d项目的总结报告，上传网上3d项目答辩的相关材料。','2017-09-24','',99,45),(984,'Mongo数据库分片与测试','2017-09-25','去德清演示干电极，理疗器',95,40),(985,'看需要审稿的论文，讨论后续论文实验内容','2017-09-25','',91,43),(986,'/**2017年9月总结**/科研方面：阅读了一篇光流估计的论文《Optical Flow Estimation using a Spatial Pyramid Network 》。该论文的特色是使用传统方法与深度学习向融合的模型，且取得了不错的效果。根据周博的安排，我是主要在网络结构方面进行研究，接下来的大论文也是这个方面。','2017-10-01','9月是找工作的高峰期，也花了不少时间参加笔试面试。科研方面时间比较紧，但是9月份个人的感觉确实有点浮躁！沉不下心来。也有点焦虑感！加油加油',105,13),(987,'跑qp 39的相关视频序列','2017-10-01','去德清出差，帮张博审稿写审稿意见',91,43),(988,'分析项目需求，设计数据库数据表','2017-10-01','德清演示干电极',95,40),(990,'做e单车项目','2017-10-05','',96,48),(994,'看了Python基础，了解深度学习','2017-10-05','修改PPT，财务交接',78,4),(995,'E单车调试','2017-10-05','',118,59),(996,'这周主要准备毕业论文','2017-10-05','',108,10),(1002,'看论文，查资料(涉及ground truth的建立，3d检测算子理论和性能评估，特征匹配) \n熟悉学习师姐的代码','2017-10-05','跟着赵一师兄去德清做了产品展示',125,67),(1003,'第一周：这段时间主要学习了H5和JS语言基础，并且在获得了qunee组件的非商业授权后学习组件的使用，基于找到的开源代码，可以实现基础B/S的VISIO图形建模功能，后期需要学习几个相关的前端框架和熟悉组件相关的开源项目结构和源码','2017-10-06','',94,47),(1004,'第二周：这周主要的工作是按照项目的需要学习了JS、CSS、jquery框架，利用开源项目的脚本和样式文件搭了在线建模功能的实例。下一周的工作计划是继续学习其他需要的项目框架和组件提供的学习文档，并尝试对库脚本文件进行修改，得到自己的DEMO。','2017-10-06','',94,47),(1005,'第三周：这周主要调通了spring boot jpa和mysql数据库，调通了前后端通讯restful API各类请求的demo，为下一步服务端API设计做准备，还有就是在看前端的框架和源码，然后就是完成部分开放基金项目申请书。','2017-10-06','',94,47),(1006,'第四周：主要完成了开放基金项目申请书的编写，然后其他主要在阅读和修改源码','2017-10-06','',94,47),(1007,'V-net 论文阅读/重现实验\ntx1 teensy小板控制','2017-10-06','',106,44),(1008,'本周主要学习了基础的知识，概率论，线代，凸优化。以及看相关机器学习的视频，包括回归，决策树，特征工程，svm模型调优等。','2017-10-06','九月第一周，主要对机器学习相关的理论知识的学习和理解，以便更好的学习深度学习相关的知识',119,63),(1009,'主要学习，聚类，贝叶斯网络，人工神经网络，CNN，，RNN的一些相关的知识，看了相关的书和视频。','2017-10-06','九月第二周，开始初步学习深度学习的相关理论知识。',119,63),(1010,'1.修改人机物联后台代码；\n2.学习springcloud分布式服务器.','2017-10-06','',98,41),(1011,'E单车项目','2017-10-06','九月份出差做E单车项目，修改E单车控制柜代码，提高稳定性，移除OS，完成代码更新',97,46),(1012,'本周对iNB智能锁项目的优化和功耗的降低。此外主要是学习了tensorflow实战Google深度学习框架这本书，搭好了环境，学习了入门和深层神经网络这两章节。','2017-10-06','9月第三周，主要是tensorflow框架的搭建和学习入门',119,63),(1013,'学习深度学习的知识，tensorflow框架搭好后，学习如何使用tensorflow，看了相关的视频教程，跑了些简单的程序。','2017-10-06','9月第四周，和几位师兄交流了学习深度学习的心得体会和方法，同时参与了3教周老师他们的每周例会，交流和讨论。',119,63),(1014,'E单车项目','2017-10-06','测试配置工具，修改代码初始化BUG',97,46),(1015,'E单车','2017-10-06','帮助小黄测试车板，修改心跳包延时时间，解决重启bug',97,46),(1016,'E单车','2017-10-06','完成整个代码更新流程，联系谢星协调代码更新流程',97,46),(1017,'学习node.js','2017-10-06','',128,60),(1018,'学习node.js+mongodb','2017-10-06','',128,60),(1019,'博客项目的练习','2017-10-06','',128,60),(1020,'初步接触机器学习；Python语言的初步学习','2017-10-06','',128,60),(1021,'测试智能阀硬件，学习can通信相关知识','2017-10-06','跟3教梁麟开师兄学习机器学习，看了师兄给的相关论文',122,65),(1022,'了解can通信，写了相关代码测试','2017-10-06','学习机器学习相关知识',122,65),(1023,'调试can通信代码，跟周文晖老师见面，了解实验室机器学习现状与未来大概研究方向','2017-10-06','',122,65),(1024,'学习计算机网络本科课程','2017-10-06','',123,62),(1025,'学习java设计模式 并做练习','2017-10-06','',123,62),(1026,'学习算法导论 一小部分 (书有点厚)','2017-10-06','',123,62),(1027,'了解 并看了一些大数据，数据处理方面的书','2017-10-06','',123,62),(1028,'学习matlab使用，看图像处理，机器视觉的资料','2017-10-06','',125,67),(1029,'看论文查资料','2017-10-06','',125,67),(1030,'看深度学习入门资料，了解深度学习模型和算法的实现途径','2017-10-06','',125,67),(1031,'看书学习javascript和jquery教程','2017-10-06','',124,64),(1032,'看书结合示例写一些小程序','2017-10-06','',124,64),(1034,'第一周：\n1.学习Python常用的numpy、pandas库。\n2.深度学习框架keras的学习，熟悉图像分类的具体流程。','2017-10-06','',121,66),(1035,'基于双边插值的epi深度估计程序算法加速，大论文','2017-10-06','实验室整理',109,11),(1037,'第二周：\n1.学习模型调优技巧，重点对图像数据增强，优化器选择以及学习率设定进行了实践。\n2.学习常见的cnn网络，了解各个网络的具体结构。','2017-10-06','',121,66),(1038,'第三周：\n1.对深度学习框架pytorch进行学习，在此框架基础上学会各种预训练模型使用。\n2.了解了实验室相关方向的情况，对光场相机方面的知识及学长论文进行了学习。','2017-10-06','',121,66),(1039,'第四周：\n1.对当前的无人车系统有了大概认识，这方面的内容还有待总结。 \n2.对深度学习模型调优中的模型集成进行了学习。\n3.学习光场相机图像处理方面的资料，尝试帮助师兄对光场相机图像进行预处理。\n接下来的工作： \n1.当前工作的完善。 \n2.对无人车系统涉及的软硬件知识进行总结，对px2平台的进行学习。 \n3.学习物体检测方面的内容，学习经典cnn网络论文。','2017-10-06','',121,66),(1040,'做参加会议的海报','2017-10-06','',77,18),(1041,'了解e单车上位机软件的需求和功能','2017-10-06','帮老师报销发票',120,61),(1042,'在金华调试车载板','2017-10-06','',118,59),(1043,'在金华调试车载板','2017-10-06','',118,59),(1044,'在金华调试车载板','2017-10-06','',118,59),(1045,'按照通信协议实现串口数据准确输出，并测试。','2017-10-06','帮老师报销发票',120,61),(1046,'修改e单车上位机软件bug，并测试','2017-10-06','帮老师报销发票',120,61),(1047,'1.去现场连接设备，测试上位机软件，并修改bug.\n2.编写上位机软件说明文档，并交付软件和文档','2017-10-06','帮老师报销发票',120,61),(1048,'hololens 搭环境参考官网教程配置属性，深度学习基础理论知识学习。holokittool-unity工具学习。','2017-10-06','报销，取快递。',129,70),(1049,'深度学习基础理论知识学习，跑了个小demon，hololens 真机到了，熟悉一下真机调试。做了一个投篮的fps小游戏，熟悉了unity。查看了unity教程。','2017-10-06','报销，快递。',129,70),(1050,'HoloLens 把脊椎导入了untiy里面，生成了项目，安装到真机里面调试了一下，发现虚拟机部署容易出错，真机调试的效率不高。跑了周博脊椎旋转的demon，有一点小问题还是周博解决了。学习了一点深度学习的知识。','2017-10-06','报销，拿快递。',129,70),(1051,'深度学习框架学习。vuforia 的小demon ，挺有意思的，一个简单识别图像并在设备中3D显示的一个东西。还有HoloLens项目拖动脊椎旋转的东西，操作起来不是很方便。','2017-10-06','取快递，报销。',129,70),(1052,'深度学习框架学习。vuforia 的小demon ，挺有意思的，一个简单识别图像并在设备中3D显示的一个东西。还有HoloLens项目拖动脊椎旋转的东西，操作起来不是很方便。','2017-10-06','取快递，报销。',129,70),(1053,'了解hololens相关使用。下载matlab 2017b,并了解其相关深度学习使用方法。关注cvpr有关深度学习的论文。学习深度学习的基础理论与算法。','2017-10-06','吴恩达深度学习教程',130,71),(1054,'1.准备工程中心答辩材料和3D创新团队结题材料。2.协助仇老师处理一些教学事宜，类似写推免表，处理财务等。3.戴老师办公室，日常打印，打扫。4.学习ES6规则，下周打算开始学Vue.js,有时间看看仇老师发的论文。','2017-10-07','',99,45),(1055,'本月整理实验，整理论文，写了小论文初稿','2017-10-07','',71,14),(1056,'AngularJS框架视频学习，并跟师姐学做ppt','2017-10-07','',124,64),(1057,'学习AngularJS视频教程和javascript权威指南','2017-10-07','做ppt',124,64),(1058,'论文阅读-移动性增强自组织无线网络的能力。论文采用随机选取的一对源节点和目标节点进行通信为模型。在较宽松的延迟下，检测每期的吞吐量。','2017-10-09','',127,69),(1059,'论文阅读-减少传播次数的局部广播算法。在无线传感网络中的广播算法主要有两种，静态和动态的。在静态算法中，局部算法根据局部拓扑信息和一个全局的优先级函数决定每个节点的传播状态。在动态算法中，局部算法决定每个节点的运行状态基于局部拓扑信息和广播状态信息。','2017-10-09','',127,69),(1060,'java学习-接口、继承、多态。继承可以复用一些定义好的类，减少代码的重复编写。多态可以动态调整对象的调用。接口相当于让一个类能够继承多个类。','2017-10-09','',127,69),(1061,'java学习-网络通信。学会编写tcp与udp程序。','2017-10-09','',127,69),(1062,'通过unity做hololens的人物识别与定位相关的工作。','2017-10-10','',130,71),(1063,'9月：\n1. 接手罗姚翔师兄的课题方向，在他的基础上继续做利用epi patch做光场深度估计，修改他的代码和我之前做的结合起来，目前精度相比之前有提升，但比评测网站上的第一名差距挺大。\n2. 学习递归神经网络RNN，将RNN的门控制思想引入到CNN中，代码实现，有微弱效果。\n3. 着手深度估计的后处理流程，神经网络的输出噪声很大，需要传统的后处理方法来做优化。','2017-10-14','',117,49),(1064,'1、去德清出差，了解流水线的情况；\n2、去湖州出差，学习PLC入门；','2017-10-15','',100,6),(1065,'深入学习nodejs，分析项目需求，完善数据库设计','2017-10-15','1、德清演示干电极\n2、帮师弟上课。。',95,40),(1066,'去天津参加cccv会议，跑qp 39的视频序列','2017-10-16','',91,43),(1067,'1.帮仇老师找NBIoT和LORA的资料并整理成文档。2.改adminangular的功能代码，添加一个模块的功能。3.跟师妹一起处理戴老师财务，交接财务和卫生工作。4.学习ES6。5.帮曾老师，送文件，打印什么的。','2017-10-17','',99,45),(1068,'补10月13日周报：1.这周主要在钻研、修改信息化配电项目的交互模式栏、左侧工具栏、图元模型存储信息的源码。2.为了弥补前端基本功的漏洞，找了一个比较好的前端课程在看。3.跟赵一去湖州德清前人科技园出差两天，进行脑机设备的展示。','2017-10-20','',94,47),(1070,'/**2017年10月前2周**/：1.完整阅读了《V-Net Fully Convolutional Neural Networks for Volumetric Medical Image Segmentation》论文，并领会其思想；2.10月19日组织了505的师弟开会，关于国际合作项目的背景，对大家的深度学习情况有了一些了解，另外安排了下接下来的工作。把人员分为2组，分别从事vnet和unet的论文和对比实验，从网络结构层面进行研究。','2017-10-20','国庆假期，由于家里琐事比较多，所以那周没做什么事情。',105,13),(1072,'1.看HEVC视频编码原理、看露露师姐做的3D-HEVC毕业论文\n2.帮师兄跑深度图算法代码，帮师姐打印了2份文件\n3.报销戴老师日常发票、打扫戴老师办公室','2017-10-20','',126,68),(1073,'本周主要工作1.测试安卓原生APP内嵌套WEB页面功能，尝试不同页面的跳转，发现APP的页面嵌套并不跟想象中那么方便 2.环境的调试和安装，完成必要插件的安装。3.根据项目需要，学习JS和CSS前端进阶教程，因为项目对JS的要求比较高，所以JS和框架的学习还得继续一段时间。','2017-10-20','',94,47),(1074,'撰写毕业论文','2017-10-21','',108,10),(1075,'1.跑完qp39的所有视频序列的DCT矩阵，并统计在不加入DMM情况下右下角50%为全零块的矩阵个数占所有不加入DMM的矩阵的百分比和所有右下角50%为全零块并且不加入DMM的矩阵个数占所有不加入DMM的矩阵的百分比及占所有矩阵的百分比(同时指导於世芳师妹跑qp42和45的视频序列)2.修改HM-13.0的代码(将右下角全零块作为是否加入DMM的标准，跑了balloons qp39的视频序列，需要4个qp跑完才能的到BD-Rate 和PSNR)','2017-10-21','',91,43),(1076,'1.学习angularjs框架，看书学习入门基础知识点；2.帮戴老师找文件、打印文件；3.做师姐给的ppt；4.给吴老师做表格；5.帮戴老师拿快递。','2017-10-22','',124,64),(1077,'1.学习angularjs框架基础知识，结合javascript高级教程；2.给戴老师找文件、送文件，去打印店打印、胶装文件；3.处理戴老师调课事宜；4.做两位师姐给的ppt；5.帮吴老师拿文件。','2017-10-23','跟师姐学做ppt的技巧，了解每个老师的不同要求、风格。',124,64),(1078,'1.帮仇老师，网上收集整理NBIoT的论文资料，了解相关知识。2.根据3D项目材料，做3D项目的结题PPT。3.学习Vue.js，制作外卖页面。4.帮仇老师，曾老师拿文件，送文件等。','2017-10-23','',99,45),(1079,'1.看《HEVC的多视图和3D扩展综述》，\n2.帮师兄跑代码\n3.处理戴老师日常报销，打扫戴老师办公室','2017-10-23','',126,68),(1080,'1.考察BAT等公司关于物联网的实现\n2.测试sails服务器cpu占有\n3.考察mongodb自定义分片','2017-10-24','',95,40),(1081,'1学习JavaScript 和 node.js\n2.用nodejs+socketio实现实时聊天系统','2017-10-24','',128,60),(1082,'1, 机器学习实践代码的阅读和代码实现\n2，机器学习基石的第一周的视频学习','2017-10-24','和王华忠师兄还有罗姚翔师兄去湖州出差学习plc编程',128,60),(1083,'1，knn算法的学习和实现\n2，机器学习基石第二周视频的学习','2017-10-24','',128,60),(1084,'1:修改Atlas论文的源码，让其跑出结果。\n2:了解u-net,和v-net,关注相关比赛。\n3:了解基于深度学习的医学图像处理相关知识。','2017-10-27','1:帮周博下载cvpr论文的数据集。\n2:看深度学习相关资料。',130,71),(1085,'《Analysis and Implementation of WSN with Route Selection Considering Energy Consumption》\nECORS为一种新的能量消耗为导向的路径选择算法.该算法可以提高系统存活时间为原来的2.03倍。本文关注智能城市的数据收集。假设WSN的中心有一个主要的强力节点负责统筹，叶子节点负责收集传输信息。把系统的存活时间定义为当系统开始运作后到任何一个节点死亡。F. Akyildiz et. al.把能量消耗分为5个状态：空闲监听，包冲突，串听，无效发送，控制开销。R.Soua et. al.提出节能的5大类别：减少数据，减少协议开销，高效的路由，负载周期，拓扑控制。ECORS分为4步，节点发现，路径选择，路径通知，数据收集。论文给出了改进的预期路由开销函数，节点间时间同步方案，并在实际搭建的一个小型WSN进行模拟。','2017-10-28','',127,69),(1086,'《A Neighbor Knowledge and Velocity-based Broadcast Scheme for Wireless Ad Hoc Networks》\n基于相邻信息的广播方案的提出是为了减少ad hoc无线网络的延迟,同时保持开销在一个合理的低水平并且满足可靠性. 在该方案中,少量的问候消息被交换用于收集单次跳转的邻居信息.收集到的信息被用来计算邻居的密度,单次跳转未覆盖到的邻居比例和数量,基于此,转播概率和延迟被适当的调整.该论文对广播方案进行了较为全面的介绍，包括flooding（洪泛法），基于概率的方案,基于计数的方案,基于距离的方案和基于位置的方案，基于树型结构的方案,相联控制集和邻居消去方案。\n在NKB,节点的问候消息包括:\n	1.N(ni):节点的邻居列表\n	2.M(ni):收到的广播消息的id列表\n	3.flag_leaf:如果节点ni是一个叶子节点,flag_leaf设为1.否则,该字段被排除于问候消息.\n对于大多数现有的广播方案,如何最小化高移动性的危害已经成为一个巨大的挑战.改论文提出了一个基于速度的数据分配机制.它规定选择少数高速节点以大概率无延迟的转播消息来加快数据传播.该机制扩展了NKB方案进一步减少端到端延迟,形成NKVB方案.','2017-10-28','',127,69),(1087,'html学习\n掌握html基本标签的使用，包括文字标签，注释标签，标题标签，水平线标签，特殊字符，列表标签，图像标签，超链接标签，表单标签，框架标签，利用css修改网页的样式，，css布局的漂浮以及css布局的定位，实现简单页面。','2017-10-28','',127,69),(1088,'javascript学习\n学习了js与html的结合方式，js的基本数据类型和基本语句。js的常见对象有string对象，Array对象，Date对象，Math对象。js中浏览器对象模型的学习，文档对象模型的学习，js中函数的构建和调用。','2017-10-28','',127,69),(1089,'1修改之前epi程序的代码，找到bug，结果视觉效果显著提高，mse分数较高，badpixel分数较低2融合所有角度的像素计算epi，结果mse少许提升，改进效果不大。3实验室白板笔硒鼓等采购','2017-10-29','',109,11),(1090,'1.把qp42视频序列DCT矩阵整理成excel。2.修改HM13.0代码并在balloons上试验：对（4*4）和（4*4、8*8）大小的预测单元如果右下角50%是全零块则不加入DMM模式序列,发现编码时间减少，但是编码质量降低。','2017-10-29','',91,43),(1091,'十一假期，在家里搬家，没有贡献值','2017-10-30','',123,62),(1092,'1.跑报销单签字和上交报销单 2.练习自学的加瓦并旁听部分课程','2017-10-30','',123,62),(1093,'1.跑报销单签字和上交报销单 2.练习自学的加瓦并旁听了部分课','2017-10-30','',123,62),(1094,'1.跑报销单签字和上交报销单 2.练习自学的加瓦并旁听了部分课 3.了解学习物联网平台，构架','2017-10-30','',123,62),(1095,'1.跟师妹，交接吴老师的adminAngular项目，学习Vuejs框架。2.处理3d项目审计的调账事宜。3.写科技报告。4.帮仇老师处理，往年教学工作上的一些事宜。','2017-10-30','',99,45),(1096,'1.学习《深入浅出node.js》前三章，并且代码实现。\n2、学习《JavaScript语言精粹》。','2017-10-30','1.周一，周二和赵一师兄去德清出差，去演示脑机项目的设备。\n2、周四关于plc的项目和张桦老师去出差。',128,60),(1097,'(1)燃气宝项目，测试驱动板，包括串口通信和硬件控制等\n(2)燃气宝项目，测试电磁阀，开关灵敏度和信号的输入输出等\n(3)国际合作项目，查看CT和X光成像之间的关系及其成像原理，调试Atlas代码','2017-10-30','',122,65),(1098,'(1)燃气宝项目，画事物流图\n(2)燃气宝项目，熟悉控制柜板\n(3)国际合作项目，调试VNet代码，熟悉其架构','2017-10-30','',122,65),(1099,'(1)燃气宝项目，通过共享单车控制柜源代码学习MQTT等相关通信协议\n(2)国际合作项目，阅读UNet神经网络相关文献，找出其改进方向及其优缺点','2017-10-30','',122,65),(1100,'(1)燃气宝项目，通过共享单车控制柜源代码熟悉控制柜板的一些控制及其数据流操作\n(2)国际合作项目，阅读UNet和VNet神经网络，尝试按照周博的思路改进神经网络结构','2017-10-30','',122,65),(1101,'1、了解百度天工IoT，分析可行性\n2、了解AWS IoT\n3、研究时序数据库与mongo分片','2017-10-30','德清演示干电极',95,40),(1102,'毕业论文','2017-10-30','湖州师范出差',108,10),(1103,'1.看《HEVC的多视图和3D扩展综述》，\n2.帮师兄跑代码 \n3.打扫戴老师办公室\n4.帮徐超打印请假条','2017-10-30','',126,68),(1104,'1.学习angular material布局特性和promise的回调机制；2.帮戴老师找视频课件、修改文件、整理课件等；3.把菜鸟教程里的“AngularJS”教程过了一遍；4.看“管理员后台”项目代码，学习代码编写格式技巧以及功能的实现过程；5.做ppt。','2017-10-30','',124,64),(1105,'看了一篇points matching by 3D mesh saliency 文章，引入hmm模型描述ip点，查找这方面的资料学习。处理九月份实验室津贴，交财务预约单。','2017-10-31','',125,67),(1106,'看李航老师的统计学习方法，学习在论文中涉及到的统计模型如隐马尔可夫，条件随机场，朴素贝叶斯等','2017-10-31','',125,67),(1107,'深入理解王彧师姐发在期刊上的3d-susan ip detection论文。理解该算子的设计思路和工作原理。但是对算子的matlab代码还未深入','2017-10-31','',125,67),(1108,'学习师姐的matlab代码，查阅机器学习的识别方面的资料，神经网络和特征提取处理技术如pca等','2017-10-31','',125,67),(1109,'10月\n1.修改rjwl后端跨月查询。\n2.了解云平台架构；了解阿里云物联网套件。\n3.移植开发环境到Ubuntu系统，学习Docker。\n4.利用docker技术，搭建kafka环境。并编写简单demo测试。\n5.利用docker技术，搭建hadoop环境集群、ZooKeeper、HBase。利用HBase Shell 简单测试HBase。','2017-10-31','',98,41),(1110,'2017-10-01至2017-10-07','2017-10-31','1：国庆假期\n2：放假在家做小飞机，基本地上能爬',97,46),(1111,'2017-10-08至2017-10-15','2017-10-31','1：金华出差\n2：烧录第二版的稳定代码\n3：实现完整版的车桩代码更新\n4：帮刘高敏调试CAN，提供TLV协议代码，TLV组包文档',97,46),(1113,'2017-10-16\n1：在实验室测试485电表，数据读取正常\n2：提供阉割版EBIKE代码给刘高敏\n2017-10-17\n1：教赵悦组态屏使用和提供一块组态屏给她玩玩\n2：写JAVAFX代码\n2017-10-18\n1:金华出差\n2:金华修车和测试车辆GPS\n2017-10-19\n1：金华出差\n2：修改了车桩代码，提高了稳定性\n3：测试车辆和车桩\n4：给新昌新的自检代码，添加了读取IMEI,CCID和FLASH自检\n2017-10-20\n1：金华出差\n2：配合服务器测试\n3：修改提供给新昌的自检代码，ublox读取CCID时会将ABCD变成0x3A,0x3D而1234则是ASCII码值\n2017-10-21\n1：金华出差\n2：配合服务器测试\n3：写代码更新B区代码\n4：更新掉柜板代码\n2017-10-22\n1：金华出差\n2：测试车辆\n3：更新车板代码\n4：更换车间内一号柜SIM卡\n5：协助服务器找强制还车无法关电机的BUG','2017-10-31','',97,46),(1114,'2017-10-23\n1：金华出差\n2：现场真实场景测试\n3：修改重启次数问题\n4：分析故障\n2017-10-24\n1：金华出差\n2：监控重启现象\n3：给邱工更新代码\n2017-10-25\n1：金华出差\n2：实现新版控制柜代码\n2017-10-26\n1：金华出差\n2：测试新版控制柜代码\n3：发现邱工桩锁驱动的BUG\n2017-10-27\n1：在实验室更新车桩和车柜代码\n2：发现一块柜板更新失败\n3：查看系统日志分析问题\n2017-10-28\n1：实验室调试\n2：找BUG\n3：抠内存\n2017-10-29\n1：实验室调试\n2：找BUG\n3：抠内存\n4：实验室分析系统日志','2017-10-31','',97,46),(1115,'2017-10-29\n1：实验室调试\n2：发现bootloader逻辑问题\n3：测试时发现代码中存在一个很奇怪的问题（GPS）\n4：采用”干净“的bootloader后系统稳定了\n2017-10-30\n1：金华出差\n2：金华烧板子\n3：金华测试板子\n2017-10-31\n1：金华出差\n2：金华烧板子\n3：金华测试板子\n4：烧玩全部的板子\n5：发现BUG板9块\n6：就酱紫','2017-10-31','',97,46),(1116,'做e单车项目','2017-10-31','',96,48),(1117,'做e单车项目','2017-10-31','',96,48),(1118,'做e单车项目','2017-10-31','',96,48),(1120,'更新车载板代码0.30；\n	修改临时锁上锁检测方式，中断->定时查询；\n	出差到金华；\n	给新涛车载板烧写测试固件0.01；\n	新涛板装车测试；\n	测试邱工版本车载板。','2017-11-01','',118,59),(1121,'修复车载板0.30代码中，临时锁解锁后车载板再次上传临时锁车，导致APP状态改变的错误；\n	新增还车入桩时重置临时锁状态；\n修复RTS时间字段出现无效数据的问题。','2017-11-01','参加三教例会',118,59),(1122,'出差金华，测试临时锁问题；\n	配合成电调试业务流程；\n修复多条指令同时下发导致冲突的问题。','2017-11-01','参加三教例会；看U-net相关论文',118,59),(1123,'车载板自检程序交付新涛；\n	出差到新涛；\n	软件规避了车载板给GNSS模块上电瞬间单片机电源被拉低导致程序跑飞的问题；\n	修复了车载板MC20模块第一次通讯时波特率匹配不对的问题；	更新车载板代码0.33；\n	修改临时锁上锁时关电机的时机，现在可以反应检测到临时锁并做出动作了；\n	增加借车与临时锁开锁时蜂鸣器提示；\n修复GPS定位状态上传的一个错误（0x10->0x08），但成电表示历史数据并不会用到；	出差到金华；\n	测试新的车载板功能；\n	更新车载板自检程序，现在自建代码会不停的测试GSM信号直到信号正常；并且每隔十次打印测试次数（之前是最大测试128次）；GNSS信号测试在打开GNSS功能之后每隔5秒都查询一次GNSS数据（之前是等待70秒后才去查询）；现在整个测试流程从大约4分钟缩短到45秒左右。\n	调查米加测试出问题的车辆，GPS定位失败主要是因为天线埋在壳体中，无法搜到信号；无法上网的车辆，抽查一辆原因是SIM卡座虚焊，重新焊过卡座后功能正常。','2017-11-01','',118,59),(1124,'补10月30号周报：1.这周主要学习了一套课时比较多的前端进阶课程，把几个必要的页面框架设计出来并做好了html页面，并调试模型编辑器脚本。','2017-11-02','查询无人机型号参数。',94,47),(1125,'第二周\n1.帮师兄对光场图像进行预处理。\n2.湖州出差，学习plc。','2017-11-02','',121,66),(1126,'第二周\n1.学习像素分割相关知识，阅读了fcn论文。\n2.了解医疗图像处理内容，参与医疗图像处理项目中的u-net部分。','2017-11-02','',121,66),(1127,'第四周\n1.仔细阅读u-net论文，跑通相关代码，对其内容进行分析总结，查看了相关的论文与代码，研究其可创新之处。','2017-11-02','',121,66),(1128,'国庆期间在看C++和HEVC相关书籍','2017-11-04','',126,68),(1129,'这个月主要在写大论文','2017-11-04','',77,18),(1130,'1.用H5改了一个english project的前端页面。2.按仇老师要求，查找无人机辅助定位的论文，准备开题报告。3.按科技厅修改要求，重新提交科技厅关于3D创新团队的相关验收材料。4.处理审计核减的调账事宜。5.帮仇老师处理一些教学工作的整理事宜。6.帮曾老师，画论文的vision图。7.带师弟师妹们，采购茶话会所需的物品，接待戴老师客人等。','2017-11-04','',99,45),(1131,'1、了解百度天工IoT设备介入，订阅，安全认证。  \n2、学习nodejs与IoT相关的模块，安全模块，与协议相关的模块','2017-11-04','',95,40),(1132,'1、项目：参与三教医学图像的项目。并参加例会讨论。继续学习深度学习的相关内容，熟悉深度学习框架。并也查找医学脊椎的相关知识。\n2、论文：看了医学中脊椎分割的论文——Atlas-Based Registration for Accurate Segmentation of Thoracic and Lumbar Vertebrae in CT Data。大致理解其实现方法和创新，以及实验结果的分析。\n3、服务：1）帮张老师查焊点检测的资料以及远距离摄像机的资料。2）帮戴老师拿报纸，寄快递，以及各种实验室快递任务。3）去校名品店帮实验室采购学习和日常用品。4）维护实验室日常卫生及饮用水问题','2017-11-04','十月第一周',119,63),(1133,'1、项目：参与三教每周例会，参与讨论。继续学习深度学习与TensorFlow框架，以及医学图像相关知识。2、论文：看了周老师分配的论文任务郑国研的医学图像的论文——Medical Image Analysis。了解其中实现的基本方法和内容，以及实验结果分析。3、服务：1）帮戴老师拿报纸，帮张老师，吴老师寄取快递。以及各种实验室寄取快递问题。2）实验室日常卫生问题。','2017-11-04','十月第二周',119,63),(1134,'1、项目：参与三教每周例会，参与讨论。继续学习深度学习与TensorFlow框架。分配学习U-net相关的知识。2、论文：看了周博分配的的任务——U-Net： Convolutional Networks for Biomedical Image Segmentation。查找网上一些用U-net实现的论文。学习理解其方法和原理。3、服务：1）帮戴老师拿报纸，帮张老师，吴老师寄取快递。以及实验室各种寄取快递任务。2）帮张老师完成分担教学任务。3）实验室日常卫生，倒垃圾，饮水机等。','2017-11-04','十月第三周',119,63),(1135,'一、项目：1）师姐把这个方向的资料给我和张悦，大概跟我们讲了立体图像客观质量评价方法的实现过程，以及获取相应资料的方法。2）安装MATLAB2017a，并简单的跑了下几个小程序，看了相关教程，熟悉MATLAB软件的基本操作。二、1）师姐给了一篇论文，基于稀疏表示的立体图像客观评价方法。花2天的时间看了大概的内容，大概了解其实现的过程，创新点，方法。2）周五温故了戈师兄的小论文，以及大论文。下载了浙大学报C类英文版的论文，看其论文结构和格式。三、服务：1）帮戴老师拿报纸，帮张老师，吴老师寄取快递。以及实验室各种寄取。2）帮张老师完成各课程教学任务。3）实验室日常卫生问题','2017-11-04','十月第四周',119,63),(1136,'10月总结。1、组织研一研二深度学习的师弟进行论文阅读和实践；2、在深度学习三维分割方面和严嘉浩研究探讨相关细节，有了一定成果','2017-11-05','',105,13),(1137,'《Research on WSN Routing Algorithm Based on Energy Efficiency》\n基于蚁群优化的WSN路由算法，在能量消耗和全局优化能力有更好的表现。将WSN简化成无向加权图G（N,E,C），N为节点集合，E为链路集合，C为权重集合。问题的本质是根据图来寻找最小权重和的路径。蚂蚁携带当前节点的地址，源节点地址，跳转次数。当中间节点从上一个节点收到蚂蚁A，首先检查它是否比上个节点离目标节点更近并且离源节点更远。然后检查是否接受过A,下一步跳转次数加1，建立一个路由项目在本地路由表，记录信息素。然后改变A中的当前节点并传给邻居。重复上述步骤直到A到达目标节点，建立路由路径。\n学习了xml的dtd约束。','2017-11-05','',127,69),(1138,'1.参加cccv计算机视觉会议，虽然听不懂大牛在讲啥，但是回学校后高效地看了两天的论文，思路很清晰。本来想自己主要看论文写论文，让师弟师妹帮我写代码来实现，后来得知不做机器视觉了，但觉得3D图像质量评价是个好坑，就传给商吉利和张悦了。让他们花一周时间看我指定的一篇论文，第二周跑下代码，第三周对着论文看代码。接下来讨论他们看的情况。\n2.做脑机协同智能国合基地PPT \n3.曾老师千人计划PPT修改\n4.其余时间看数据管理方面的书和论文，主要看了哈工大王宏志老师的论文，好难啃，每次论文看到一半就看不下去了，公式和概念偏多。希望多花点时间在这方面。\n5.代替吴老师听欧洲科研创新中国行宣讲会','2017-11-05','1.天津出差发票整理\n2.指导师妹们做财务和PPT\n3.戴老师过去3年课程的教学整改',78,4),(1139,'1.去金华出差，帮忙测试烧好的100块柜板，测试车子性能。2.学习前端有关知识，了解相关控件，组件。3.帮老师报销，处理财务。','2017-11-05','',120,61),(1140,'1.学习串口屏软件的设计方法.2.设计串口屏的界面.3.自己模拟产生了一些随机数据，并动态地显示在界面上.4.帮老师报销，处理财务。','2017-11-05','',120,61),(1141,'1.开始接触有关图像处理方面的知识，和师姐讨论，接手师姐的代码及相关资料。2.学习论文，查阅论文相关资料，了解用稀疏表示方法实现立体图像的质量检测思想。3.帮老师报销，处理财务。','2017-11-05','',120,61),(1142,'1.安装matlab2017a软件，网上查阅matlab相关学习视频。2.看视频学习matlab基本操作。3.帮老师报销，处理财务。','2017-11-05','',120,61),(1143,'1.将代码改成：对4*4PU块以及对4*4和8*8PU块右下角判断是否全零，16*16和32*32则全部加入DMMs。2.计划加入GU算法调优时间。','2017-11-05','',91,43),(1144,'1.看管理员后台管理项目源代码，针对主要代码知识点进行网上查找学习；2.和师姐一起整理戴老师教改资料；3.给戴老师找文件、打印文件，戴老师给的复印资料手打出电子文件（考验打字速度的时候0_0）；4.和敏儿师姐一起准备茶话会事宜；5.修改ppt文件。','2017-11-05','向沈芳瑶师姐借了几本关于angularjs的书，计划下星期结合项目一起看。',124,64),(1145,'1:由于atlas源代码修改后效果不明显，周博让我们一同修改数据集，已经修改成功，跑出结果。2:学习基础的医学图像处理的知识，以及深度学习的相关知识。','2017-11-06','1:看相关基于深度学习的医学图像处理的书籍以及吴恩达深度学习课程。',130,71),(1146,'调试atlas脊柱分割程序，把分片结果和深度学习分割结果进行分片统计其dice结果值','2017-11-06','',71,14),(1147,'写毕业论文','2017-11-06','',108,10),(1148,'论文方面：1. 对得到的视差图做后处理优化，尝试了guide filter方法，效果有提升，但是速度极其慢。又参考了一篇做双目立体匹配的论文，用深度学习方法，再次训练一个神经网络来进行后处理优化，花了较大功夫，结果不如人意，暂时放弃。 2. 根据周博提出的训练神经网络识别立体匹配中存在的遮挡，期望能够提高视差预测精度，最后实现了该想法，但结果依旧没有改善。3. 和周博同时实现相同的功能，他用matlab，我用python，相互校验结果，保障训练数据集的正确性，结果显示我之前一直使用的数据集正确无误。4. 赶实验，根据实验结果好坏投cvpr2018论文，较忙。','2017-11-06','',117,49),(1149,'这周主要的工作是，医学图像处理atlas配准的代码修改，进行了参数的修改，发现问题不小，只能重建出部分。然后需要重新改代码。','2017-11-07','',129,70),(1150,'1:修改完数据集，发现结果与预想的不太一样，所以需要继续修改源代码的阈值，看能否有不太一样的结果。\n2:查阅atlas相关论文，检查源码是否正确。','2017-11-07','1:学习深度学习基本课程，看相关深度学习论文。',130,71),(1151,'看angularJS视频教程，结合书本上的理论知识一起学习。（补国庆周报）','2017-11-07','',124,64),(1152,'在上周的工作中，由于需要改代码，看了论文中代码的方法，我们发现在检测椎间盘的过程中，种子点选取有问题，导致代码中的检测脊椎的数量有问题，于是我们准备从种子点入手。','2017-11-07','报销等基本工作。',129,70),(1153,'我们遇到的问题是，在预处理阶段，无法保证检测出来的脊椎是17节，且在代码中已经写死，因此修改起来，尽量把代码中的明显错误改点查看结果，我们预计依然会出现不是17节的问题。再从滤波器入手。','2017-11-07','',129,70),(1154,'依然在处理之前的问题，我们觉得应该再重新通读论文，将论文中的方法再理解一下，将论文中引用的文章看一下。','2017-11-07','报销。',129,70),(1155,'1.完成了前端页面整体的设计和制作，并把各模块的跳转页面也加了进去。2.为模型编辑器增加了左键点击模型，能够弹出详细信息栏的功能','2017-11-08','',94,47),(1156,'1.看《3D-HEVC深度编码快速帧內模式判决》，做了该论文PPT报告\n2.帮杨仁彬师兄跑了Python统计代码\n3.处理戴老师10月份财务报销\n4.打扫戴老师办公室日常卫生\n5.和赵月张悦打扫325','2017-11-08','',126,68),(1157,'1. vnet 修改网络结构 去除直连输入 去掉残差结构 重新训练模型和测试模型\n2. 实现对vnet .raw数据的可视化切片结果查看跟切片的.npy输出\n3. 编写模型评分函数并对模型结果评分\n4. 学习可视化工具vtk和itk工具包\n5. 学习simpleItk并可基本使用\n\ntodo：\n1.使用切片制作的新数据集喂给unet网络训练\n2.使用新训练得到的unet测试产生的二维数据，拼接他们得到.raw\n3.上步得到的结果与原生vnet结果评分比较','2017-11-09','',106,44),(1158,'写毕业论文','2017-11-11','',108,10),(1159,'1.整理qp45的DCT矩阵数据。2.验证Gu算法跳过多少DMM(balloons，kendo)。3.修改HTM13.0代码：右下角三个点进行DCT判断为零和右下角一个点进行DCT判断为零。','2017-11-12','',91,43),(1160,'1.确定研究方向：采用度量学习进行多维时间序列相似性度量。2.找到了加州大学的两个时间序列数据库。3.理解了研究目标，了解了应用场景。4.清楚了DTW、马氏距离、度量学习三者的概念及之间的关系。5.正在精读两篇论文，其中一篇为csi 1区，且有代码。6.下周任务：继续精读，看懂代码，寻找新思路。','2017-11-12','1.戴老师课程教学整改。2.和吉利去校铭（现改名为问知文化）进行采购：一箱打印纸，两箱桶装水，两袋餐巾纸，共346元。打印发票下次去拿。3.天津会议发票已经收到，共4400元。',78,4),(1161,'1.学习angularJS权威教程，实例和基础理论结合学习；2.参与到实验室项目，负责后台管理前端界面的实现；3.熟悉原型工具axure rp的使用，为后续项目做准备；4.学习阿里云物联网套件的使用；5.给戴老师找文件、打印文件等日常事务。','2017-11-13','',124,64),(1162,'1.准备无人机辅助定位专利的相关材料，文献等，着手开始准备专利的撰写。2.处理审计费的报销，要审计约定书，签字盖章等，有点麻烦，各种申请。3.按项目管理网站回馈的问题，修改结题报告申请。4.帮曾老师改图什么的。5.准备六级考试。','2017-11-14','',99,45),(1163,'1.修改api文档\n2.学习kafka,docker\n3.kafka与mqtt服务器的连接','2017-11-14','',95,40),(1164,'1.看《HEVC的多视图和3D扩展综述》和GU算法论文\n2.帮杨仁彬师兄跑了代码，并做了EXCEL表格\n3.处理戴老师财务报销\n4.打扫戴老师办公室日常卫生','2017-11-15','',126,68),(1165,'任务-时间序列分析与度量学习。\n《基于ＤＴＷ和ＬＭＮＮ的多维时间序列相似性分析方法》阅读\n了解常用的分类模型主要包括决策树，朴素贝叶斯，KNN，支持向量机，神经网络等。\n常用的聚类算法有k-means算法，层次聚类，密度聚类等。\n常用的相似度计算方法有欧氏距离，马氏距离，动态时间规整。\n传统的时间序列预测方法常借助于一些统计摸型，比如自回归模型、移动平均模型、自回归移动平均模型等。\nmatlab软件一些基本操作的学习。','2017-11-16','',127,69),(1166,'1.阅读和翻译无人机辅助定位的论文，大概看了3篇文献，为文献综述做准备。2.写无人机辅助定位的专利初稿，附件等。3.看胡师姐的代码。4.跑采购合同表签字，指导师弟拍凭证。','2017-11-18','',99,45),(1167,'1.写3D-HEVC专利。 2.将DCT转变为整数DCT修改HTM13.0代码。 3.4*4和8*8跑整数DCT的右下角一个点，16*16和32*32跑整数DCT的右下角三个点。','2017-11-20','',91,43),(1170,'周二跟曾老师讨论了下，说我们方向偏了，不能什么数据集都用，什么论文都看，而是要限定在工业领域。本周和师弟们都在找工业领域的数据集，还有时间序列相似性在工业领域的应用。周日开了会，确定了用TE数据集，度量学习和时间序列具体方法还要继续找。','2017-11-20','',78,4),(1171,'1.后台管理前端框架具体项目的学习；2.学习“用angularjs开发下一代web应用”一书；3.用axure工具搭建web网页原型；4.给戴老师打印文件、胶装文件；5.帮戴老师送材料文件到校外西湖区。','2017-11-20','',124,64),(1172,'1.研究项目实现方法\n2.写开题报告和专利。。','2017-11-21','',95,40),(1173,'1.学习MQTT协议\n2.了解kafka消息队列\n3.学习node.js:异步I/O,异步编程。','2017-11-22','',128,60),(1174,'1.学习用阿里云物联网套件来实现项目的流程和相关代码的学习。\n2.学习nodejs中的promise和内存控制。','2017-11-22','',128,60),(1175,'1.完成了项目后台管理网页原型的设计，根据吴老师的要求进行修改设计；2.根据原型设计效果图开始着手进行前端页面框架的搭建；3.看“用angularjs开发下一代web应用”一书，对angularjs框架的核心特性做了大概的了解；4.给戴老师打印文件等；5.协助师姐处理戴老师日常教学事务。','2017-11-27','',124,64),(1176,'1.看论文中DMM部分划分。  2.验证DCT系数矩阵右下角、右下角50%、3、1的系数是否为零，虽然粗略划分了other和DMMs，但是Contour和Other的系数很相似，故很大一部分导致BD-Rate增加的原因应该是大约50%Contour模式被Other模式替代。3.修改专利总体步骤。','2017-11-27','',91,43),(1177,'论文:1.按张老师，仇老师意见，修改专利。2.找开题报告，文献综述相关文献，开始着手准备。3.写中期检查表。项目1.接受了戴老师上课微信平台项目的工作，跟陈帅一起讨论功能需求。服务:1.协助审计修改审计报告，拍凭证，装订等。2.帮曾老师跑行政楼送，拿东西等。','2017-11-27','',99,45),(1178,'1.广州 icnoip会议\n2.专利\n3.中期报告\n4.VNET 网络卷积核5^2改3^2\n5.将数据分割成train/validation/test 三部分 重新进行训练和预测\n6.可视化新写的3^2 kernel size 网络跟原有网络的前三层 feature map\n7.将卷积核3^2的网络测试结果,原先 Vnet 网络测试结果跟划分的验证集比较,将所得结果在255值域内使用不同灰度染色比较','2017-11-29','',106,44),(1179,'（1）燃气宝项目：在UBOX上熟悉代码以及板子的串口功能 （2）国际合作项目：查阅相关论文熟悉高维卷积神经网络的原理架构','2017-11-30','',122,65),(1180,'（1）燃气宝项目：由于要修改方案，不用UBOX板子，新的板子没有做好，所以暂时搁置 （2）国际合作项目：查阅论文，尝试在UNET上加上残差结构','2017-11-30','',122,65),(1181,'（1）燃气宝项目：暂且搁置 （2）国际合作项目：收集相关UNET的论文，分析其网络结构的异同','2017-11-30','',122,65),(1182,'（1）燃气宝项目：测试新的板子的CAN、485的串口通信，尝试读取无纸记录仪的数据（2）国际合作项目：收集相关UNET的论文，分析其网络结构的异同','2017-11-30','',122,65),(1183,'1.看《HEVC的多视图和3D扩展综述》和项露露师姐论文 2.帮杨仁彬师兄跑了代码，并整理了EXCEL表格 3.处理戴老师财务报销 4.打扫戴老师办公室日常卫生','2017-12-01','',126,68),(1184,'1.看《HM13.0源码》 2.帮杨仁彬师兄跑了代码3.处理戴老师和张博财务报销 4.打扫戴老师办公室日常卫生','2017-12-01','',126,68),(1185,'看最近发表的关于interest point提取论文，学习文章中创新点。处理实验室津贴报销单。','2017-12-01','',125,67),(1186,'和师姐一起做眼动仪的实验，收集整理实验数据，写一些简单的处理数据代码。','2017-12-01','',125,67),(1187,'准备软著申请材料，熟悉软著说明书内容，学习写法。看张老师需要审评的文章，学习文章写法。','2017-12-01','',125,67),(1188,'看论文，帮忙师姐整理实验材料，跑代码获取实验数据，整合数据。','2017-12-01','',125,67),(1190,'主要内容\n\n第一周 1.将跑通的keras代码改写为pytorch框架代码。','2017-12-01','',121,66),(1191,'主要内容\n\n第二周 \n1.将之前的细胞分割数据改为用于vnet的数据。实现mhd文件读取、切片、归一化、洗牌输入等操作。\n2.对U-Net相关其他论文及代码进行分析总结。','2017-12-01','',121,66),(1192,'第三周\n1.实现三层数据输入的U-Net。\n2.借鉴resnet、V-Net，对U-Net加入残差结构。\n3.尝试不同的loss函数。','2017-12-01','',121,66),(1193,'第四周\n1.实现图像扭曲算法对数据进行增强。\n2.完善代码，包括模型保存、数据可视化、预测结果保存为三维结构数据。\n3.阅读其他相关论文。','2017-12-01','',121,66),(1194,'帮张桦老师处理试卷；\n基于信息理论的度量学习方法的学习，代码运行。\nTE数据集的分析，数据预处理，PCA降维算法。','2017-12-01','',127,69),(1196,'1.完成老师布置的任务：阿里云lot套件中设备向服务器发送消息，topic，设备上下线通知等问题的调研。\n2.学习express模块。','2017-12-01','',128,60),(1197,'神经网络学习，LSTM算法运行，神经网络层搭建。\nRNN,CNN概念理解。LSTM程序调试。','2017-12-01','',127,69),(1198,'1.对nodejs用mysql进行学习：如数据库的连接，对数据的增，删，改，查等操作。\n2，对q模块的学习和使用。\n3，在github上下载了具体的项目进行代码的学习和编写。','2017-12-01','',128,60),(1200,'1.整理师姐留下的各种参考文献，学习了联合稀疏模型的多模图像融合算法，了解结构字典学习方法及应用的研究。2.帮助老师管理财务，报销发票。','2017-12-01','',120,61),(1201,'1.看SRC人脸识别代码，结合论文，了解基于子模式的Gabor特征融合，并用于单样本人脸识别方法。2.帮老师管理财务，报销发票。','2017-12-01','',120,61),(1202,'1.整理一个月的财务报销明细，补充excel表格。2.报销发票。3.看matlab视频，学习绘图。','2017-12-01','',120,61),(1203,'1.看matlab实例系列视频，学习GUI界面。2.帮老师管理财务，报销发票。','2017-12-01','',120,61),(1204,'专利开题和文献综述','2017-12-02','',95,40),(1205,'大论文','2017-12-04','实验室材料采购',109,11),(1206,'1.跑报销单签字和上交报销单 2.aws和阿里云 物联网接口应用','2017-12-04','',123,62),(1208,'1.跑报销单签字和上交报销单 2.docker了解，入门','2017-12-04','',123,62),(1209,'1.看文献综述的论文\n2.写开题报告\n3.写项目demo','2017-12-04','',95,40),(1210,'1.跑报销单签字和上交报销单 2.SpringBoot Restful API了解应用 3.更换IDE 熟悉配置和操作','2017-12-04','',123,62),(1211,'1.跑报销单签字和上交报销单 2.练习实验室公众号增加功能 同时了解gradle jersey postman等插件 框架','2017-12-04','',123,62),(1212,'论文准备采用LSTM和度量学习结合的方式来进行时间序列相似性度量。接下来写introduction','2017-12-04','做3d创新团队答辩PPT',78,4),(1213,'1、项目：参与三教深度学习的项目。并参加例会讨论。 2、论文：继续看基于稀疏表示的立体图像客观质量评价方法这篇论文，并跟师姐汇报了这篇论文的主要内容，以及对照师姐的代码看了实现步骤，在MATLAB上跑了下代码。 并学习MATLAB的基本使用方法以及语法结构等3、服务：1）帮戴老师拿报纸，寄快递，以及各种实验室快递任务。2）去校名品店帮实验室采购学习和日常用品。3）维护实验室日常卫生及饮用水问题','2017-12-04','十一月第一周',119,63),(1214,'毕业论文撰写','2017-12-04','',108,10),(1216,'2017年11月周报\n1:出差(金华\\南昌) 2:米加远程技术支持 3: 资料查询(无人机\\反无人) 4:写专利 5:LNG板测试（初测\\复测）','2017-12-04','1:金华出差排查板子变砖情况 2:添加轮询空桩功能 3:嘉兴板子第一次测试 4:嘉兴板子第二次测试 5:添加对联通卡的支持 6:对米加提供支持服务 7:给戴老师写反无人机产品说明 9:查询无人机相关行业规定 10:南昌出差 11:南昌现场测试发现不是正式运行板子的问题 12:写专利',97,46),(1217,'1、项目：参与三教医学图像的项目。并参加例会讨论。本周开始和师姐一起完成关于时间序列的论文。每周有2-3次不定时的例会讨论，曾老师参与。 2、论文：论文主要查看了很多关于时间序列分析，度量学习相关的内容，本周主要工作是理解时间序列以及度量学习的基本知识。 3、服务：1）帮戴老师拿报纸，寄快递，以及各种实验室快递任务。2）维护实验室日常卫生及饮用水问题','2017-12-04','十一月第二周',119,63),(1218,'1.查找度量学习的相关的数据，寻找论文方向\n2.准备英语6级','2017-12-04','',96,48),(1219,'1.查找度量学习的相关的数据库，确定论文方向 2.准备英语6级 3.移植新版本uboot，解决从nor flash不能启动的问题','2017-12-04','',96,48),(1220,'1、项目：参与三教医学图像的项目。并参加例会讨论。本周有2-3次不定时的例会讨论，曾老师参与。 在曾老师指导下，我们查阅了很多数据库数据，最终确定了做TE工业数据集，关于故障检测的时间序列的问题。找了TE的数据集，在matlab上跑了相关的代码。2、论文：看了两篇对TE数据集做时间序列故障检测的论文，理解其整个过程的实现步骤以及在时间序列和度量学习上的创新点 3、服务：1）帮戴老师拿报纸，寄快递，以及各种实验室快递任务。2）维护实验室日常卫生及饮用水问题','2017-12-04','十一月第三周',119,63),(1221,'1、项目：本周有2-3次不定时的例会讨论，曾老师参与。 哈工大老师建议做基于LSTM神经网络和度量学习的时间序列的故障检测，本周主要工作就去学习LSTM的相关知识以及实现过程。2、论文：查阅很多LSTM的相关知识的论文，找到了一篇最近发表的基于LSTM 循环神经网络的故障时间序列预测的论文，理解其时间的过程以及创新点在哪里 3、服务：1）帮戴老师拿报纸，寄快递，以及各种实验室快递任务。2）维护实验室日常卫生及饮用水问题。3）帮张老师解决一些教学任务问题。','2017-12-04','十一月第四周',119,63),(1222,'1.写专利初稿 2.准备英语6级 3.移植新版本uboot，解决无法识别nor flash大小的问题','2017-12-04','',96,48),(1223,'1.修改专利 2.准备英语6级 3.移植新版本uboot，解决nor flash擦写出错问题','2017-12-04','',96,48),(1224,'1.查看contour和other的右下角全零DCT系数矩阵的区别 2.跑qp40的视频序列','2017-12-04','写中期检查和修改专利',91,43),(1225,'1.写demo利用java native 接口测试Hbase，实现读写。\n2.写门锁项目的简单初步api文档\n3.写专利\n4.给戴老师图灵服务号添加文件上传，查找功能\n5.调研阿里云物联网平台的接入问题','2017-12-04','',98,41),(1226,'/','2017-12-04','交器材收货单\n写智能制造介绍',106,44),(1227,'1:hololens空间映射的了解与实现。\n2:hololens的基本入门。','2017-12-04','1:核对账目信息，拍照留档。\n2:帮忙取快递。',130,71),(1228,'11月15日：编写《基于BS架构的监测与控制配电系统》专利，搜查、确定开题方向。编写配电系统 电器属性显示界面。','2017-12-05','',94,47),(1229,'查阅文献，确定开题方向，帮仇老师编写项目申请书，编写电器信息显示界面。整理开源代码文档，编写注释。','2017-12-05','',94,47),(1230,'12月30日：阅读代码，编写代码注释，编写电器属性显示功能。','2017-12-05','帮实验室买车票领车票',94,47),(1231,'重新整理3D创新团队结题的任务履约表，整理附件材料，修改总结报告，科技报告，确认专家名单，联系会议费，准备结题所需东西等，忙了一个星期，终于结束了。下面要静下心做学术了。','2017-12-05','',99,45),(1232,'1.用angularjs框架搭建后台管理前端界面，根据之前做的前端网页原型设计，暂时没有API，目前做的是静态页面；2.给戴老师打印文件、找文件、胶装文件等；3.协助两位师姐准备3D创新答辩材料；4.跟随戴老师答辩团队去服务。','2017-12-05','',124,64),(1233,'1:hololens的基本手势了解和开发。\n2:深度学习相关论文的研究。','2017-12-05','1:去浙二医院讨论hololens相关开发。\n2:查帐单，核对相关信息。',130,71),(1234,'1:hololens基本的应用软件。比如holotoolkit,holographic......\n2:hololens与医学手术结合的基本研究。','2017-12-05','1:查账单，整理word文档。\n2:帮忙周博监考。\n3:学习深度学习相关论文。',130,71),(1235,'11月份：\n1. 根据周博的想法，训练带遮挡检测功能的深度估计神经网络模型，结果没有达到预想，放弃投cvpr论文，继续完善想法，准备其它期刊会议。\n2.实现周博提出的基于置信度的网络预测结果融合想法，最终实验证明该方法仅对少数测试用例有帮助。\n3. 经过多次尝试后决定放弃带遮挡检测的深度估计网络，完善之前做过的利用四个方向epi图像进行深度估计的网络，开始以这个方法写论文。','2017-12-05','1. 前往广州参加ICONIP2017会议，并发表口头演讲。',117,49),(1236,'写大论文，做实验','2017-12-05','',77,18),(1237,'总结实验，写专利及大论文','2017-12-05','',71,14),(1238,'本月分，完成的任务比较多，做了，hololens学习了，unity模型，脚本，着色器部分。碰到了一些小问题，结局的比较顺利。','2017-12-08','项目审查查账，报销，取快递，监考。',129,70),(1239,'项目:1.戴老师上课公众号的功能添加，包括文件上传下载查看等。\n论文:1.准备和阅读文献材料，准备开题和文献综述。\n服务:1.协助仇老师改PPT，送材料等。2.3D创新团队后续收尾工作，上传验收公示，联系审计改审计书，报销等事宜。','2017-12-11','',99,45),(1240,'跑QP40的DCT矩阵','2017-12-11','',91,43),(1241,'1.后台管理项目网页前端静态页面搭建完成，实现静态交互，不包括数据交互；2.项目结合angularjs教材一起学习；3.给戴老师整理一个公众号材料，打印、胶装文件；4.整理低剂量项目的相关材料。','2017-12-12','',124,64),(1242,'1.看《新一代高效视频编码H.265/HEVC》\n2.帮杨仁彬师兄跑代码，并整理实验excel表格\n3.帮张老师财务报销\n4.打扫戴老师办公室日常卫生','2017-12-14','',126,68),(1243,'1.看《新一代高效视频编码H.265/HEVC》\n2.帮杨仁彬师兄跑代码，帮沈方瑶师姐找论文，画visio图，\n3.报销戴老师财务，帮张博找学院盖章并交至科技处\n4.打扫戴老师办公室日常卫生','2017-12-14','',126,68),(1244,'1.看关于无人机辅助定位的文献，确定方向，写开题报告。2.按律师要求，修改专利。3.帮仇老师跑合同的打印盖章等。4.跑审计费的流程，填表等。5.复习6级。','2017-12-18','',99,45),(1245,'1.做吴老师给的项目，开始着手做该项目网站第三期维护；2.整理低剂量项目验收的相关材料；3.给戴老师找文件、写材料、打印胶装材料等。','2017-12-18','',124,64),(1246,'1.和张博讨论contour数据特征，发现右下角全为零的DCT系数矩阵左边、上边系数有不为零时，该PU块需要将DMMs放回候选列表。2.看阳宁凯师兄的论文，检查错误。3.写开题报告。','2017-12-19','下周准备打印左边和上面有不为零时的DCT系数矩阵。',91,43),(1248,'写毕业论文','2017-12-22','辅助项目验收',108,10),(1249,'1.杨仁彬师兄跑代码\n2.沈方瑶师姐整理发表的论文与专利附件，短信通知出席教授，订动车票，并整理他们的航班信息材料。\n3.报销戴老师财务，帮张博报销实验室人员动车票\n4.打扫戴老师办公室日常卫生','2017-12-22','',126,68),(1250,'1.协助师姐找低剂量项目结题的附件材料，找团队老师的论文，国际专利什么的。2.跟仇老师讨论了下毕业课题的方便，做了一些调整，又再狂收集文献，阅读文献，内心崩溃。3.帮仇老师，文件盖章，送文件等。','2017-12-23','',99,45),(1251,'讨论contour wedgelet other的PU块情况，由于PU块不能很好地区分，决定从当前PU块的相邻块入手判断','2017-12-25','下周：看源代码中查找相邻块的模式部分，打印当前PU块的DCT系数矩阵和相邻块的模式。',91,43),(1252,'1.人机物联合作基地网页端样式修改，更新新闻内容；2.和沈方瑶师姐一起整理低剂量项目验收材料；3.和戴老师一起去低剂量项目验收答辩会议现场，帮忙整理材料、服务；4.打印、胶装文件、找材料等。','2017-12-27','',124,64),(1253,'《TE过程故障诊断方法比较研究_》\n核主元分析和模糊核 C-均值相结合的故障诊断方法。模糊 C-均值对数据进行故障诊断时，没有诊断出结果，考虑到数据的非线性问题，采用模糊核 C-均值对数据进行故障诊断，可以诊断出结果，但效果不是很好，所以考虑到先对数据进行降维处理，采用核主元分析，再对数据进行诊断。','2017-12-29','',127,69),(1254,'《基于田纳西—伊斯曼过程故障检测方法研究》\n由于支持向量数据描述(SVDD)模型具有不受线性和高斯假设的限制的优点，克服了传统主成分分析(PCA)统计检测方法假设过程满足线性和高斯分布的缺点。针对复杂工业过程中的非高斯分布信息的问题，提出了一种基于主成分分析和支持向量数据描述(PCA-SVDD)的故障检测模型。首先，应用主成分分析法对过程数据进行分解，分解出装载矩阵和得分矩阵信息。其次，利用得分矩阵建立支持向量数据描述(SVDD)模型，构建基于距离的统计量及其对应的控制限。','2017-12-29','',127,69),(1255,'《田纳西_伊斯曼化工过程的故障诊断》\n运用主元分析法和核主元分析法进行故障检测。运用支持向量机和 RFE 算法进行故障识别。支持向量机对于解决小样本、非线性及高维模式识别问题拥有许多特有的优势，RFE 算法是根据 SVM 在训练时生成的权向量 w 来构造排序系数，每次迭代去掉一个排序系数最小的特征属性，最终得到所有特征属性的递减顺序的排序，属性排的越靠前说明此变量对诊断出的故障的影响越大。','2017-12-29','',127,69),(1256,'期末复习','2017-12-29','',127,69),(1257,'1.学习GitHub上有关git工作流的内容；2.帮戴老师调课，处理教学上的相关事宜；3.给戴老师整理文件、打印文件等；4.期末考试复习。','2018-01-02','',124,64),(1258,'十二月份主要是完成开题与文献综述，另外把项目里的代码重构了一下，在dockr中模拟了kafka','2018-01-02','帮忙交单子，拍财务凭证',95,40),(1259,'1、项目：本周周三在523和师姐，曾老师讨论了度量学习和LSTM神经网络相结合的可行性，确定了我们实验数据用TE工业故障时间序列，方法就是结合LSTM和度量学习来实现。2、论文：学习了解LSTM的相关知识的论文，以及最近的基于LSTM的相关应用，找了基于LSTM的代码，跑我们的相关数据，跑出来的结果不是很好，需要深入理解，然后不断修改。3、服务：1）帮戴老师拿报纸，寄快递，以及各种实验室快递任务。2）维护实验室日常卫生及饮用水问题。3）帮张老师解决一些教学任务问题。','2018-01-02','12月第一周',119,63),(1260,'1、项目：本周周一在523和师姐，曾老师讨论了上周的进度，安排我们去跑LSTM的代码，并且尝试结合度量学习的某种方法，看测试效果是否变好。2、论文：得看度量学习相关论文的引言部分，曾老师建议我们先把引言部分尝试着写起来。3、服务：1）帮戴老师拿报纸，寄快递，以及各种实验室快递任务。2）维护实验室日常卫生及饮用水问题。3）帮张老师刻录光盘，以及完成一些教学任务问题。','2018-01-02','12月第二周',119,63),(1261,'1、项目：本周周日在523和师姐，曾老师讨论了上周的进度，找了软件学报的模板格式，尝试写了一下引言，但是写的不好需要修改很多。2、论文：得看度量学习和LSTM相关论文，结合自己理解，写引言部分。3、服务：1）帮戴老师拿报纸，寄快递，以及各种实验室快递任务。2）维护实验室日常卫生及饮用水问题。3）帮张老师刻录光盘，以及完成一些教学任务问题。','2018-01-02','12月第三周',119,63),(1262,'1、项目：本周周三下午在523和师姐，曾老师讨论了上周的进度，由于临近期末，没有很多时间继续来完成这个任务，所以先暂停，开始期末复习。2、论文：期末复习后继续这个项目的学习。3、服务：1）帮戴老师拿报纸，寄快递，以及各种实验室快递任务。2）维护实验室日常卫生及饮用水问题。3）帮师姐筹划实验室年会的问题，以及各种事物安排。年会的顺利举行，让实验室同学感受到了不一样的温暖，2017年就这样结束了，2018新的开始，好好努力，努力科研，好好学习，努力搬砖。','2018-01-02','12月第四周',119,63),(1263,'1.写开题报告和文献综述，写毕业论文目录和相关ppt2.看论文相关的文献，回顾视频编码流程','2018-01-02','',91,43),(1264,'对异步编程进一步了解：包括函数式编程，异步编程的解决方案：事件发布/订阅模式、promisr/deferred模式、流程化控制库，异步并发控制等。','2018-01-02','',128,60),(1265,'1.学习async+await \n2编写了网页爬取代码来练习async+await 和 mongodb数据库。','2018-01-02','',128,60),(1266,'1.对sails.js进行了解和学习\n2.进一步对express和sails进行比较进而了解他们的优劣势。\n3.对mongoose和mongolass的学习并且练习相关用法。','2018-01-02','',128,60),(1267,'对《深入浅出nodejs》后面章节进行初步了解：内存控制，buffer，网络编程，构建web，进程控制等。','2018-01-02','',128,60),(1268,'整理实验室津贴报表申请，学习师姐大论文，提出建议。','2018-01-03','',125,67),(1269,'看论文，学习java','2018-01-03','',125,67),(1270,'参考师姐专利，学习写法，写基于眼动建立兴趣点数据库的专利。','2018-01-03','',125,67),(1271,'看论文，期末复习。','2018-01-03','',125,67),(1272,'1.帮杨仁彬师兄跑代码，并整理实验数据excel表格\n2.帮沈老师整理出席专家的银行账号\n3.报销戴老师财务报销\n4.打扫戴老师办公室日常卫生','2018-01-03','',126,68),(1273,'本月大致做了以下方面的内容:\n1.协助方师兄完成论文中的一部分实验。\n2.协助严嘉浩完成国际合作项目中的2d-3d匹配部分。\n3.查阅医学分割方面的论文和资料，主要是肺结节检测分类方面的，为接下来的实验做准备。','2018-01-03','',121,66),(1274,'1.准备撰写开题报告，文献综述。2.协助505年会相关准备，采购等。3.熟悉论文代码。','2018-01-03','',99,45),(1275,'大论文','2018-01-03','',109,11),(1276,'调研和实现书法识别','2018-01-03','',108,10),(1277,'（1）燃气宝：测试驱动板串口通信（2）结合当前一些比赛论文的结果，比较高维神经网络结构差异及其结果比对','2018-01-03','',122,65),(1278,'（1）燃气宝：了解步进电机基本原理并调试（2）结合当前一些比赛论文的结果，比较高维神经网络结构差异及其结果比对，特别关注密集残差结构','2018-01-03','',122,65),(1279,'（1）燃气宝：调试步进电机，到新昌解决部件问题（2）尝试修改VNET网络，将密集残差结构加入到结构中','2018-01-03','',122,65),(1280,'（1）燃气宝：整体调试智能阀准备到新涛测试（2）尝试修改VNET网络，将密集残差结构加入到结构中','2018-01-03','',122,65),(1281,'1. 看时间序列相似性方面的论文，还看了语音识别抑郁症方面的论文。2. 低剂量x射线项目答辩，写验收报告，整理材料和做PPT。3. 实验室团建活动准备材料。4. 修改点击率预测那篇论文。','2018-01-03','',78,4),(1282,'帮老师报销财务，实验室小新电脑装打印驱动，用matlab完成模式识别作业（遗传算法实现灰度图像阈值分割）','2018-01-03','',120,61),(1283,'帮老师报销财务，复习。','2018-01-03','',120,61),(1284,'整理12月份财务明细，发票报销，复习。','2018-01-03','',120,61),(1285,'复习，帮老师整理财务。','2018-01-03','',120,61),(1286,'修改 图灵徒孙公共号需求，并部署到服务器。\n搭建实验室wordpress网站，并备份数据到新网站。','2018-01-03','',98,41),(1287,'更新代码0.39\n	通过重启车载板解决GNSS模块有时上电失败出现 7103错误的问题；\n	增加超时机制，断网或定位失败1小时后重启','2018-01-04','',118,59),(1288,'更新代码0.40\n适配清阳新电池，电量百分比读取退回直接读库仑值模式；\n新增出桩入桩时通知电池BMS修改电量计算模式','2018-01-04','',118,59),(1289,'和新涛，移远联调GNSS模块上电不正常问题\n车载板代码修改为车辆借出后不自动开临时锁','2018-01-04','',118,59),(1291,'少量单车出现桩内ACC灭，不上网，重新上电后正常的情况，初步判断是断网重启时出现问题，重启失败。','2018-01-04','期末复习',118,59),(1292,'1.准备英语6级。2.移植DM9000网卡驱动，裁剪uboot','2018-01-04','',96,48),(1293,'1.准备英语6级。2.制作uboot补丁，在 github上提交了源码 3.移植了一个3.0.99的linux内核，修改了flash分区','2018-01-04','',96,48),(1294,'1.制作了一个jffs2的根文件系统，并在内核上成功挂载。2.添加了Uboot对yaffs2文件系统烧写的支持，制作yaffs2文件系统。3.寻找论文开题的方向。','2018-01-04','',96,48),(1295,'1. 学习 pytorch 深度学习框架\n2. 医疗项目结题( 做了其中2d/3d 配准工作: 从原始 mri 数据编写投影代码, 制作训练所需数据集, 编写训练和测试网络模型, 编写数据输入接口, 结果匹配角度精度在 +/- 2度以内). 这个做了很久\n3. 编写 mri/ct 图像拼接接口. 做了原存在于 github 上工作的几部分改进: a. 数据类型不再强制写成 short; b. 在.mhd 头文件中可写入 spacing info 信息; c. 自动化识别拼接\n4. 开题','2018-01-04','',106,44),(1296,'1.制作yaffs2文件系统，并挂载，裁剪内核，调整nand flash分区，制作内核补丁 2.写文献选读综述。3.给e单车项目，代码更新添加ecc校验和代码更新包长度的判断。','2018-01-04','帮戴老师去下沙邮局取东西',96,48),(1297,'这周的主要内容为hololens的界面部分，缩放和旋转，学习到了渲染的知识和gui的部分知识。','2018-01-04','取快递，报销。帮实验室买火车票。',129,70),(1298,'学习了hololens开发包htk sharing部分，这部分主要用于同步信息，同学消息通讯机制进行，位置，大小，旋转的消息。','2018-01-04','取快递。',129,70),(1299,'12月：\n1. 论文方面，写了半个月的论文，准备投ICPR2018会议。\n2. 实验方面，神经网络结构基本固定下来，一方面通过调整网络参数对进行优化，另一方面增大训练数据集，加入高斯噪声改善数据集。结果并没有很大改善。\n3. 看了最新发布的神经网络相关论文，跟上当前人工智能发展的脚步。','2018-01-04','',117,49),(1300,'1：米加技术维护。2：查询FPGA相关资料。3：熟悉FPGA开发板。4：复习Verilog。5：实现Z7板千兆网口。6：给戴老师查军标电磁资料。7：给戴老师查询船用雷达伺服电机资料。8：毕设环节。9：创新实践（红外解码串口屏组）','2018-01-04','',97,46),(1301,'学习了hololens的通讯部分，解决了上次通讯的问题，原因竟然是因为以自己电脑散出的wifi连接不到服务器。必须在公共网络，同一个网段才可以。','2018-01-04','取快递，打扫卫生，整理实验室。',129,70),(1302,'1:HOLOLENS的链接电脑，与其共享！\n2:HOLOLENS与电脑传输图片。','2018-01-04','1:帮忙拿快递。\n2:图书馆申请发表论文检索凭证。',130,71),(1303,'1:HOLOLENS之间的链接与共享。\n2:深度学习论文的学习，以及基础资料复习。','2018-01-04','1:帮忙取火车票。\n2:帮忙取快递！',130,71),(1304,'12月7日：修改《基于BS架构的监测与控制配电系统》专利，搜查、确定开题方向。完成配电系统 电器属性显示界面。','2018-01-04','',94,47),(1305,'12月14日：与新加入负责前端、后端模块的本科生讨论需求，并且设计页面和用户信息管理模块API接口文档。','2018-01-04','',94,47),(1306,'12月21日：将电器节点信息展示栏根据需求完成，配置阿里云代码仓库对项目进行版本管理，编写电器设备API 接口文档供后端人员开发接口。','2018-01-04','',94,47),(1307,'12月30日：增加用户登录后浏览器保存用户登录会话，编写设备故障API接口文档以及实现具体功能','2018-01-04','',94,47),(1308,'1.跑报销单签字和上交报销单 2.练习实验室公众号增加功能','2018-01-05','',123,62),(1309,'1.跑报销单签字和上交报销单 2.Spring框架 Restful风格备注','2018-01-05','',123,62),(1310,'1.跑报销单签字和上交报销单 2.好像没了','2018-01-05','',123,62),(1311,'1.跑行政楼签字','2018-01-05','',123,62),(1312,'讨论当前的右下角全零的PU块和相邻块的模式之间的关系，并统计相对应的数量','2018-01-08','',91,43),(1313,'1.准备开题答辩PPT。2.研究无人机辅助3D定位的代码，已基本跑通。3.学习VUE框架。','2018-01-08','',99,45),(1314,'1.完成开题报告和文献综述等开题相关的资料\n2.改写门锁Broker部分代码，实现了设备连入Kafka','2018-01-09','',95,40),(1317,'跑qp25的相邻块的模式数据','2018-01-15','准备开题答辩ppt和开题答辩',91,43),(1318,'1.开题答辩，研究分簇方案，研究几种聚类的算法，K-mean等。2.由于师妹考试，暂代了一周戴老师打印，填成果表，信息表等。3.确认专家费用收开题报告等。4.帮仇老师做基层组织教学，青年教学新秀PPT。5.学习VUE框架。','2018-01-15','',99,45),(1319,'1.给戴老师找文件、打印材料；2.期末考试复习。','2018-01-20','',124,64),(1320,'1.期末考试周，复习+考试；2.给戴老师打印材料。','2018-01-20','',124,64),(1321,'1.做前端项目系统改进第三期；2.给戴老师本科教学课程评期末成绩，准备相关材料；3.给戴老师打印文件，处理申请材料的相关事项。','2018-01-20','',124,64),(1322,'1.确定了研究方案，用k-means算法进行聚类，MATLAB中写实现代码。2.帮仇老师，拿文件，送文件等。3.於师妹回家了，暂代戴老师办公室打扫，换水等工作。','2018-01-22','',99,45),(1323,'1.实现论文，基于能量和距离簇头选择的MATLAB代码。2.帮仇老师拿东西，送东西。','2018-01-29','',99,45),(1324,'1.做般若财富项目第三期业务系统改进；2.给戴老师整理文件，找“无人机”+“城市森林”相关论文材料，整理打印胶装；3.处理戴老师日常事务。','2018-01-30','',124,64),(1325,'学习利用opensmile提取音频特征，阅读opensmile说明文档，掌握命令行调用opensmile','2018-01-31','',127,69),(1326,'学习qunee-h5框架来实现网页的动态节点布局.','2018-01-31','',127,69),(1327,'学习dgus屏的基本开发流程.','2018-01-31','',127,69),(1328,'《基于内容的音频分类与识别》\n学习对原始的音频信号进行基本处理，包括对音频信号进行加窗，分帧和端点检测等。\n介绍了用于音频分类的的svm，利用神经网络对语音，音乐和噪声做了分类。','2018-01-31','',127,69),(1329,'1.学习前端的知识，如：html,css,js等。\n2.学习前端框架vue.js。','2018-02-02','',128,60),(1330,'结合vue.js，node和MySQL数据库实现了一个个人博客项目，具体功能有：登录，发布博客，浏览博客，留言等功能。','2018-02-02','',128,60),(1331,'按吴老师的要求学习了微信小程序的具体语法和编程结构。','2018-02-02','',128,60),(1332,'对吴老师给的微信小程序代码进行研读并相关功能尝试进行修改。','2018-02-02','',128,60),(1333,'复习期末考试，看论文','2018-02-05','',125,67),(1334,'写国家基金项目专利','2018-02-05','',125,67),(1335,'实验室津贴报销，看论文','2018-02-05','',125,67),(1336,'写专利，看论文','2018-02-05','',125,67),(1337,'1.做实验，leach-c算法的实现。2.师妹不在的时候，帮忙打扫戴老板办公室。','2018-02-05','',99,45),(1338,'1、项目：由于临近期末，没有很多时间，在认真准备期末考试。2、论文：期末复习。3、服务：1）帮戴老师拿报纸，寄快递，以及各种实验室快递任务。2）维护实验室日常卫生及饮用水问题。','2018-02-07','1月第一周',119,63),(1339,'1、项目：正值期末考试，没有很多时间，在认真准备期末考试。2、论文：期末复习。3、服务：1）帮戴老师拿报纸，寄快递，以及各种实验室快递任务。2）维护实验室日常卫生及饮用水问题。','2018-02-07','1月第二周',119,63),(1340,'1、项目：本周期末考完和师姐讨论了接下来做的事情，主要做用语音表情识别抑郁症患者，找了相关数据库，已经相关的论文先了解基础和数据的特征。2、论文：看了语音识别几篇论文，大致了解了语音识别抑郁症的过程，自己他们是用的方法，以及他们做的数据的获取手段。3、服务：1）帮戴老师拿报纸，寄快递，以及各种实验室快递任务。2）维护实验室日常卫生及饮用水问题。','2018-02-07','1月第三周',119,63),(1341,'1、项目：本周主要下载数据库，以及看相关论文，相关书籍，数据库下载有权限限制，费了好大劲，通过发邮件申请，回复，等以后才有权限下载，下载过程也很慢，100个g的数据下了几天。2、论文：继续看语音识别抑郁症的论文，了解语音识别抑郁症的过程，以及他们所用的方法，以及他们做的数据的获取手段。3、服务：1）帮戴老师拿报纸，寄快递，以及各种实验室快递任务。2）维护实验室日常卫生及饮用水问题。','2018-02-07','1月第四周',119,63),(1343,'1月7日：实现了设备信息和数据故障的访问接口，并将多个信息表相连。','2018-02-07','',94,47),(1344,'1月14日：前端对用户界面进行了优化，并且实现了数据交互模块和数据模拟的demo。','2018-02-07','',94,47),(1345,'1月21日：搭建了一遍项目适合的用户认证和权限管理的SPRING SECUTIRY框架，并且交给本科生具体整合进项目之中。','2018-02-07','',94,47),(1346,'打扫戴老师办公室卫生','2018-02-07','',126,68),(1347,'1月第二周：打扫戴老师办公室卫生','2018-02-07','',126,68),(1348,'1月27日：阅读图形建模的源码并填写文档和注释，便于师弟阅读项目源码','2018-02-07','',94,47),(1349,'1月第三周：\n1.打扫戴老师办公室卫生\n2.帮杨仁彬师兄下载2篇最新关于帧内预测论\n文\n3.处理戴老师财务报销','2018-02-07','',126,68),(1350,'1月第四周：\n1.打扫戴老师办公室卫生\n2.看HM13.0源码\n3.帮沈老师填写项目财务表格','2018-02-07','',126,68),(1351,'1.写文献综述报告，开题报告 2.学习深度学习','2018-02-07','',96,48),(1352,'1.写文献综述报告，开题报告PPT，查看论文、资料确定论文研究方向 2 学习深度学习','2018-02-07','',96,48),(1353,'1.参加开题会议 2.学习深度学习','2018-02-07','',96,48),(1355,'考试','2018-02-07','',120,61),(1356,'看论文，学习基于稀疏表示的自适应子字典选择策略（QASD），以及一种新的FR-IQA模型。','2018-02-07','',120,61),(1357,'对论文中的提到算法公式进行大致学习，提取参考图与失真图的稀疏特征，在梯度、颜色和亮度信息这三个辅助特征下进行图像训练，采用通用字典进行质量评估。','2018-02-07','',120,61),(1358,'报销财务，帮戴老师搬东西','2018-02-07','',120,61),(1359,'1.学习zuul api网关\n2.rabbitmq、rocketmq、kafka消息中间件在微服务的使用\n3.调研支持使用mqtt协议的broker—emq，搭建测试环境，进行压力测试。（未完全测试完毕）','2018-02-07','',98,41),(1360,'1:hololens与电脑连接，传输图片。\n2:深度学习论文的研究。','2018-02-07','1:帮忙整理财务，拍照。',130,71),(1361,'1:医学ct的分割。\n2:医学图片的三维重建，生成骨头，肌肉相关模型。\n3:深度学习论文的研究。','2018-02-07','1:财务的拍照，整理。',130,71),(1362,'跑数据，写论文','2018-02-08','',91,43),(1363,'2018-01-01 至 2018-01-07 \n1：写文献综述\n2：看航空类资料\n3：周博项目\n4：金华支持\n\n2018-01-08 至 2018-01-11\n1：开题报告\n2：WIFI组和红外组大创\n3：金华支持\n4：周博以太网问题\n5：看航空类资料\n\n2018-01-12至2018-01-31\n1：看柴油发电机资料\n2：写单兵柴油发电机材料\n3：金华支持\n4：查资料','2018-02-08','',97,46),(1364,'看了些论文后，发现语音识别郁抑症大多数采用隐马尔科夫链和svm等传统方法，偶尔近年有几篇cnn方法，于是决定做抑郁症这块。这方面其实很早就有研究，只是研究的人挺少的，有些团队在这方面发了很多论文。可以从三方面进行研究： 1 判断是否有抑郁症  2 判断抑郁症的严重程度   3 预测抑郁症。我们三人做了以下分工：找到了权威数据库，商吉利研究数据库并为我们讲解，胡焰焰提取语音特征并实现简单的二分类算法。沈方瑶主要看算法并找创新点。打算2018上半年我和吉利各出一篇论文。','2018-02-09','1.孔老师的校创新团队答辩PPT   2.教师妹填戴老师两门课程的期末考试成绩。',78,4),(1365,'一月份忙于考试，在考试后主要做了肺结节检测相关的论文和方案，跑了些开源代码。初步调通肺结节处理的框架。','2018-02-09','',121,66),(1366,'1.跑行政楼签字 2.期末考','2018-02-09','',123,62),(1367,'1.跑行政楼签字 2.期末考','2018-02-09','',123,62),(1368,'1.跑单子 2.写一些springboot练习 改用docker配置本地服务器','2018-02-09','',123,62),(1369,'1.跑单子 2.写一些springboot练习 改用docker配置本地服务器','2018-02-09','',123,62),(1370,'1.修改项目代码\n2.写物联网协议比较','2018-02-09','',95,40),(1371,'主要任务是hololend眼镜拍照，将照片进行传输到电脑端。拍照部分已经完成。','2018-02-09','财务处项目审查拍照。',129,70),(1372,'ar眼镜与pc端通讯出现了问题，主要原因在于通讯机制不熟悉，剩下的时间应该进行通讯方面的学习。','2018-02-09','财务处项目验收拍照。',129,70),(1373,'开始着手于深度学习方面的学习。关注立体匹配，采用深度学习方法。','2018-02-09','财务处项目验收拍照。',129,70),(1374,'1月:\n1. 写论文，并投ICPR2018。这个月绝大部分时间主要是一边继续做实验，一边把之前做的光场深度估计成果写在论文上，交给周博修改，最后成功投出论文。\n2. 看关于目标检测得最新论文，完善深度学习基础。','2018-02-11','',117,49),(1375,'1:调研立体匹配的深度估计方面的论文。\n2:查阅相关资料，了解其发展历史。','2018-02-16','',130,71),(1376,'1:调研光场的三维重建的相关知识。\n2:了解其发展历程。明白其基本原理。','2018-02-16','',130,71),(1377,'复习准备期末考试','2018-02-20','',122,65),(1378,'联调智能阀','2018-02-20','',122,65),(1379,'联调智能阀，查阅边沿处理相关论文','2018-02-20','',122,65),(1380,'联调智能阀，查阅多损失函数深度网络模型相关论文','2018-02-20','',122,65),(1381,'联调智能阀，查阅多损失函数深度网络模型相关论文','2018-02-20','',122,65),(1382,'画visio图','2018-02-27','',99,45),(1383,'1.做吴老师给的项目前端，对业务系统进行改进，和后台进行联调；2.给戴老师找文件。（2月1号-9号）','2018-03-01','',124,64),(1386,'遮挡检测新方法，大论文修改','2018-03-04','',109,11),(1387,'1.人机物联合作基地网页端更新内容，添加最新的会议活动；2.学习angularjs视频教程。','2018-03-04','',124,64),(1388,'1.偶尔给戴老师找个文件，下载文件；2.了解深度学习方面的知识。','2018-03-04','',124,64),(1389,'1.继续做吴老师前端项目，和后台进行联调；2.给戴老师打印胶装文件等。','2018-03-04','',124,64),(1390,'1、项目：本周主要对下载好数据库进行整理了解，了解AVEC2017数据库的构成，数据集的分类。2、论文：看语音识别抑郁症的论文--基于语音的抑郁识别方法及关键技术研究_刘振宇，了解语音识别抑郁症的一些基础知识，以及语音识别的过程，以及他们所用的方法，以及他们做的数据的获取手段。3、服务：1）帮戴老师拿报纸，寄快递，以及各种实验室快递任务。2）维护实验室日常卫生及饮用水问题。','2018-03-04','2月第一周',119,63),(1397,'1、项目：本周主要任务是看《视觉语音情感识别》这本书，了解一些视觉语音情感识别的技术以及特征提取，特征选择的一些方法。2、论文：看语音识别抑郁症的论文--基于修正协作表示的语音重度抑郁症检测_吕柯这篇论文，了解语音识别抑郁症的一些基础知识，以及语音识别的过程，以及他们所用的方法，以及他们做的数据的获取手段。3、服务：实验室最后的年前的快递收发任务','2018-03-04','2月第2周',119,63),(1398,'本周主要春节期间，没做什么事情，休息了一周。','2018-03-04','2月第三周',119,63),(1399,'1、项目：本周继续看视觉语音情感识别的书，以及看AVEC2017获奖论文。2、论文：看抑郁症识别比赛的获奖论文---Topic Modeling Based Multi-modal Depression Detection，了解作者团队对AVEC数据库的利用，如何视频，音频，文本文件进行处理分析，特征选择和特征提取，了解他们的建模方法以及实验对比。3、服务：1）帮戴老师拿报纸，寄快递，以及各种实验室快递任务。2）维护实验室日常卫生及饮用水问题。','2018-03-04','2月第四周',119,63),(1400,'1.学习深度学习\n2.查询无人机监控相关论文','2018-03-04','1.给杨仁彬搭建实验环境，帮杨仁彬调试代码 2.给戴老师搬东西',96,48),(1401,'查阅异构数据融合资料','2018-03-04','',108,10),(1402,'完善了微信商城项目订单获取和订单支付功能。','2018-03-04','',128,60),(1403,'完成微信商城的积分获取功能的代码，和积分抵扣功能的代码。','2018-03-04','',128,60),(1404,'1，完成微信商城项目的数据库的操作：订单生成和定到查询，积分存储和查询。\n2，微信分享功能的初步完成。','2018-03-04','',128,60),(1405,'完成微信商城项目管理员端的商品的添加，查询和编辑功能和订单的添加，查询，和编辑功能，还有会员积分的查询功能的代码。','2018-03-04','',128,60),(1406,'学习dgus屏的基本界面配置，基本触控，键控设置。','2018-03-04','',127,69),(1407,'学习dgus显示变量配置，图标的显示，文本的显示，图形变量的显示。','2018-03-04','',127,69),(1408,'语音信号的能量，短时过零率，lpc，lsp，mfcc的提取，学习《matlab在语音信号分析和合成中的应用》。','2018-03-04','',127,69),(1409,'利用qunne进行图形建模源码阅读学习。','2018-03-04','',127,69),(1410,'一：查无人机资料\n二：Verilog和FPGA\n三：PT100驱动电路，画板子','2018-03-04','',97,46),(1411,'看论文《HEVC帧内预测的快速编码单元划分和模式选择方法》','2018-03-04','',126,68),(1412,'2.21-2.28\n看论文《Complexity Reduction by Modes Reduction in RD-List for Intra-frame Prediction in 3D-HEVC Depth Maps》','2018-03-04','',126,68),(1413,'看论文，查论文，','2018-03-04','',125,67),(1414,'整理论文材料，看论文，学习小论文结构写法','2018-03-04','',125,67),(1415,'看论文，学习写论文','2018-03-04','',125,67),(1416,'看论文，写论文','2018-03-04','',125,67),(1417,'2月:\n1. 寒假期间主要以自学为主，查阅了最新的深度学习论文，学习阿里巴巴刚刚发布的关于强化学习在淘宝上相关应用的书籍。\n2. 完成周博布置的任务。在深度估计中加入遮挡检测，用tensorflow编码实现，效果不理想。','2018-03-04','',117,49),(1418,'1.“2018世界IT青年科学家论坛”微信页面制作 2.考研学生简历整理 3.国合基地申报成果新闻稿整理 4.国基金联合项目网上信息填报 5.看语音识别抑郁症方面的论文','2018-03-04','',78,4),(1419,'写申请书','2018-03-06','',106,44),(1420,'1.协助张老师，国基金申报书公式和画图。2.leach协议能量消耗的分析，与代码的时间。3.前端知识的回顾，小算法试题的实现。','2018-03-11','',99,45),(1421,'1.做吴老师金融项目前端，解决后期问题，完善系统；2.搭建吴老师给的一个静态页面；3给戴老师买桌子、打印胶装文件等。','2018-03-12','',124,64),(1422,'1.了解映云科技iot平台框架\n2.帮助吴老师的留学生解决问题','2018-03-12','',95,40),(1423,'查看相关分割算法论文，跑利用DCT作为分割条件的源代码','2018-03-12','1.抄写书本段落2.找参考文献的引用3.写基金的预算表',91,43),(1424,'查看分割算法的论文，跑相应的DCT矩阵代码','2018-03-19','',91,43),(1425,'1.跟仇老师讨论研究的内容，完成了与LEACH算法的对比实验，还差一组LEACH-C的对比，争取下周完成。2.协助张老师改国基金图和公式。3.协助仇老师，PPT，送材料等。4.戴老师办公室，招待客人。','2018-03-20','',99,45),(1426,'1.继续做吴老师金融项目前端业务改进；2.工程认证前端页面搭建；3.给戴老师、曾老师整理上学期的教学材料；4.打印胶装文件。','2018-03-20','',124,64),(1427,'打印原始像素，DCT矩阵，方差和阈值关系。','2018-03-26','',91,43),(1428,'1.算法实验结果的对比.2.招待戴老师的客人3.学习算法，笔试。','2018-03-26','',99,45),(1429,'1.做吴老师金融项目前端业务后续改进；2.给戴老师打印文件、整理文件；3.学习深度学习pythorh框架，初步了解深度学习。','2018-03-28','',124,64),(1430,'1.做吴老师金融项目前端业务改进；2.整理戴老师春茶信息；3.给戴老师打印文件；4.了解深度学习pythorh框架。','2018-04-02','',124,64),(1431,'1.学习nodejs，mongoDB数据库操作，准备搭建一个简单的博客。2.招待客人，打扫523，采购茶话会食材等。','2018-04-02','',99,45),(1432,'1、项目：本周主要看AVEC2017获奖论文的那5篇论文，然后提取了数据库中文本信息进行了处理，去除了提问者的文字，构成文本信息。2、论文：看了2篇2017的作文，理解其大致的实现过程，以及用到的语音，视频，文本特征，用到的分类回归算法。3、服务：1）帮戴老师拿报纸，帮张老师，吴老师寄收快递，以及各种实验室快递任务。2）维护实验室日常卫生及饮用水问题。3）帮张老师完成教学任务，帮吴老师查找城市森林的资料。','2018-04-02','3月第一周',119,63),(1433,'1、项目：本周继续看AVEC2017获奖论文的那另外几篇论文，然后对数据库中语音特征，视频特征进行了分析。理解数据集中每个文件的意义，每一行，每一列的意思，以及是这些数据是通过什么方式得到的。每周2次开会和师姐讨论进展以及接下来的任务。2、论文：看了2篇论文，理解其大致的实现过程，以及用到的语音，视频，文本特征，用到的分类回归算法。3、服务：1）帮戴老师拿报纸，帮张老师，吴老师寄收快递，以及各种实验室快递任务。2）维护实验室日常卫生及饮用水问题。3）帮张老师完成教学任务，查找机场相关信息资料。帮吴老师查找资料。','2018-04-02','3月第2周',119,63),(1434,'1、项目：本周主要对进些年来关于语音识别抑郁症方面的论文进行整理，制作成表格，整理了近几年来3个团队发表的论文，核心思想以及创新点。每周2次开会和师姐讨论进展以及接下来的任务。2、论文：看了近几年来的多篇论文的主要思想，理解其大致的实现过程，然后以综述方式整理成表格。3、服务：1）帮戴老师拿报纸，帮张老师，吴老师寄收快递，以及各种实验室快递任务。2）维护实验室日常卫生及饮用水问题。3）帮张老师完成教学任务以及查找C语言经典题目，刻录光盘等','2018-04-02','3月第3周',119,63),(1435,'第一周：\n1.看HM13.0源代码与相关论文\n2.打扫戴老师办公室卫生','2018-04-02','',126,68),(1436,'第二周：\n1.看HM13.0源代码与相关论文\n2.打扫戴老师办公室卫生\n3.帮吴老师画图\n4.帮沈师姐整理简历','2018-04-02','',126,68),(1437,'1、项目：本周的任务是写一篇综述，给戴老师看。整理语音识别抑郁症相关的定义，意义，国内外研究状况，语音特征分类，语音数据库等部分。每周2次开会和师姐讨论进展以及接下来的任务。2、论文：整理之前看过的论文得核心思想，国内外研究现状。3、服务：1）帮戴老师拿报纸，帮张老师，吴老师寄收快递，以及各种实验室快递任务。2）维护实验室日常卫生及饮用水问题。3）帮张老师完成教学任务。协助张老师完成招生任务，帮秘书组检查安装摄像头。','2018-04-02','3月第四周',119,63),(1438,'第三周：\n1.看HM13.0源代码与相关论文\n2.打扫戴老师办公室卫生','2018-04-02','',126,68),(1439,'第四周：\n1.看HM13.0源代码与相关论文\n2.打扫戴老师办公室卫生\n3.报销戴老师财务','2018-04-02','',126,68),(1440,'整合语音信号，根据试验者的回答，提取相应片段的语音特征。利用随机森林方法对数据集进行分类和回归。下一步用svm进行分类回归。','2018-04-02','',127,69),(1441,'对信息化配电系统进行修改。导出网页中的json信息，调整右侧属性面板。与蔡师兄讨论项目。','2018-04-02','',127,69),(1442,'《HABITAT MONITORING WITH SENSOR NETWORKS》\n这篇文章首先介绍了利用传感器网络进行环境检测将更加地精确，以及在野外布置大量传感器所面临的严峻挑战，例如环境的变化，生物体的干扰，能耗问题等。文章给出了微观气候的定义，即接近地表的气候，可以是土壤表面，水中，甚至是动物表面。传统的研究方法很少能在研究中扩展到生物体及其栖息地。\n网络体系结构为，节点被部署在密集区域，每个区域被广阔地分开。各个区域的数据通过传输网络传输到一个现场数据中心。\n环境检测应用由多个软件组件组成，它们需要路由和任务服务。长期操作要求系统在低功率模式下运行，当前应用通过调整占空比来实现。路由服务将查询发送到传感器节点并报告感兴趣的数据，这些数据要么是流动的，要么是触发的。该服务使用低质量的链接，动态拓扑更改和任意的终端来获取数据。','2018-04-02','',127,69),(1443,'《Topic Modeling Based Multi-modal Depression Detection》\n这篇文章为语音情感识别的冠军论文，论文的创新点在将试验者的回答分成许多情境来提取特征。文章结合了语音信息，语义信息，以及面部运动信息，并通过cfs进行特征筛选。文章分别采用了随机森林，随机梯度下降，支持向量机回归。并且采用了10重交叉验证。','2018-04-02','',127,69),(1444,'1.学习emqtt 并在spring boot中用paho实现上传 2.实验室跑个小腿','2018-04-02','',123,62),(1445,'1.实验室跑个小腿 2.springboot下 多表关联 一对多 多对一的实现 练习','2018-04-03','',123,62),(1446,'1.实验室跑个小腿 2.springboot多表关联的改进 优化','2018-04-03','',123,62),(1447,'1：宁波出差\n2：学FPGA\n3：看能耗控制的论文\n4：焊连接器的板子','2018-04-03','',97,46),(1448,'第一周：服务器部分编写数据资源的访问控制、权限控制，前端完成项目主界面的构建','2018-04-03','',94,47),(1449,'第二周：将项目挂载到了阿里云服务器，前端完成了建模图形的数据格式解析','2018-04-03','',94,47),(1450,'第三周：完成配电系统的整体用户界面的构建、优化，集成了图形建模开源项目脚本。后端集成了Security框架','2018-04-03','',94,47),(1451,'第四周：主要修改了接口文档，并调整相关业务代码','2018-04-03','',94,47),(1452,'1.修改老师们的简历，调整格式。2.报销财务。3.学习2D-FR-IQA的几种评价模型，其中QASD性能较好。','2018-04-03','',120,61),(1453,'1.帮老师画流程图。2.帮助老师批改卷子。3.报销财务。4.实验室加湿器定期换水。','2018-04-03','',120,61),(1454,'1.帮忙打印研究生毕业答辩的老师评语。2.帮忙打扫523。3.修改时频图目标识别代码，完成三维矩阵的RGB显示。','2018-04-03','',120,61),(1455,'1.开始对照书本，重新理解代码。2.报销财务。','2018-04-03','',120,61),(1456,'做上个月的实验室津贴财务报销，看论文，写论文，翻译论文。','2018-04-03','',125,67),(1457,'看论文，写论文，翻译论文。','2018-04-03','',125,67),(1458,'看论文，写论文，翻译论文。','2018-04-03','',125,67),(1459,'看论文，写论文，翻译论文。','2018-04-03','',125,67),(1460,'1.测试代码\n2.帮助吴老师的留学生完成毕业设计','2018-04-03','',95,40),(1461,'1.国基金项目申请帮忙 2.2018年招新简历整理 3.写语音诊断抑郁症文献综述 4.采用主成分分析法进行特征降维，然后放入随机森林和SVM中进行二分类，分类正确率60%，效果很差。因此准备从特征降维和模型优化两方面来考虑创新。','2018-04-04','',78,4),(1462,'练习OJ题，准备实习。','2018-04-04','',96,48),(1463,'练习OJ题，准备实习。','2018-04-04','',96,48),(1464,'练习OJ题，准备实习。','2018-04-04','',96,48),(1465,'练习OJ题，准备实习。','2018-04-04','给实验室拿快递',96,48),(1466,'1:写麟开师兄论文的专利，关于尺度感知的深度学习的光场估计。\n2:学习tensorflow相关书籍','2018-04-04','1:财务报销盖章',130,71),(1467,'1:完成专利的初稿。\n2:研究深度学习方向的论文。','2018-04-04','1:财务报销，取快递。',130,71),(1468,'完成了，看了soa论文和代码。学习了tensorflow框架。','2018-04-04','财务处项目审查盖章。',129,70),(1470,'修改e单车车载板专利，修改为《一种景区公用电动车车载联网装置》','2018-04-04','',118,59),(1471,'调试移远AG35模块，通过PC上位机发送AT指令调通LTE网络。初步了解AG35片内OpenLinux的开发手册','2018-04-04','',118,59),(1472,'调试华为ME909模块，通过PC上位机发送AT指令调通LTE网络。','2018-04-04','',118,59),(1473,'整理关于LNG配送网络槽车调度规划的问题描述，已将初稿发送给吴老师','2018-04-04','',118,59),(1474,'1、开发微信商城小程序项目群分享功能\n2、微信商城小程序支付功能的代码编写\n3、修复微信小程序商城的一些bug','2018-04-04','',128,60),(1475,'1、完成老师给的关于docxtemplater相关文档的学习\n2、帮老师那文件去行政楼盖章','2018-04-04','',128,60),(1476,'1、对老师给的模板文件进行编码和数据的填充\n2、对模板文件数据的条件填充和循环填充进行探究\n3、对xml初步研究，并探究模板文件用xml格式来填充数据','2018-04-04','',128,60),(1477,'1、对老师给的office open xml 文档的学习\n2、用docxtemplater+office open xml 来进行表格的绘画和数据的添加\n3、完成老师给的word模板填充的代码的编写、数据结构的转换和数据的填充等','2018-04-04','',128,60),(1478,'三月份在学术方面，一是看了三维重建相关资料和论文，二是研究在医学图像分割上显著性相关内容，通过实验取得初步进展。在实践方面，组队参加天池服装分类比赛，取得了不错的排名。','2018-04-04','',121,66),(1479,'1.调试智能阀，调试控制柜信息的接收和发送功能，给发送信息增加、完善哈希数字签名功能，到德清调试步进电机控制竖直开关\n2.查阅相关基于深度学习的三维重建论文资料，调试一个基于theano平台的基于卷积的深度学习的三维重建网络，由于theano平台已经停止维护，所以调试起来有一定的难度，还在调试中，后期会考虑移植到别的平台上','2018-04-05','',122,65),(1480,'1.提出连接器功能需求、编写审核用户需求报告\n2.指导本科生后端工作','2018-04-05','',98,41),(1481,'创新基金结题\n帮戴老师项目申请评价\n图像分割尝试新结构','2018-04-05','',106,44),(1482,'3月:\n1. 撰写专利。把投出去的icpr2018论文写成专利，和律师沟通修改。\n2. 实现周博提出的利用重对焦线索实现深度估计的想法。计算重对焦图像，构建了简单的神经网络进行训练，但是遇到了问题，还没有结果。\n3. 指导研一师弟接手光场深度估计的工作，解决他们遇到的问题，尽快让他们可以独立用深度学习的方法实现周博的想法。','2018-04-05','',117,49),(1483,'1.自学python；2.结合python学习深度学习；3.整理文件、打印胶装材料；4.买实验室用品。','2018-04-10','',124,64),(1484,'1.帮吴老师装了台centos服务器，并且安装他需要的软件。\n2.在服务器上测试代码。\n3.修改代码','2018-04-10','',95,40),(1485,'1.根据仇老师的指导，看了几篇无人机在应急通信场景下的应用文章。文章都讲的比较泛，还需深入了解。2.整理打印郭师兄优秀毕业生材料。3.学习一些前端的知识，实现一些小算法。','2018-04-16','',99,45),(1486,'1.三位一体教师签到系统服务器的管理与维护\n2.代码逻辑设计与修改','2018-04-16','',95,40),(1487,'1.指导创新实践学弟运行代码和讲解代码 2.研究阈值关系与DCT矩阵特性的联系','2018-04-16','',91,43),(1488,'深度学习，重对焦实验，效果目前来看变化不是很大可能需要进行深度加深。','2018-04-16','取快递，财务报销。',129,70),(1489,'1.学习python和深度学习tensorflow框架；2.整理戴老师和曾老师的教学材料；3.给戴老师实验室打印胶装文件；4.帮师姐做ppt。','2018-04-18','',124,64),(1490,'1.结束讨论分割出错问题 2.统计QP、差值与是否加入的关系，初步设定阈值为Gu算法的阈值，改DCTflag==1||(DCTflag==0&&m>Thread)为分割条件','2018-04-22','',91,43),(1491,'1.写了一份2页的post给仇老师，整理了下论文思路，下周会进一步讨论待完成论文。2.帮仇老师找PPT材料，并改了2份汇报PPT。','2018-04-22','',99,45),(1492,'1.学习深度学习tensorflow框架和pytorch框架；2.学习字体区分方面的相关代码、文章；3.打印胶装实验室材料；4.帮忙整理申请书材料。','2018-04-24','',124,64),(1493,'1.讨论小论文。2.和菜叶一起，接待日本董教授。3.刷剑指offer。','2018-04-30','',99,45),(1494,'初步调整了阈值，并跑了个比较结果，仍然可以改进，统计不同QP下的相关值','2018-05-01','整理项目申报附件',91,43),(1495,'第一周：\n1.打扫戴老师办公室\n2.看GU算法，和大三学弟讨论先实现zhang算法中快速常规HEVC模式决策算法','2018-05-02','',126,68),(1496,'第二周：\n1.打扫戴老师办公室\n2.报销戴老师财务\n3.和大三学弟讨论zhang算法中快速常规HEVC模式决策算法的具体实现，在深度图后模式选列表中加入判断条件，达到减少选择模式数的要求','2018-05-02','',126,68),(1497,'第三周\n1.打扫戴老师办公室\n2.整理论文附件材料\n3.实现DCT算法中对像素进行排序、取中间值、取首地址、计算差值\n4.根据实验产生了差值和师兄讨论阈值的取值，将所选的阈值在与无GU算法实现并与GU算法进行比较','2018-05-02','',126,68),(1498,'1.学习深度学习框架pytorch；2.看陶星给的字体区分代码；3.看毛笔字体相关的两篇论文；4.给实验室打印胶装材料，交材料。','2018-05-02','',124,64),(1499,'第四周：\n1.打扫戴老师办公室\n2.整理杨师兄算法和GU算法的结果表格\n3.看HM13.0编码分割部分代码','2018-05-02','',126,68),(1500,'1.实验室跑个小腿 2.定制项目需求3.讨论权限管理 并学习相关的实现','2018-05-02','',123,62),(1501,'1.找解决百万级连接测试的方法\n2.写中间件代码','2018-05-02','',95,40),(1502,'1.实验室跑个小腿 2数据库的设计,并实现大致功能 待属性确认','2018-05-02','',123,62),(1503,'1.实验室跑个小腿 2.Mqtt消息队列的消息提取 并存入数据库，已实现，但仍有问题3权限系统的大致框架完成','2018-05-02','',123,62),(1504,'1.实验室跑个小腿 2.确定具体的数据库内容.并开始项目搭建','2018-05-02','',123,62),(1505,'1、项目：本周主要对进些年来关于语音识别抑郁症方面的论文进行整理。详细整理了兰州大学刘振宇团队的论文，将主要内容，创新点，实现过程，实验结果等以word形式记录，之后和师姐，胡焰焰分享讨论。每周3次开会和师姐讨论进展，讨论方案以及接下来的任务。2、论文：看了近几年来的多篇论文，刘团队主要从分类算法，识别模型，语言表达方式，自己构建新特性几个点来创新。3、服务：1）帮戴老师拿报纸，帮张老师，吴老师寄收快递，以及各种实验室快递任务。2）维护实验室日常卫生及饮用水问题。','2018-05-02','4月第一周',119,63),(1506,'1、项目：本周继续对进些年来关于语音识别抑郁症方面的论文进行整理。详细整理了澳洲Cummins团队的论文，将主要内容，创新点，实现过程，实验结果等以word形式记录，之后和师姐，胡焰焰分享讨论。每周3次开会和师姐讨论进展，讨论方案以及接下来的任务。2、论文：看了近几年来的多篇论文，康明斯团队主要从识别模型组合，情感因素，特征选择，特征融合几个点来创新。3、服务：1）帮戴老师拿报纸，帮张老师，吴老师寄收快递，以及各种实验室快递任务。2）维护实验室日常卫生及饮用水问题。3）帮张老师完成零碎任务','2018-05-02','4月第二周',119,63),(1507,'1、项目：本周先完成结合我们项目申请杭电科研创新项目基金的申请，已立项。并对进些年来关于语音识别抑郁症方面的论文进行整理。详细看了AVEC2014年3篇论文，将主要内容，创新点，实现过程，实验结果等整理出来，之后和师姐，胡焰焰分享讲解讨论。每周3～4次开会和师姐讨论进展，讨论方案以及接下来的任务。2、论文：看了2014年的3篇论文，2014年的抑郁症挑战大致从视频特征表示，特征选择，结合语音特征融合几个点来创新。3、服务：1）帮戴老师拿报纸，帮张老师，吴老师寄收快递，以及各种实验室快递任务。2）维护实验室日常卫生及饮用水问题。','2018-05-02','4月第三周',119,63),(1508,'1、项目：本周讨论了我们实验的初步方案，提取每一帧的语音特征后，以分段形式（每帧10ms，每段25帧）训练RNN模型，然后用RLM来分类。继续看了2014年2篇论文，将主要内容，创新点，实现过程，实验结果等整理出来，之后和师姐，胡焰焰分享讲解讨论。每周3～4次开会和师姐讨论进展。2、论文：也看了关于基于RNN，LSTM语音识别相关的论文，先用RNN实现看下结果。3、服务：1）帮戴老师拿报纸，帮张老师，吴老师寄收快递，以及各种实验室快递任务。2）维护实验室日常卫生及饮用水问题。','2018-05-02','5月第四周',119,63),(1509,'看完了两个该领域著名团队的论文和抑郁症比赛的论文，感觉方法都比较老，就开始看情感识别方面的论文，想把方法应用到我们领域。但是情感数据比抑郁症数据量大，现有的深度学习方法也不一定适用，所以还得多看论文多做实验来试试。现在已经有一个初步的论文思路：先用深度学习进行分类，再用传统方法进行回归预测抑郁症分数。代码也在进行中。','2018-05-02','戴老师省研究中心申请，赛创未来ppt，仇老师ppt。',78,4),(1510,'1.实现基于pytorch的3DU-Net，具体包括数据预处理，增强，roi数据输入方法，模型搭建等等，精度达到了排行榜前几水平。\n2.在原始模型的基础上实现了多个改进版本，加入res,dense，空洞卷积等方法，不过改进版本性能提升不明显。\n3.天池服装属性识别比赛进入复赛。\n接下来的工作：\n三维模型的改进，复赛模型调优和模型集成。','2018-05-02','',121,66),(1511,'1.电磁阀、485测试，压力、液位、温度传感器数据上传服务器测试，和余炫丁调试阿里云通信\n2.查阅基于单幅图像的三维重建论文，后转向基于多视角的三维重建，了解传统的三维重建方法\n3.完成基于LNG调度的系统结构部分','2018-05-02','',122,65),(1512,'1.上个月的实验室津贴报销，论文的翻译修改\n2.论文修改，自学javaweb开发\n3.修改论文\n4.看信号识别的matlab代码，学习频谱图生成过程','2018-05-02','',125,67),(1513,'看图像质量评价方面的论文。报销财务。','2018-05-02','',120,61),(1514,'处理审计一类的单子。看论文。','2018-05-02','',120,61),(1515,'看论文，处理报销单子。','2018-05-02','',120,61),(1516,'加湿器日常灌水，报销单子。看论文，找适合的参数及变量组成最后的融和方法。','2018-05-02','',120,61),(1517,'对数据集进行语音分割，删除回答者中的无音片段。提取语音特征（53维）：\n共振峰 5维\nMFCC 前16维\ndelta MFCC 前16维\ndelta delta MFCC 前16维\n将数据分为5类：\n0-4没有 5-9轻度 10-14中度 15-19中重度 20-24重度','2018-05-02','',127,69),(1518,'搭建DNN进行分类：\n1.以10ms为一帧，每个segment25帧,250ms为一个segment，每帧53维特征，一个segment 53*25=1235维特征。对应于DNN中1235个输入单元。\n2.一个被试者可以分为多段落，以30秒一个段落，标签与被试者的相同。比如一个被试者120s的语音，可以分为4个，每个标签一样，这样目的是增加数据量。\n3.对于每个segment，输入到DNN中，DNN包含三个隐藏层，每层的激活函数为relu，每层的单元数先256。最后的输出层用softmax得到每个segment的概率分布图。','2018-05-02','',127,69),(1519,'《Fusing Affective Dimensions and Audio Visual Features from Segmented Video for Depression Recognition》1. 本文使用有效的语音分割方法，其次是分割段级特征提取和融合。最后，一个元模型用于训练来融合单一信息。2.（1）使用情感维度（唤醒，支配，价态）构建抑郁识别模型;(2)分别从语音有声和无声片段中提取视觉信息;(3)融合特征，使用元模型进行融合。回归模型：高斯过程（视频）和SVM回归模型（音频），10折交叉验证本文介绍了一种从视频中提取抑郁症信息的新方法。方法的特点是一个语音有声/无声分割过程，使用情感维度作为属性，一个特征融合过程和一个基于元分类器的融合方案','2018-05-02','',127,69),(1520,'《Detecting Depression using Vocal, Facial and Semantic Communication Cues》 \n抑郁症会导致神经生理和神经认知的改变，从而影响运动、语言和感知功能的控制。这些功能的改变反应在语言清晰度、面部表情和说话的内容上。抑郁症诱发的神经生理变化与语言和面部运动控制的动力学和协调能力的下降有关，而神经认知的变化影响了对话语义。\n创新点：\n1.	一种降低声带收缩的新指标与声音投射有关；\n2.	通过使用稀疏编码的词汇嵌入空间，以及与主体当前或过去的抑郁状态相关的上下文线索，分析了主语/虚拟人物对话内容的语义特征。','2018-05-02','',127,69),(1521,'tx1重新配环境\n带本科生毕设','2018-05-02','有天整理孙贤和万海资料',106,44),(1522,'1：带师弟，跟进调试连接件调试情况\n2：准备4G板，采集板\n3：电磁阀测试\n4：采集板驱动测试\n5：跟进采集板CAN调试\n6：连接件与发射板CAN协议制定','2018-05-03','',97,46),(1523,'4月:\n1. 花了大部分时间进行代码重构，优化之前写的tensorflow代码，保证每次有新想法需要实现时仅需要修改小部分代码。\n2. 实现周博的想法，把重对焦线索和EPI线索融合起来进行深度估计，提高我们在评测网站上的排名。\n3. 阅读CVPR 2018论文。','2018-05-03','',117,49),(1524,'1:完成refocused程序，跑通程序！\n2:进行程序网络的调试，优化。\n3:深度学习方面最新论文的研读。','2018-05-03','1:取快递，报销财务。',130,71),(1525,'1:程序调试，优化。\n2:专利缴费。','2018-05-03','1:财务报销。',130,71),(1526,'复习以前学的知识，看面试题','2018-05-03','',96,48),(1527,'1.把内核2.6.22下dm9000c网卡驱动程序移植到内核3.4.2下\n2.复习以前的知识，看面试题','2018-05-03','帮实验室拿了一次东西',96,48),(1528,'1.写了一个2.6.22内核下的LCD驱动程序，并移植到内核3.4.2里\n2.复习以前学习的知识，看面试题','2018-05-03','',96,48),(1529,'1.复习以前学的知识，看面试题\n2.考查毕业设计方案\n3.看了移动电站的资料，写综述','2018-05-03','',96,48),(1530,'1:Python的相关语法，用法的学习和代码的编写。\n2：线性回归算法的学习，并用Python实现','2018-05-03','',128,60),(1531,'1：微信小程序企业号的申请和相关资料的收集和填写\n2：决策树算法的学习，并且用Python对算法进行了实现','2018-05-03','',128,60),(1532,'1：对微信小程序企业号进行支付认证，和相关凭证的获取和验证\n2：bayes分类器和SVM的学习和代码的实现。','2018-05-03','',128,60),(1533,'1：解决微信小程序支付认证后的后续相关问题的解决\n2：初步对自然语言处理相关知识的学习','2018-05-03','',128,60),(1534,'完成服务端权限验证框架的调试','2018-05-04','',94,47),(1535,'组织进行项目前后端的调试','2018-05-04','',94,47),(1536,'进行项目主体数据业务的调试','2018-05-04','',94,47),(1537,'进行项目主体数据业务的调试','2018-05-04','',94,47),(1538,'做了基于epi的深度估计实验，尝试了batchsize为32 64的效果无明显提升，接下来尝试新的网络。','2018-05-05','报销，取快递。',129,70),(1539,'基于epi的深度估计，用了麟开的网络结构，实验结果效果良好，他采用了磁化层，降低了参数量，效果提升了。','2018-05-05','版面费报销。',129,70),(1540,'emq服务器实现简单收发\n后端框架基本完成，明晰权限管理','2018-05-07','',98,41),(1541,'1.看毛笔字相关的两篇论文，做ppt并总结；2.给戴老师找科技部文件、整理文件、寄拿快递等；3.帮忙整理调账表；4.打印胶装文件。','2018-05-07','',124,64),(1542,'修改被拒的论文，查找语法错误','2018-05-07','',91,43),(1543,'1.帮助写和翻译论文mqtt部分\n2.研究中间件可执行方案和做百万级连接测试','2018-05-09','',95,40),(1544,'1.修改论文 2.帮助本科生完成毕设 3.讨论新算法','2018-05-14','',91,43),(1545,'1.学习JavaScript DOM编程艺术。2.带师弟和师妹，拍审计凭证。3.准备六级。','2018-05-14','',99,45),(1546,'1.学习移动电站的知识，写综述\n2.去金华出差','2018-05-14','',96,48),(1547,'1.去金华出差，考察项目\n2.做毕设，考察zigbee模块和开发板的硬件连接和通信方式','2018-05-14','',96,48),(1548,'1.论文的相关数据集整理爬虫爬取，对数据集进行处理；2.看毛笔字区分相关方面的文章；3.给戴老师找文件、打印胶装文件；4.帮戴老师买座椅、配件等。','2018-05-16','',124,64),(1549,'1.修改论文 2.讨论DCT特性，观察上下变化像素矩阵，左右变化，对角线 3.与本科生讨论毕设实验部分','2018-05-21','',91,43),(1550,'1.跟仇老师讨论论文，仇老师觉得对比方法太老，又开始了一波论文查找，找合适的方法实现。2.刷完了DOM编程艺术一书。','2018-05-22','',99,45),(1551,'1.对数据集进行预处理，边学pytorch边写模型跑实验；2.给戴老师找文件、打印胶装文件；3.帮吴老师交材料。','2018-05-25','',124,64),(1552,'1.毛笔字体分类写数据训练模型，跑数据，看相关论文；2.给戴老师打印文件等。','2018-05-28','',124,64),(1553,'1.和师妹讨论相应的分割代码，以及修改得到当前CU的最优模式代码 2.和本科生讨论render的具体内容和实验操作细节','2018-05-28','',91,43),(1554,'1.学习influxDB,telegraf\n2.研究kapacitor流式计算','2018-05-29','',95,40),(1555,'1、项目：本周讨论了我们实验的初步方案的结果，分segment来表示语音特征，然后用DNN-ELM模型来训练，得到的结果并不是很好，下一步考虑将CNN加换DNN模型。师姐买了几本NLP以及TensorFlow的书和视频，让我们巩固基础，视频和书结合着看。2、论文：想从深度学习着手，所以看了深度学习相关的论文，AVEV2017也有两篇论文用深度学习，着重看了这两篇论文。3、服务：1）帮戴老师拿报纸信件，帮张老师，吴老师寄收快递，以及各种实验室快递任务。2）维护实验室日常卫生及饮用水问题。3)帮张老师完成教学小任务。','2018-05-30','5月第一周',119,63),(1556,'1、项目：本周讨论了2次，本周用最基本的CNN实现看提取语音特征的结果，结果也是不好，对多少帧表示一个segment的语音特征进行了讨论。可能我们的数据集分布不平衡有关，所以下一步考虑将语音特征根据问题的正负中性分为3类，分别输入到三个模型中来融合三部分的特征结果。2、论文：看了几篇LSTM以及RNN应用到语音识别，情感识别领域的论文，因为语音时间序列之类的数据目前最好的表示用LSTM，所以看一看有没有能应用到我们方向上。3、服务：1）帮戴老师拿报纸信件，帮张老师，吴老师寄收快递，以及各种实验室快递任务。2）维护实验室日常卫生及饮用水问题。3)帮张老师完成教学小任务。','2018-05-30','5月第二周',119,63),(1557,'1、项目：本周讨论了3次，无意间找到了AVEC2018的挑战，发现有一个子挑战是我们领域相关的，所以申请邮件，报名参加了这个挑战，拿到了数据，下载了数据，看了实现baseline的论文。另外一方面，对问题进行了讨论，分为正中负三类，来提取语音特征。2）论文：看了1篇基线论文以及AVEC2018相关领域研究的论文。这个子挑战是躁郁症相关的，所以和我们抑郁症相关有很大区别，提供的数据也有不同。3、服务：1）帮戴老师拿报纸信件，帮张老师，吴老师寄收快递，以及各种实验室快递任务。2）维护实验室日常卫生及饮用水问题。3)帮张老师完成教学小任务。4）杭电基金已经立项，本周完成了一个项目立项确认书','2018-05-30','5月第三周',119,63),(1560,'1. 编译了一个基于内核版本2.6.22的触摸屏驱动，并移植到3.4.2内核上，使用ts_lib测试通过。\n2. 连接、测试2440和zigbee模块的串口通信\n3. 继续申请试用版本的tasking软件','2018-06-01','',96,48),(1561,'1.测试2个zigbee模块组网和无线传输质量检测 2.搭建S5PV210开发环境','2018-06-01','帮忙拍照财务凭证',96,48),(1562,'1.帮仇老师改了两篇在职专硕毕业论文。2.准备六级。','2018-06-04','',99,45),(1563,'学习利用android studio开发一个简易视频播放器，实现播放，暂停，停止，进度条跟踪，音量调节，视频旋转。','2018-06-04','',127,69),(1564,'将语音问题根据对话记录，分成正，中，负三类数据，，再从covarep中提取出对应回答者的语音片段。','2018-06-04','',127,69),(1565,'利用Qunee重绘json，实现同级主机不能相连，同级主机位于同一水平轴。学习view框架。','2018-06-04','',127,69),(1566,'《Impact of Radio Irregularity on Wireless Sensor Networks》\n本文研究了无线不规则性对无线传感器网络通信性能的影响。无线电不规则是一种常见的现象，它是由多个因素引起的，如射频发送功率的变化和不同传播方向的路径损耗。接收信号强度的方差在很大程度上是随机的，然而，它表现出随方向的增量变化的连续变化。从MICA2平台获得的经验数据，作者建立了无线电模型进行仿真，称为无线电不规则模型（RIM）。利用这个模型，作者分析了无线电不规则性对一些众所周知的MAC和路由协议的影响。作者还提出了六种解决无线电不规则的方法','2018-06-04','',127,69),(1567,'1、项目：本周讨论了2次，本周语音数据已经分为三类，并提取好特征，接下来按每一类来预测，用DCNN模型来训练，最后三类得到的结果，用模型融合起来来预测最终的抑郁症分类结果。2、论文：avec2018的挑战和我们之前做的还是有很大区别，师姐让我们继续做抑郁症方向吧，本周细看AVEC2017的两篇用DCNN来做的论文，并用这个模型来对我们分好的数据进行训练预测。3、服务：1）帮戴老师拿报纸信件，帮张老师，吴老师寄收快递，以及各种实验室快递任务。2）维护实验室日常卫生及饮用水问题。3)帮张老师完成教学任务。','2018-06-04','5月第四周',119,63),(1568,'开始实现论文中的方法，从EoP入手，着重在将稀疏系数套用在EoP公式中。日常报销，低剂量项目审计专项支出填写。','2018-06-04','',120,61),(1569,'继续完成代码部分。实验室财务处理，采购清单填写，低剂量项目凭证拍照。','2018-06-04','',120,61),(1570,'软件工程课后作业（看论文＋做ppt），报销财务。','2018-06-04','',120,61),(1571,'结合论文开始实现EoP of binocularity 部分代码。项目审计凭证补拍，处理财务。','2018-06-04','',120,61),(1572,'1.微信支付认证完成，申请微信支付，并填写相关信息。\n2.学习文本分词和词性标注的相关代码的练习','2018-06-05','',128,60),(1573,'1.学习nltk,并对其中各个语料库的相关操作的学习\n2.监考大学生物理考试\n3.学习CHI特征选择','2018-06-05','',128,60),(1574,'1.对基于自然语言处理的主观题自动评分系统论文的学习\n2.对该论文进行初步的代码验证和相关系数的调整','2018-06-05','',128,60),(1575,'1.学习TF-IDF特征选择和特征值权重的计算和实现\n2.对基于贝叶斯的文本分类进行代码的实现和参数的调整','2018-06-05','',128,60),(1576,'1.查找焊锡机相关资料。\n2.天池fashionai复赛，获得第七名。','2018-06-05','',121,66),(1577,'1.继续写毛笔字项目的实验，跑数据训练模型；2.学习卷积神经网络手册；3.打印胶装材料文件；4.帮忙整理部分申请书材料内容。','2018-06-06','',124,64),(1578,'1.帮吴老师测试kapacitor多任务的表现\n2.改写门锁中间件代码','2018-06-06','',95,40),(1579,'1：画地铁连接件测试和转换模块\n2：画地铁连接件中转模块\n3：和施江伟调模块\n4：新昌出差\n5：写流水线申报书\n6：测试实验室Xilinx ML605板子上的网口','2018-06-06','',97,46),(1580,'1.实验室津贴报销，财务调账。看项目代码，修改。\n2.看论文，帮曾老师查资料\n3.学习java.','2018-06-07','',125,67),(1581,'第一周：\n1.打扫戴老师办公室卫生 \n2.报销戴老师财务\n3.翻译调度模型与系统结构\n4.跑代码','2018-06-07','',126,68),(1582,'第二周\n1.打扫戴老师办公室卫生\n2.看视频编解码DMM1处理部分代码','2018-06-07','',126,68),(1583,'第三周\n1.打扫戴老师办公室卫生\n2.整理十三五省优势特色项目报告\n3.看DC系数分布相关论文','2018-06-07','',126,68),(1584,'第四周\n1.打扫戴老师办公室卫生\n2.报销戴老师财务\n3.实现将不分割和分割CU的导出的代码\n4.帮严嘉浩师兄画图','2018-06-07','',126,68),(1585,'维持项目进度，帮助本科生解决遇到的问题','2018-06-07','',98,41),(1586,'1:SOA代码的调试，加入数据增强，看看效果。\n2:深度学习论文的查阅和研读。','2018-06-07','1:帮忙监考，取快递。',130,71),(1587,'在原来的深度估计神经网络基础上添加了，google的数据增强，进行了实验，证明数据增强在数据集不足的情况下提升效果不好，下一步我认为可以通过特定挑战的特征检测对特定纹理遮挡进行增强。','2018-06-07','帮周博监考，取快递。',129,70),(1588,'带本科毕设\n写本子','2018-06-07','',106,44),(1589,'1:结构光设备的安装，与操作。达到融合效果。\n2:SOA代码的运行，尝试二个网络融合。\n3:深度学习论文的研读。','2018-06-07','',130,71),(1590,'在深度估计的网络结构上进行了densenet的网络实现，产生了一些噪声，我认为需要调整网络结构进行实验，','2018-06-07','取快递。',129,70),(1591,'1.实验室跑个小腿 2.emq服务器调试，压力测试，连通数据库，可以正常使用。3.服务器的部署','2018-06-07','',123,62),(1592,'1.写了文献综述。2.已将语音分为正中负三类，准备进一步特征提取，依旧用dnn算法跑3.找到了作者的代码，修改上次dnn-elm方法中数据预处理的不足。4.戴老师创新实践课程材料修改。','2018-06-07','',78,4),(1593,'1.查阅三维重建的相关论文，调试训练模型\n2.协助曾老师、吴老师以及史建凯师兄完成项目申报书\n3.协助吴老师调试阿里云通信','2018-06-07','',122,65),(1594,'第一周：前端调试、实现未登录跳转功能、设备属性栏调整等','2018-06-07','',94,47),(1595,'第二周：项目调试、根据甲方需求项目代码修改项目文档、前后端接口文档，编写项目代码。','2018-06-07','',94,47),(1596,'根据甲方的需求，添加项目功能。调试前后端项目代码，编写测试文档。','2018-06-07','',94,47),(1597,'第四周：完善项目功能，调通项目流程。','2018-06-07','',94,47),(1598,'LNG论文，槽车调度算法实现','2018-06-08','',118,59),(1600,'和赵骏师兄一起出差金华星煜； 编写了华为4G模块的驱动代码，去掉STM32上的操作系统部分','2018-06-08','',118,59),(1601,'将32串口部分改为FIFO模式，编写连接器与服务器间的业务代码','2018-06-08','',118,59),(1602,'加入了与中继器通信的功能模块，与服务器联调；修改LNG论文','2018-06-08','',118,59),(1603,'5月:\n1.由于目前有两张titan x显卡，所以尝试将之前的训练代码修改为支持多显卡训练版本，目前还在调试中。\n2. 重点阅读CVPR 2018论文，尤其是MobileNet系列网络，跑源码理解这些网络是如何较少计算量并部署在移动端。\n3. 开始学习pytorch，尝试使用pytorch来做实验，深入了解它与tensorflow的差异。\n4. 指导师弟们上手之前的速度估计课题，尤其是编程能力。','2018-06-08','',117,49),(1604,'1.帮仇老师拿快递，填写学位申请书材料，交材料。2.准备六级。3.学习js闭包，作用域生命周期等知识点。','2018-06-11','',99,45),(1605,'1. 省重点研发项目申报书书写和提交，并让史建凯写了背景、意义、国内外研究现状部分。2. 联合研究中心与湖州共建智慧产业园ppt','2018-06-18','',78,4),(1606,'计算纹理图和深度图合成后的PSNR，填入表格','2018-06-19','',91,43),(1607,'1.在之前代码的基础上改进模型、筛选正确率高的训练结果；2.看基于卷积神经网络用于字体分类方面的帖子文章；3.给戴老师网上买东西；4.给戴老师整理文件材料、胶装打印文件。','2018-06-20','',124,64),(1608,'1.继续改进模型，修改代码跑数据；2.给戴老师网上买物品，帮戴老师拿快递；3.给戴老师整理文件，找材料、打印胶装文件；4.帮吴老师整理一些文件材料格式、帮严师兄整理申请书格式画图。','2018-06-20','',124,64),(1609,'1.帮仇老师拿快递，拿材料等。2.学习react框架。','2018-06-23','',99,45),(1610,'1.准备期末考试；2.给戴老师填报专家库信息、手打一些文件材料；3.给戴老师打印文件、整理文件、胶装材料；4.帮戴老师拿快递等。','2018-06-28','',124,64),(1613,'低剂量项目审计凭证补拍，整理专项支出明细。画图。财务报销。研究图像部分代码。','2018-07-02','',120,61),(1614,'完成课程期末大作业，ppt等。财务处理。','2018-07-02','',120,61),(1617,'继续完成代码，帮曾老师画图，报销财务','2018-07-02','',120,61),(1618,'1、项目：本周讨论了1次，讨论结果打算结合视频特征来预测。2、论文：看了其他利用视频特征做抑郁症识别的文章。学习提取方法和过程。3.服务：1）帮戴老师拿报纸信件，帮张老师，吴老师寄收快递，以及各种实验室快递任务。2）维护实验室日常卫生及饮用水问题。3)协助张老师完成省工程中心申报书（新涛）的申请。','2018-07-02','6月第一周',119,63),(1619,'考试。交专利转让合同。研究代码。','2018-07-02','',120,61),(1620,'1、项目：本周讨论了1次（期末考试阶段大家都很忙开会次数变少了），对视频特征已经拟定提取的方案，下周准备实现提取视频特征。2、论文：看了一篇2018年用DCNN来做抑郁症识别的文章，学习最新论文的创新点和实现过程。3.服务：1）帮戴老师拿报纸信件，帮张老师，吴老师寄收快递，以及各种实验室快递任务。2）维护实验室日常卫生及饮用水问题。3)帮戴老师国合基地简介翻译成英文。帮张老师完成小任务','2018-07-02','6月第二周',119,63),(1621,'1、项目：本周讨论了1次（期末考试周），拟定了我们整个实验的方案。2、论文：简写了我们实验的实现方案。3.服务：1）帮戴老师拿报纸信件，帮各位老师寄收快递，以及各种实验室快递任务。2）维护实验室日常卫生及饮用水问题。3)参加上海交大脑机交流会议','2018-07-02','6月第三周',119,63),(1623,'主要工作：1.本周都在帮戴老师和曾老师完成国家重点研发计划项目（曾老师的疲劳驾驶课题）申报书的申报工作。2.帮戴老师完成省外项目申请的网络专家评审工作。\n第二周参加了数模校赛，获得校三等奖。','2018-07-02','6月第四周',119,63),(1624,'1.改进实验模型，跑数据；2.看相关论文；3.帮曾老师打印胶装申请书材料，交材料；4.给戴老师网上买地图、地球仪，重新整理调整打印室、杂物间所有物品，整理戴老师办公室；5.完成戴老师安排的任务，处理杂物，帮打印文件等；6.给戴老师拿快递。','2018-07-02','',124,64),(1626,'1：写曾博申报书国内外研究现状\n2：写ML605以太网代码\n3：帮戴老师审核广西国基金\n4：联系钱晨和杨思学（钱晨先看单片机，杨思学有点基础看一下移远模块和MQTT）\n5：戴老师民转军项目（基本内容就是上次浙大的那篇FPGA论文，ADC是一样的）\n6：湖州取快递','2018-07-02','',97,46),(1627,'1.调试4个zigbee组网，并让zigbee设备节点入网时，上报设备ID。\n2.制定zigbee设备与协调器的通信的数据协议。','2018-07-02','打印机的电脑很卡，师姐让我重装系统',96,48),(1628,'1.调试zigbee设备节点向协调器上报温湿度传感器数据。\n2.在协调器上发送串口指令控制zigbee设备节点上的灯打开和关闭。','2018-07-02','打印机不能用了，解决',96,48),(1629,'1.在2440开发板上发送串口指令，通过协调器，下发给zigbee设备节点，控制设备节点上灯打开和关闭。\n2. 发现了一个跨平台的问题，linux和单片机平台对回车的定义不同，linux平台下，回车是\"\\n\"，而单片机平台和windows平台回车是\"\\r\\n\"，导致我在发送串口指令时，由开发板发送的串口指令结尾的\"\\n\"，在zigbee上接收到时，会自动加上\"\\r\"，所以在发送对应16进制数据时，发送0x0A（“\\n”），会在zigbee上接收到0x0A(\"\\n\")和0x0D(\"\\r\")，由此会导致控制指令下后，对设备节点上的设备控制失败。通过设置开发板上的串口，屏蔽自动添加0x0D，解决了该问题。','2018-07-02','打印机又不能用了，电脑里的文档可以打印，U盘里的打印不了，怀疑是usb-hub插的设备太多，供电不足，把打印机口插到电脑后面板，解决。',96,48),(1630,'替仇老师取快递，对语音数据重采样','2018-07-02','',127,69),(1631,'帮仇老师取快递。对语音数据按窗口大小和帧移来分帧。','2018-07-02','',127,69),(1632,'帮仇老师取快递，驾照消分。','2018-07-02','',127,69),(1633,'1.由于暂时没有那么多传感器，、我在每个zigbee设备节点上，用随机数造了假数据，测试多个设备节点同时向协调器上报数据，在一定距离内，检查协调器上接收到的数据并没有数据丢包的问题发生，也没有数据错乱的问题。\n2.制定了设备节点入网的方案，应该是默认不能连接，只有在协调器同意入网时，设备节点才能入网，具体的实现方式还没想到。','2018-07-02','打印机电脑又不能打印了，(꒦_꒦)，重新插拔打印机线，又可以用了。',96,48),(1634,'构建DCNN神经网络模型。','2018-07-02','',127,69),(1635,'编写多协议中间件的连入的代码','2018-07-02','',95,40),(1636,'第一周：\n1.打扫戴老师办公室卫生 \n2.报销戴老师财务\n3.看3D-HEVC中CU分割相关论文','2018-07-02','',126,68),(1637,'第二周\n1.打扫戴老师办公室卫生\n2.跑原版算法代码','2018-07-02','',126,68),(1638,'第三周\n1.打扫戴老师办公室卫生\n2.报销戴老师财务','2018-07-02','',126,68),(1639,'第四周\n1.打扫戴老师办公室卫生\n2.统计原版算法数据','2018-07-02','',126,68),(1640,'学习java.python.深度学习.看论文','2018-07-02','',125,67),(1641,'湖州智慧产业园ppt；政府间港澳台重点专项网上填报和画图。','2018-07-02','',78,4),(1642,'实验室津贴报销，跑财务','2018-07-02','',125,67),(1643,'对论文 改进的基于知网的语义相似度计算 学习，并对其中涉及的算法进行学习和实现。','2018-07-02','',128,60),(1644,'1.学习thinkjs框架，并将其运用到微信小程序服务器的构建中。\n2.完善小程序端的功能。','2018-07-02','',128,60),(1645,'1.学习论文  towards evaluating narrative quality in student\n2.对论文 主观题自动评分模型研究与验证 学习，并初步实现论文中的算法。','2018-07-02','',128,60),(1646,'1，学习vue框架\n2，研读微信小程序管理员端的代码，并结合vuw框架的知识对其进行修改。','2018-07-02','',128,60),(1647,'6月:\n1. 跟进cvpr2018的论文，着重阅读深度估计、三维重建方面的文章。\n2. 学习数据增强方面的技术。\n3. 刷c++题，为秋招做准备。\n4. 讨论论文并指导恩慈、兴明，帮助尽快上手之前的研究内容。','2018-07-02','',117,49),(1648,'1.三维重建相关论文阅读，模型复现与训练\n2.准备期末考试\n3.数学建模比赛','2018-07-03','',122,65),(1649,'1:去南京完成数据采集。\n2:参加创新实践活动大赛。\n3:查阅深度学习光场估计方面论文。','2018-07-03','1:取快递',130,71),(1650,'1:写参加比赛的文档，查阅相关资料。\n2:完成项目方面的安排。','2018-07-03','1:报销财务',130,71),(1651,'ct分割修改后的结果好了一点点，但还没有显著到可以出文章','2018-07-03','',106,44),(1652,'第一周：修改连线的样式选择方式，由输入式变为了下拉选择。第二周：增加新的线段样式，设计了对应的数据库映射。6月19号开始实习。','2018-07-03','',94,47),(1653,'1.参加项目会议\n2.搜查一些项目相关论文','2018-07-03','',98,41),(1654,'六月份主要是看一下cvpr今年关于分割和检测方面的论文，对其中的两篇关于目标检测的论文进行了实践。。','2018-07-04','',121,66),(1655,'这周完成了研究生移动端比赛，书写了文档自己tcp ip的通讯部分。','2018-07-04','报销，取快递。',129,70),(1656,'做了光流光场深度估计的实验。改变了输出的值的大小，提高了准确度，下一步我们准备从数据增强部分，做对抗生成网络。','2018-07-04','报销，取快递。',129,70),(1657,'1.实验室跑个小腿 2.连接器web整体调试，重写接收端3.期末考，小作业……','2018-07-05','',123,62),(1660,'前两周主要准备期末考试，期间阅读了一篇关于elman网络在发动机故障预测中的应用的论文。文章使用的elman网络比较老，也没提供具体实现。。\n调试bblock板子，之前一直用485转串口连接的，网线一直连不通，和戴同学沟通之后解决，可以正常开发。测试过阿里云的mqtt demo，目前进度为正在调试can驱动。','2018-07-05','',118,59),(1661,'1.做毛笔字体分类实验，跑数据模型；2.看Pytorch框架入门与实践书；3.帮打印材料；4.给戴老师整理办公室；5.给戴老师网上买东西、拿快递等。','2018-07-12','',124,64),(1662,'1.改进实验模型，修改数据集预处理效果；2.看pytorch框架相关书籍；3.看汉子分类相关论文；4.帮戴老师打印、整理文件；5.帮张老师、曾老师打印整理申请书材料；6.帮吴老师送交材料；7.给戴老师修行李箱，整理办公室。','2018-07-17','',124,64),(1663,'1.看CNN图像分类的相关论文，修改自己的实验模型跑数据，看PyTorch框架实践的两本书；2.帮助整理潜艇仿真项目申请的材料；3.整理顺带装饰戴老师办公室；4.给戴老师整理、打印材料等。','2018-07-26','',124,64),(1664,'1.论文大致搭了一个目录框架，实验还在对数据集进行处理、寻找准确率最高的模型；2.看CNN框架相关论文，和pytorch框架实践书籍；3.帮忙整理潜艇仿真项目的文件材料、盖章、打印等事宜，最后和吴老师一起把材料送到省科工办；4.给戴老师整理文件、打印胶装文件等。','2018-07-30','',124,64),(1665,'1.实验室津贴报销\n2.实验进度：\n出于时间考虑，目前用的模型是resnet152网络层在跑数据，用其他更高级的网络，准确率应该会有提升，但是我们自己提出的优化方案，提升的效果明显不明显还不一定。我们主要的优化体现在预处理上，其中有两个具有特色的地方:1.采用了yolo和faster-rcnn对图片进行物体检测操作，能对图片中人或者服饰进行定位，得到参数loc坐标。2.对图片进行预处理，比如h>w的窄高图片，采用h*h大小填充，大于原图的部分需要左右填充，填充部分根据不同的任务进行填充方案，例如袖子长度分类，如果loc框边缘定位在袖口以内，我们在采用截图的最边缘进行填充，短袖的袖口被重复填充，会有被误判成长袖的可能，因此会采用白色填充。不同的分类任务采取不同的填充方案。同样，h<w的宽图片根据任务不同采取不同的处理上下填充成w*w。\n手头两个优化手段1(填充)，2（loc），针对不同的分类任务，分别跑原图（不做处理），loc+填充，填充，此三种输入数据来比较我们提出的优化方案。\n我们把裙子长度，裤子长度，衣服长度归为下身分类任务，脖子领口款式长度归为上身分类任务，袖口长度归为侧边分类任务。\n目前我跑了skirt_lenth分类，loc+填充比原图准确率高了3%左右，准确率能达到76。只做填充的图，准确率不如loc+填充，但是也比原图准确率好。\n袖子长度分类的loc+填充效果不如只做填充，分析可能是由于loc定位直接将袖口从中截断，再填充就导致袖口长度发生人为处理而引起错误，采取合适的方案，准确率较原图还是有提升，但是不如skirt明显。\n也跑过上身分类任务，优化过是有提升但是还没仔细研究。\n我个人的初步想法是，对于各个分类任务都跑出原图数据，和优化处理后的数据，来比较说明我们这个优化方案是有效果的，作为创新点，并针对不同的方案说明我们优化的道理，选用loc+填充还是填充，使分类准确率最高的理由。','2018-07-31','',125,67),(1666,'1、项目：本周开会讨论了多次，分析我们方法结果的原因。我们方法：按句级表示正中负，实现了PHQ-8值的24分类，模型是自己构建的DCNN，特征用基础的语音特征提取，实验结果分类准确率只有20-30%。2、论文：找了最新2018年6月发表的情感识别的文章，根据我们的分析，尝试用不同的特征来做语音识别比如：频谱图。详细看了这篇文章的内容和方法。3.服务：1）帮戴老师拿报纸信件，帮张老师，吴老师寄收快递，以及各种实验室快递任务。2）维护实验室日常卫生及饮用水问题。3)帮戴老师和曾老师的申报书完成小任务。','2018-08-02','7月第一周',119,63),(1667,'1、项目：本周根据刚看的最新论文尝试用最新论文的方法和思想来实现抑郁症分类，我们找了提取频谱图的方法和论文，本周实现了频谱图的提取，作为特征输入到预训练好的DCNN模型中，实现24分类，结果依旧只有20-30%。分析问题，是不是我们代码解决的有问题，重新仔细看了新的论文。2）论文：仔细看了新的论文的思路，以及金字塔匹配算法的原理和实现。3.服务：1）帮戴老师拿报纸信件，帮张老师，吴老师寄收快递，以及各种实验室快递任务。2）维护实验室日常卫生及饮用水问题。3)帮戴老师和曾老师的申报书完成任务。','2018-08-02','7月第二周',119,63),(1668,'1、项目：功夫不负有心人，找到了2018最新论文的代码。花了一周的时间一起学习和讨论。初步实现了从mel-spectrum提取到标签自动生成，预训练的过程，以及金字塔匹配的实现过程。并用情感的数据库来实现，基本复现了论文中的准确率，这对我们之后做的我们自己的抑郁症数据库有很大鼓舞，准确率到达80%多2）论文：看18的情感的论文和代码的对应，读懂代码。3.服务：1）帮戴老师拿报纸信件，帮张老师，吴老师寄收快递，以及各种实验室快递任务。2）维护实验室日常卫生及饮用水问题。3)帮戴老师和曾老师的申报书完成任务。','2018-08-02','7月第三周',119,63),(1669,'1、项目：本周我们就实现了我们自己抑郁症数据库，通过频谱图，预训练的DCNN，金字塔匹配，到SVM的分类整个过程。在实验室服务器上跑了20小时，结果却大失所望，只有50%左右，做的是2分类。我们分析原因，和张老师，戴老师张老师等多次讨论了我们现在目前的状况。2）论文：根据分析的原因，我们重新去看了其他作者对数据的处理以及标签的处理的文章。3.服务：1）帮戴老师拿报纸信件，帮张老师，吴老师寄收快递，以及各种实验室快递任务。2）维护实验室日常卫生及饮用水问题。3)帮戴老师和张老师的申报书完成任务。','2018-08-02','7月第四周',119,63),(1670,'1.对人工智能在教育领域的应用相关文献和论文的查找和阅读。\n2.微信小程序商城的开发。','2018-08-02','',128,60),(1671,'1.微信小程序商城在服务器部署和测试','2018-08-02','',128,60),(1672,'1.关于主观题自动评分系统相关论文的研究\n2.对基于人工智能的自动生成试题的相关方向的研究','2018-08-02','',128,60),(1673,'1.对火车传感器项目微信小程序端的开发。\n2.微信小程序商城的开发','2018-08-02','',128,60),(1674,'调整alexnet预训练模型，用柏林语音情感数据库进行测试，结果与论文中所描述的基本一致。用python提取语音的频谱特征。','2018-08-04','',127,69),(1675,'帮曾老师搜集抑郁症平台的信息\n\n胡斌，刘振宇关于抑郁症处理平台的设计-----2017\nhttp://www.jigao616.com/zhuanlijieshao_15475661.aspx\n\n国外的几家公司用手机app来采集数据做抑郁症识别\nhttps://www.techemergence.com/diagnosing-and-treating-depression-with-ai-ml/','2018-08-04','',127,69),(1676,'筛选特定问题的回答者情况，根据回答的正面与负面以及一般情况，构造特征为1，-1，0，再放入svm中进行训练，测试，这样可以筛选出对判断抑郁症有帮助的相应问题和回答','2018-08-04','',127,69),(1677,'《Speech Emotion Recognition Using Deep Convolutional Neural Network and Discriminant\nTemporal Pyramid Matching》\n文章描述了提取语音频谱图特征，再经过alexnet神经网络训练，再将神经网络的输出特征通过他们的dtmp算法进一步处理后，最后放入svm中进行分类。','2018-08-04','',127,69),(1678,'工大Linux板子，调通MQTT但是CAN口调不通，到工大那边调整过设备树后依然不通；\n通过修改ZBOX代码实现了连接器演示系统功能，添加了24小时重启机制，目前正常运行，服务器地址修改为林夕新部署的服务器；\n6月份IEEE有个PHM会议发了5篇新文章，感觉这些文章重点还是在一个传统方法的实际应用上。有一篇用SVM方法的文章提供了数据集，打算尝试实现一下。','2018-08-06','',118,59),(1679,'第一周:\n1、报销戴老师财务\n2、打扫戴老师办公室卫生\n3、将Dct矩阵右下角3个0加入判断提前分割条件中','2018-08-08','',126,68),(1680,'第二周:\n1、打扫戴老师办公室卫生\n2、统计尺寸为16的CU块是否分割情况、相应的像素方差分布，并加入到提前结束分割的判断条件中','2018-08-08','',126,68),(1681,'1.继续看毛笔字相关论文，边看别人的论文边构建自己的论文框架，看pytorch框架实践书籍，改进自己的实验模型、数据集；2.帮忙写后勤项目申报书的一段内容；3.给吴老师、戴老师整理文件；4.去打印店打印胶装文件。','2018-08-08','',124,64),(1682,'第三周:\n1、打扫戴老师办公室卫生\n2、跑HM13.0原版数据，整理数据填表格\n3、帮杨仁彬师兄跑实验数据，并填表格','2018-08-08','',126,68),(1683,'第四周:\n1、打扫戴老师办公室卫生\n2、将64、32、16尺寸的CU块平均划分为4份，将全部为0的DCT块的情况加入到提前分割条件中\n3、看了一篇DCT加快纹理图分割的论文','2018-08-08','论文表明DCT矩阵的第一行和第一列，除了AC系数，其余系数的绝对值之和越小，图像越平坦',126,68),(1685,'1.三维模型网络训练，查阅相关论文资料；\n2.协助戴老师查找毫米波雷达相关资料，协助曾老师填写弹匣和潜艇的申报书相关内容。','2018-08-08','',122,65),(1686,'继续完成论文代码实现，处理财务','2018-08-08','',120,61),(1687,'处理财务，招标书附件扫描整理，论文代码实现','2018-08-08','',120,61),(1688,'论文算法基本付现，进行最后的参数调整，验证结果。处理财务。曾老师项目书框图美化。','2018-08-08','',120,61),(1689,'处理财务。论文基本付现，开始寻找创新点。','2018-08-08','',120,61),(1690,'1:调试代码，优化参数。\n2:核对生成的数据，发现错误，并解决。','2018-08-09','1:取快递',130,71),(1691,'1:看相关论文，下载数据。\n2:完成相关项目的整合，优化代码。','2018-08-09','',130,71),(1692,'去浙工大出了一趟差','2018-08-09','',96,48),(1693,'1.学习java基础知识\n2.学习java spring boot框架','2018-08-09','',96,48),(1694,'1.学习java基础知识\n2.学习java sping boot框架\n3. 补算法知识','2018-08-09','',96,48),(1695,'1.学习java基础知识\n2.学习java sping boot框架\n3. 补算法知识','2018-08-09','',96,48),(1696,'1.继续修改实验模型、加深网络深度、针对效果不好的两类字体修改预处理方法；2.看毛笔字体相关论文、看pytorch实践书籍；3.帮忙给戴老师办理出国申请材料；4.打印店打印胶装材料；5.给戴老师找文件材料、打印；6.帮忙做新涛招标项目ppt；7.给吴老师做一个平面设计图。','2018-08-14','',124,64),(1697,'1:完成参加比赛的文档。\n2:制作参加比赛的海报，视频。','2018-08-27','1:回家一个星期。',130,71),(1698,'1:去广州参加研究生创新实践比赛。\n2:双目相机的代码调试。','2018-08-27','1:报销，取快递。',130,71),(1699,'这一周进行了光场深度估计的实验，使用了google inception部分，结果发现略有提升，下一步将尝试使用新的结构。','2018-08-27','报销，取快递。',129,70),(1700,'这一周我写了比赛的文档，以及做了ppt和视频。实验部分我们进行了，新的网络结构的尝试，效果略有提升。','2018-08-27','',129,70),(1701,'1.看pytorch实践书籍和字体分类相关文献，写论文中一些概念性的内容；2.给戴老师办理在职证明、以及其它出国申请材料；3.去行政楼跑章；4.给戴老师打印胶装文件等。','2018-08-28','',124,64),(1702,'8.21回家','2018-08-28','',124,64),(1703,'1.8月8日至8月23日在家；\n2.基于光场相机的三维重建查阅相关资料；\n3.修改当前的MVSNET网络模型，可能的创新点在2D到3D的逆投影过程；\n4.帮戴老师查找关于中国通航的相关信息以及龙湖航校的信息，做ppt。','2018-08-28','',122,65),(1704,'2018-7-1至2018-7-8\n1：参加严嘉浩学长的自动驾驶项目\n2：系统学习Linux的基本操作，文件管理等（项目主要在Linux系统上完成）','2018-08-28','',131,77),(1706,'2018-7-9至2018-7-15\n1：学习shell脚本语言\n2：学完ROS系统入门教程练习','2018-08-28','',131,77),(1707,'2018-7-16至2018-7-22\n1:比较系统地学习了python语言（ROS系统主要使用python语言和c语言编写程序）\n2：研读国外一个相似自动驾驶项目的工程代码','2018-08-28','',131,77),(1708,'看论文，寻找创新点，偶尔帮老师处理财务','2018-08-28','',120,61),(1709,'2018-7-23至2018-7-29\n1：调试游戏手柄连接至ROS系统的部分，完成手柄信号的编码的读取的功能\n2：粗略了解SLAM技术','2018-08-28','',131,77),(1710,'2018-7-30至2018-8-5\n1：比较详细的学习A*规划算法\n2：理解ROS中导航模块的各个参数的配置和意义','2018-08-28','',131,77),(1711,'2018-8-6至2018-8-12\n1：粗略了解激光雷达硬件的驱动以及如何应用\n2：抽空时间在系统的学习JAVA的相关知识','2018-08-28','',131,77),(1713,'找论文看，找代码，理解算法。偶尔做点小财务。','2018-08-28','',120,61),(1714,'2018年7月上旬 在家学习了MQTT的协议规则，然后进行实践测试，通过中移物联的麒麟座迷你开发板实现了Onenet平台下的MQTT测试，通过合宙电子的Air202通信模块实现了阿里云物联网套件的MQTT测试。7月下旬在学校拿到了MC20的开发板，学习了MC20的OPENCPU的基本结构和思想，实现了TCP长连接测试。','2018-08-28','',138,81),(1715,'2018年8月，实现了MC20基于OPENCPU的MQTT通信，拿到智能锁的板子以后，学习板子的原理图并实现了通过MQTT推送消息进而控制车锁开闭的功能，同时实现了当车锁闭合时向服务器推送消息的功能，但是系统仍有不稳定之处，仍然处于调试过程中。其余时间正在学习STM32下的CAN总线通信的相关理论知识。','2018-08-28','',138,81),(1716,'2018-8-13至2018-8-28\n回家\n学习JAVA语言相关语法，技术','2018-08-28','',131,77),(1717,'7.7-8.1\n学习angular前端教程以及javascript方面的知识参与智能连接器项目\n对列车信息和用户信息模块进行表单验证验证邮箱，联系方式，命名方式等\n对列车信息增加ime号变量信息\n对城市和区进行关联','2018-08-28','',137,82),(1718,'2018.8.2-2018.8.31\n放假回家','2018-08-28','',137,82),(1719,'7月 1.参与连接器项目前端编写与改bug2.自学深度学习课程，看李宏毅深度学习课程','2018-08-28','',136,90),(1721,'8月1.参与连接器项目前端编写与改bug2.自学深度学习框架pytorch 3.参与掌纹识别病症项目','2018-08-28','1.北京出差一次  2.翻译邀请函',136,90),(1722,'1号到15号在家，帮吴老师写了个小程序说明，看论文，回学校跑代码，跑财务','2018-08-28','',125,67),(1723,'1.微信商城项目域名备案申请和资料提交\n2.考察定制化教育运用到的相关技术','2018-08-29','',128,60),(1724,'研读了和语句相似度计算相关方向的论文','2018-08-29','',128,60),(1725,'1.继续研读ai+教育相关领域的论文\n2.修改微信商城项目的代码','2018-08-29','',128,60),(1726,'1.将微信商城项目部署到新的服务器上，并绑定域名\n2.帮实验室搬东西，实验室灯坏了，找报修的师傅来修。','2018-08-29','',128,60),(1727,'语音频谱图用深度学习框架进行训练，效果不理想。','2018-08-30','1 弹匣制造流水线项目答辩ppt，2 安全驾驶预警仿真项目答辩ppt，3 湖州智慧产业园ppt，4 其余项目帮忙。',78,4),(1728,'构造新特征，通过svm筛选影响phq值的主要问题及回答，提取相关语音段的特征，放入预训练模型中进行训练。','2018-08-30','',127,69),(1729,'回家休息。','2018-08-30','',127,69),(1730,'调整神经网络参数，利用matlab对预测值和真实值计算rmse。','2018-08-30','',127,69),(1731,'与蔡叶胜师兄解决信息化配电系统中属性的下拉选择与适配，通过git来共享管理程序代码。','2018-08-30','',127,69),(1732,'1、项目：本周主要是分析我们实验结果不好的原因，和戴老师曾老师多次交流讨论，建议我们自己建立数据库，结合脑电和语音来做抑郁症识别。帮曾老师写了一份语音数据采集以及脑电数据采集的实验范式。2）论文：根据分析的原因，找其他论文对这数据处理方面的处理和优化。3.服务：1）帮戴老师拿报纸信件，帮张老师，吴老师寄收快递，以及各种实验室快递任务。2）维护实验室日常卫生及饮用水问题。','2018-08-31','8月第一周',119,63),(1733,'1、回家修整2周，在家调养身体。同时看一些相关论文以及论文的写作技巧方法','2018-08-31','8月第二周',119,63),(1734,'回家修整2周，在家调养身体。同时看一些相关论文以及论文的写作技巧方法','2018-08-31','8月第三周',119,63),(1736,'讨论蜜宝的用户数据，对数据进行了简单的标注，主要信息集中在风险明细里；\n修改车载版协议，将原先的协议简化为车与服务器，包括日常上报、警报、回复服务器指令；\n16~28号回家；\n工大新的板子CAN和4G功能测试通过，与服务器通信成功，传感器网络待接入。','2018-09-03','',118,59),(1737,'暑假主要是继续研究三维分割的内容，其中遇到了一些困难，主要是训练结果不稳定，修改的几个模型没有明显提升(根据别人论文修改的也是一样)。对数据处理流程进行了改进，提交后结果分数86，排16名。接下来将继续尝试模型，损失函数，训练参数方面的修改。','2018-09-03','',121,66),(1738,'七月份：\n1 看Andrew Ng机器学习视频\n2 看《统计学习方法》','2018-09-05','',134,83),(1741,'7.8月份预计实现百万连接认证，现在做到了15w，接下来需要优化实现方法','2018-09-12','',150,40),(1742,'8月第一周\n1.打扫戴老师办公室卫生\n2.统计原版算法10帧是否划分情况','2018-09-12','',126,68),(1743,'8月第二周\n1.阅读浙大论文，了解CU分割流行算法，并做PPT','2018-09-12','',126,68),(1744,'8月第三周\n在家里，没做什么事','2018-09-12','',126,68),(1745,'8月第四周\n1.打扫戴老师办公室卫生\n2.帮吴老师盖章、写实验文档\n3.统计杨师兄论文算法是否分割情况','2018-09-12','发现shark序列分割情况非常不明显，不如其他序列效果',126,68),(1746,'1，项目：本周帮助戴老师完成整个ppt制作的任务。鲲鹏-海天一体信息网络的申报。2.论文：看了语音识别抑郁症胡斌团队的最新论文，学习其研究的方向和最新进展。暑假进展:introduce, related work 和方法已经写了，只不过实验结果不理想，之后部分就没写了，正在寻找方法，如果结果理想，初稿应该很快可以完成。3.服务：1）帮戴老师拿报纸信件，帮张老师，吴老师寄收快递，以及各种实验室快递任务。2）维护实验室日常卫生及饮用水问题。','2018-09-12','8月第四周。暑假进展:introduce, related work 和方法，数据库介绍已经写了，只不过实验结果不理想，之后实验结果等部分就没写了，正在寻找方法，如果结果理想，初稿应该很快可以完成。',119,63),(1747,'在老师及学长指导下进行stm32f10系列开发版基础知识的学习及代码编写，了解stm32开发版时钟树，原理图及相关硬件的配置。对树莓派3b进行初上手，了解linux系统及python编程。','2018-09-12','',139,79),(1748,'1：陪同哈工大去德清调研，2：新涛智能生产线申报书（国内外研究现状，装配线描述），3：搭连接件测试环境，4：找1553B数据总线资料，5：修智能锁板子\n6：写军胜测试报告','2018-09-12','',146,46),(1749,'7、8月:\n1. 开始研究人脸识别这方面的课题，主要做人脸检测、活体检测，基于3D结构光、TOF摄像头获取RGBD图像，构建小训练集。\n2. 阅读cvpr18上关于深度图优化的论文，以RGB图和粗糙深度图为输入，训练神经网络输出优化深度图。\n3.重点学习并训练当前在移动、嵌入式端最流行的MobileNet系列模型，学习腾讯ncnn框架，重点研究学习如何把深度模型部署在移动端CPU上，目前还在学习中。\n4. 开始构思大论文，同时辅助研二师弟做光场深度估计实验。\n5. 学习使用c++和opencv封装SDK，从摄像头获取图像后输入到深度模型做预测。','2018-09-12','',144,49),(1750,'暑假任务完成情况：1.研读最近几年计算机视觉会议有关三维重建论文，复现了论文模型； 2.主要问题：当前数据集较少，而且现在的算法都可达到较高的精度，在此基础上再做改进较为困难 3.利用现有的光场研究基础，结合现在一些大型三维模型数据集采集方法，准备自己采集基于光场的数据集，再改进现有的深度网络模型进行三维重建','2018-09-13','',122,65),(1751,'七月份主要修改后端代码，接收端代码，布置新服务器数据库和修改部分前端代码。八月份主要学习数据结构并刷了一点leetcode上的题目，论文方面……看了几遍，还是无从下手','2018-09-13','',123,62),(1752,'7月第一周，学习Java语法，阅读Think Java 2，理解Java基础概念','2018-09-13','',133,85),(1753,'7月第二周，学习Spring boot知识，阅读Spring 实战，并看了Spring boot官网文档，理解Spring及Spring boot基础知识','2018-09-13','',133,85),(1754,'7月第三周，继续学习Java以及Spring boot，阅读《Java编程思想》和Spring boot 官方文档','2018-09-13','',133,85),(1755,'7月第四周，NodeJS基础语法学习，学习《JavaScript权威指南》的基础语法部分，阅读ali-mns库并测试','2018-09-13','',133,85),(1756,'8月第一周，学习Node基础语法，学习InfluxDB并测试部分influx语法。','2018-09-13','',133,85),(1757,'8月第二周，学习influxDB的Node操作','2018-09-13','',133,85),(1758,'8月第三周，influxDB函数与ali-mns函数阅读，尝试结合使用','2018-09-13','',133,85),(1759,'8月第四周，利用Node结合ali-mns和influx库编写测试Demo','2018-09-13','',133,85),(1760,'9月第二周：\n1.帮实验室打扫卫生，整理设备，拖地，保持实验室干净的环境。\n2.做未来半年的规划。\n3.学习深度学习的基础知识，做相应的笔记，在暑假学习的基础上回顾一遍知识打好基础，然后迅速的投入到下阶段的学习之中。','2018-09-13','',140,78),(1761,'18年7月份月报\n7月份完成的工作：\n1.查找图像处理相关的技术栈和学习路线。\n2.看完看云上的《OpenCV-Python中文教程》，同时实现了一遍相关的示例代码，理解主要函数的功能。\n3.学习李宏毅的机器学习视频课程（部分）。\n4.学习分水岭算法对图像进行分割，对目标区域进行标记。改写开源代码用于焊点目标识别。','2018-09-13','',132,86),(1762,'18年8月份月报\n8月份完成的工作：\n1.学习李宏毅的机器学习视频课程（部分）。\n2.在GitHub整理记录平时的学习笔记。\n3.学习《OpenCV+Tensorflow入门人工智能图像处理》中‘机器学习’和‘手写数字识别’的章节，并实现示例代码功能。\n4.学习了解决旅行商问题的规划算法。\n5.拷贝了PCB板AOI图片。','2018-09-13','',132,86),(1763,'八月份： 1 看《深度学习》（ Ian Goodfellow、Yoshua Bengio 和 Aaron Courville编著） 2 看论文，有关AlexNet，VGGNet，GoogLeNet等 3 实现简易的感知机，神经网络，CNN等\n4 和师兄一起进行微信小程序开发','2018-09-21','',134,83),(1764,'九月第一周：\nNode 规范文档 Standard ECMA-262 ECMAScript® 2018 Language Specification  9th edition (June 2018)学习','2018-09-28','',133,85),(1765,'九月第二周：\nInflux index模板代码阅读，熟悉API编写模式','2018-09-28','',133,85),(1766,'九月第三周：\n1. influx查询api任务流程及需求分析\n2. 阅读Influx Query Language(InfluxQL)记录查询要点\n3. 对测试数据特点进行分析','2018-09-28','',133,85),(1767,'九月第四周：\n\ninflux api查询任务\n1. 实现influx查询的demo\n2. 解决出现的逻辑问题\n    issues ：\n    1. 单双引号处理----Influx.escape ✔ \n    2. & |字符替换----Reg+replace ✔\n    3. 数字存在与否的判定----isFinite()  ✔\n    4. 参数是否存在的处理，offset、limit依存问题是否需要处理----设置默认参数  ✔\n    5. 代码压缩 ---- 尽量用双目运算符替代if语句，逻辑整理 ✔\n    6. sql语句注入问题---- 查询sql注入样例中 waiting','2018-09-28','26日科技厅人肉快递文件：来回地铁12元',133,85),(1768,'1.帮周恩慈师兄改代码、做实验，记录、对比实验结果。\n2.看论文：IN、BN, inceptionV1\\V2\\V3\\V4，对比师兄代码学习怎么在实践中运用\n3.帮周老师送档案；接待来参观的高中生以及老师；打扫实验室卫生。','2018-10-01','',140,78),(1769,'9.10-9.16\n1、阅读《基于压缩感知的目标探测与识别》以及《目标探测与识别》等论文书籍，了解到当前目标探测所需要的问题以及主要方法包括提取模型，分类以及精确确定位置，以及当前的主要技术手段，同时明白了压缩感知的目标探测的原理以及优势。\n2、新生入学参加各种会议','2018-10-02','',137,82),(1770,'9.17-9.24\n学习html，css，js等前端相关知识，阅读相关书籍并进行一定的训练实现一些小功能','2018-10-02','服务类：\n1、在学校的采购申请网站对实验室已采购的采购物品填写流程表，上传发票，以及验收单签字\n2、在采购平台为实验室采购物品填写申请单\n3、实验室茶话会活动负责采购食品',137,82),(1771,'9.25-9.30\n学习MQTT协议的相关内容包括了解这是一个什么协议，以及该协议的作用\n学习html，重新熟悉连接器项目。','2018-10-02','家具购置入库：主要是实验室新购置的两张办公椅办理入库手续打印单据。',137,82),(1772,'学习stm32串口通讯及ucosii系统的使用，熟悉串口之间的各种通讯协议，熟悉matlab简单操作，对传感器相关数据进行读取并处理，获取相关信息。积极参与实验室日常活动与相关事务。','2018-10-02','',139,79),(1773,'1:读最新的论文。\n2:修改SOA网络，实现优化参数。\n3:处理二个网络问题。','2018-10-03','1:取快递。\n2:财务报销。',130,71),(1774,'1:做项目，采数据！\n2:看深度学习相关论文。\n3:处理网络融合问题。','2018-10-03','1:取快递。\n2:财务报销。',130,71),(1775,'2018年9月3日-9月9日\n在家中学习CAN总线相关知识，并且进行了相关的实验调试通信效果。','2018-10-05','',138,81),(1776,'2018年9月10日-9月16日\n到学校后师兄帮助分析了智能锁板子存在的硬件问题，将板子返厂修复错误。等待板子的过程中，学习UCOSII\\UCOSIII的理论知识，实现了在stm32f407平台上的系统移植，进行了操作系统信号量，消息传递等一系列功能的实验。','2018-10-05','',138,81),(1777,'2018年9月17日-9月23日\n将智能锁的程序进一步完善，通过开发板完成了MQTT与阿里云套件的连接，并且通过自己的MQTT服务器完成了封包，解包的相关测试。期间完成了师姐要求下载论文的任务。又学习了免费的FreeRTOS操作系统，进行了各种功能的实验。','2018-10-05','',138,81),(1778,'2018年9月24日-9月30日\n收到新的智能锁板子后，板子上还有有部分的问题，与硬件方进行沟通后通过飞线解决了硬件上的部分问题，可以将程序下载至智能锁的板子进行实际演示，硬件仍然等待继续修改。进而与智能锁的软件部分负责者联调，通信成功。','2018-10-05','',138,81),(1779,'9.1-9.30   1.6台刀片机服务器拆卸与安装系统 2.帮助老师完成一份项目申报书中部分表格的填写 3.完成自主车手柄->ROS系统->小车的控制连接 4.粗略了解使用urdf构建小车模型实现在rviz中的可视化 5.粗略了解imu（惯性测量单元）和雷达在ROS系统中的使用 6.看完吴恩达关于机器学习的视频，并完成相关的编程任务 7.在电脑上搭建了CUDA9.0+cudnnv7+tensorflow1.10+Pycharm的深度学习框架 8.开始阅读《TensorFlow实战Google深度学习框架》上手一些tensorflow的应用例子','2018-10-05','',131,77),(1780,'实验室财务，准备论文，查资料，自学java框架springboot .could','2018-10-07','',125,67),(1781,'1.九月份主要是在眼底图像分割和胰腺分割这两个任务上对以往的方案进行实验。2.在3dunet上进行预训练模型、可分离卷积等实验。 3.研究网络中不同正则化方式对网络尤其是处理医学图像时的影响。','2018-10-07','',121,66),(1782,'1，项目：进行每周讨论，讨论结果是想从情感识别的attention机制中找到好的方法。2.论文：看了5-8篇基于attention的语音情感识别的论文，了解基本原理和实现过程。3.服务：1）帮戴老师修改上周完成的鲲鹏海天一体信息网络的申报ppt的完善。帮曾老师完成项目申报。2）组织策划教师节各位老师的礼物，网上购买以及拿快递。3）帮戴老师拿报纸信件，帮张老师，吴老师寄收快递，以及各种实验室快递任务。4）维护实验室日常卫生及饮用水问题。','2018-10-07','9月第一周',119,63),(1783,'1，项目：attention能够解决句级标签和segment标签不一定一致的问题，所以找了基于attention语音情感识别的代码，跑起来，结合论文看实现的整个过程。2.论文：本周继续看了attention相关的5-8篇论文，以及2018最新的语音情感识别的论文。3.服务：1）帮张老师，戴老师完成各种杂活小任务。2）帮戴老师拿报纸信件，帮张老师，吴老师寄收快递，以及各种实验室快递任务。3）维护实验室日常卫生及饮用水问题。','2018-10-07','10月第二周',119,63),(1784,'1，项目：对比几篇论文的代码，尝试修改，想如何应用到我们的整个实现过程中。本周开会讨论了1次。2.论文：本周看了ICASSP语音识别领域的顶会2018最新的论文，和我们方向相关的5-8篇论文。3.服务：1）中秋节加班制作ppt，帮戴老师完成潜艇项目的答辩ppt。2）帮曾老师绘画公式和Visio图。3）帮戴老师拿报纸信件，帮张老师，吴老师寄收快递，以及各种实验室快递任务。4）维护实验室日常卫生及饮用水问题。','2018-10-07','10月第三周',119,63),(1785,'1，项目：本周开会讨论了1次，讨论最新进展，尝试用频谱图+预训练的CNN+RNN+attention来实现语音情感识别。2.论文：本周看了Interspeech语音识别领域的会议2018最新的论文，和我们方向相关的5-8篇论文。3.服务：1）鲲鹏海天一体网络的ppt增加了三方面内容，继续修改ppt。2）帮张老师完成各种小任务。3）帮戴老师拿报纸信件，帮张老师，吴老师寄收快递，以及各种实验室快递任务。4）维护实验室日常卫生及饮用水问题。','2018-10-07','10月第四周',119,63),(1786,'帮仇老师拿快递\n学习springboot。\n调通local attention情感识别代码\n阅读attentuon相关论文。\n信息化配电系统后台管理','2018-10-07','',127,69),(1787,'9.9号回实验室','2018-10-07','',124,64),(1788,'1.对毛笔字数据集进行预处理、寻找好的预处理方法以达到更好的分类效果；2.看图像分类相关的论文、学习不同的预处理技术；3.继续看PyTorch实践这本书、在本周末已看完；4.给戴老师打印文件。','2018-10-07','',124,64),(1789,'1.数据集中有两类字体效果较差、针对这两类字体进行预处理调整；2.看图像分类相关论文，不断更新自己论文框架、写论文里涉及到的基础理论知识；3.负责做潜艇艇员认知效能增强项目答辩所需ppt中的部分内容；4.给戴老师处理打印文件、找文件、订酒店等。','2018-10-07','',124,64),(1790,'1.对较差的两类字体进行数据扩充、对这两类字体成倍训练、但没有明显的效果，试着修改模型中的目标函数、以达到明显的分类效果；2.看神经网络编程书，学习对神经网络模型的调整；3.帮吴老师送报销材料；4.处理戴老师交通事故赔偿事宜；5.将戴老师助教相关工作交接给师妹。','2018-10-07','',124,64),(1791,'1.研读论文：基于LDA主题模型的主观题自动评分算法','2018-10-07','',128,60),(1792,'1.研读基于自然语言处理的主观题自动评分系统\n2.研读改进的基于《知网》的词汇语义相似度计算','2018-10-07','',128,60),(1793,'1.研读new ontology-assisted text document similarity','2018-10-07','',128,60),(1794,'读论文：中文观点挖掘中的主观性关系抽取，主观题自动评分模型研究与验证','2018-10-07','',128,60),(1795,'18年9月份月报：\n1.搬运三教的刀片机并安装Ubuntu系统\n2.学习吴恩达的机器学习视频\n3.材料盖章签字\n4.填写项目申报书\n5.学习cs231n视频\n6.搭建Ubuntu+tensorflow环境','2018-10-07','',132,86),(1796,'看论文，前一段时间一直在看深度学习方面的论文和视频，但是跟刘老师交流了一番，觉得从数学方面考虑，要有理论证明，代码只是辅助。所以后面时间在看理论方面的论文。想到了语音识别抑郁症存在的问题，正在找解决方法。','2018-10-07','一些项目书里的画图，报废网上申请，戴老师字画装裱，潜艇艇员认知能效增强项目ppt',78,4),(1798,'1、连接器板子：两块板子做稳定性测试，目前主要问题是板子重启找不到网卡设备导致连不上网络； \n2、故障预测：把论文综述部分整理了思维导图，下载到了几个数据集，正在学习GAN； \n3、LNG论文：找了国内会议，按他们模板修改了格式','2018-10-07','会议：www.ccitis.org，www.iccncet.org这两个会议用的格式差不多',118,59),(1799,'将空间熵和光谱熵的均值和偏斜加入基础框架里，实验结果不理想，继续找这方面的论文研究。偶尔做点小财务。','2018-10-07','',120,61),(1800,'看论文，找相应公式代码。','2018-10-07','',120,61),(1801,'着重将论文点放在时空域，梯度域，色彩域，以及最后双目合并算法。特征训练拟用SVR或者GA-SVR','2018-10-07','',120,61),(1802,'找论文看，哪些算法可以为我所用。偶尔做点小财务。','2018-10-07','',120,61),(1803,'1.基于光场图像的三维重建模型修改，无监督学习，模型有一定的效果，还在改进中；\n2.协助戴老师完成浙江省高新企业评审，广西自治区自然基金评审，潜艇艇员认知ppt。','2018-10-07','',122,65),(1804,'10月第一周：1.课题方向确定区块链；2.接触超级账本知识，暂定使用框架为fabric，学习相关框架知识。','2018-10-08','',133,85),(1805,'1.实验室跑个小腿 2.学习微服务，准备尝试改写后段代码，用于论文。3_刷了点题……','2018-10-08','',123,62),(1806,'9月  学习深度学习，学习了两套图像分割代码，看了两篇论文，看了一些博客。实现了模型、训练、验证的代码，并能够进行训练','2018-10-08','1.8月北京出差一次  2.刀片机查看配置，协助装系统  3.京东购机器学习相关书  4.洗车2次',136,90),(1807,'看吴恩达公开课DeepLearning.ai','2018-10-08','',134,83),(1809,'看论文 基于3D-HEVC的三维视频编码快速算法研究\n9－14,17,21,25行政楼盖章跑材料','2018-10-08','',134,83),(1811,'搭建模型跑cu划分的数据，不断调试，看论文 deep－learning-enabled on－demand design','2018-10-08','',134,83),(1812,'1.看 gmapping/ hector slam/ cartgrapher 三种算法中如果纯用激光雷达效果,考虑加上imu\n2.查需要购买的材料 确认相互之间的兼容\n3.跟师弟描述他需要学的内容','2018-10-08','',151,44),(1813,'（1）连接件相关板子焊接\n（2）看论文《基于模糊集的图像滤波》\n（3）实现论文\n（4）看硬件安全论文\n（5）测试上海电气的节能优化器','2018-10-08','',146,46),(1814,'看paper DeepLearning review doi:10.1038/nature14539\n维护实验室日常卫生，打水等','2018-10-08','',134,83),(1815,'第一周:\n1.打扫戴老师办公室卫生\n2.报销戴老师财务\n3.看使用支持向量机训练模型加速CU分割的论文','2018-10-09','',126,68),(1816,'第2周：\n1.打扫戴老师办公室卫生\n2.报销戴老师财务\n3.注册PRCV会议及相关汇款事宜','2018-10-09','',126,68),(1817,'第三周：\n1.报销戴老师财务\n2.打扫戴老师办公室卫生\n3.看3D-HEVC/HEVC的  CU分割使用决策树方法的论文','2018-10-09','',126,68),(1818,'第四周：\n1.打扫戴老师办公室卫生\n2.看使用随机森林分类方法加速CU分割的论文\n3.和黄鸿飞师弟讨论先用简单的深度学习网络训练CU分割模型，先用前20帧作为训练','2018-10-09','',126,68),(1819,'进行了与监督学习的实验，垂直方向和水平方向的实验。实验结果相差不多各自有各自有点。损失函数采用简单的l1距离，约束并不够强烈。','2018-10-09','报销取快递。',129,70),(1820,'1.改传感器网络定位被拒的论文','2018-10-09','',143,45),(1821,'添加配电系统在图形上显示各类详细信息功能，并且对应完善其后端代码。指导胡艳艳完成项目任务。','2018-10-09','',147,47),(1822,'9月:\n1. 返校开始做大论文，继续做光场深度估计实验，主要从数据集增强、修改网络结构、测试新的损失函数三个方面做实验，目前精度上没有明显提升，速度上提升20到30秒，有待进一步实验。和周博开会讨论大论文的内容，开始书写大论文。\n2. 采购TOF摄像头，分享人脸识别涉及到的检测、配准、活体、识别等内容在市场上的落地应用情况，继续做人脸方面的调查研究。\n3. 带师弟上手实验室关于深度估计方面的代码。','2018-10-09','',144,49),(1823,'学算法，找工作。','2018-10-09','',148,48),(1824,'学算法，找工作。','2018-10-09','',148,48),(1825,'学算法，找工作。','2018-10-09','',148,48),(1826,'学算法，找工作。','2018-10-09','',148,48),(1827,'10月1日至7日，由于对LUA语言不太熟悉，且其中各种数据类型不像c语言一样类别分明，对于智能锁的GPS的数据获取和编码转换耗费了一定时间来编写底层的类型转换函数。另外与硬件方进行沟通解决硬件的相关错误。空闲时间继续学习RTOS系统','2018-10-09','',138,81),(1828,'9月:学习神经网络基础知识，通过神经网络完成基本练习.正在学习立体匹配和光场的相关知识.配置tensorflow的环境','2018-10-09','',152,96),(1829,'无监督实验，修改了损失函数。采用了l1距离，实现了梯度损失。下一步需要查找双线性。','2018-10-11','拿快递，报销，合同盖章。',129,70),(1830,'跑模型，调试，对3w数据集进行训练测试','2018-10-12','',134,83),(1831,'第二周：1. 通过PythonSDK部署fabric框架并测试；2.阅读fabric文档；','2018-10-13','1.12日前往华为全联接大会对AI领域学习；2.13日迅雷链技术沙龙交流',133,85),(1832,'完善mpu9520陀螺仪串口数据的处理，学习了解avr编程，探究使用非接触式红外测温防干烧的可行性。','2018-10-14','参与大师姐的论文分享，旁听曾老师博士答辩',139,79),(1833,'对关于论文中涉及到的中文分词，基于同义词语林，和wored2vec等进行代码的调研和调试。','2018-10-14','',128,60),(1834,'讨论大论文的框架，看相关论文','2018-10-14','',145,43),(1835,'10.8-10.14\n与师兄讨论项目存在问题，并与接手的人员接触商讨项目\n测试连接器项目\n实验室日常报销工作','2018-10-14','',137,82),(1836,'10.1-10.14：        	1.看完《TensorFlow实战》一书。 2.和学长（严嘉浩、史建凯）一起解决tx1板子连接移动电源不能开机的问题。 3.初步确定小车的机械结构（电源，tx1，雷达，摄像头，USBHub等的位置）。 4.实现IMU（惯性测量单元）与ROS系统的连接','2018-10-15','',131,77),(1837,'1.实验模型的修改，寻找各种参数优化；2.看python神经网络编程书；3.组织研二和创新实践本科生讨论会，安排戴老师本科生的一些课程事宜；4.帮做曾老师博士学位答辩海报，去打印店打印胶装论文、横幅等相关材料；5.给戴老师打印文件，处理轮胎破损补偿事宜，跟师妹交接戴老师助教的相关材料注意事项等。','2018-10-15','',124,64),(1838,'10月8日至14日，查找并阅读了防干烧燃气灶的相关文献，等待智能锁板子的维修，同时感觉到机器学习的氛围十分浓厚，于是入手机器学习方面的知识，每天看一段时间相关视频。','2018-10-15','',138,81),(1839,'1.做深度估计的实验，对实验结果进行分析汇总，与周老师和师兄讨论改进方案。\n2.看CVPR的最新论文，学习前沿的知识。\n3.为实验室采购显卡','2018-10-16','',140,78),(1840,'完成了与监督学习，在深度估计上的应用，其中我们优化了损失函数。采用梯度损失，重对焦的思路来解决噪声问题。','2018-10-17','合同盖章，取快递。',129,70),(1841,'10.15-10.21\n测试连接器项目，bug：1、用户添加再添加普通用户时出现问题，2、新增页面初值显示有问题（已改好）\n修改采购申请，实验室报销打印资料。','2018-10-21','',137,82),(1842,'1. 测试部署fabric的Node版本SDK，使用过程中发现对promise理解不深，阅读书籍Javascrpis With Promises；2.阅读Using Docker学习Docker部署；3.阅读论文Hyperledger Fabric：A Distributed Operating System for Permissioned Blockchains：','2018-10-21','',133,85),(1843,'1.阅读Understanding Convolutional Neural Networks for NLP\n2.用CNN ＋word2vec训练新闻分类器\n3.微信商城小程序代码修改和发布新版本','2018-10-21','',128,60),(1844,'10月15-21日，阅读非接触测温的相关英文文献，联调智能锁板子。看机器学习相关视频。','2018-10-22','',138,81),(1845,'1.把python神经网络编程一书完结、总结知识框架；2.看手写字体和数字分类相关论文、学习分类方法，对自己的模型进行改进；3.出差去诸暨给戴老师处理轮胎爆胎理赔事宜；4.给戴老师打印文件等；5.帮吴老师做名片。','2018-10-22','',124,64),(1846,'1.学习pytorch，将师兄在tensorflow框架下写的模型转移到pytorch中。\n2.看CVPR最新论文，主要关注KITTI新出数据集上的多传感器融合。\n3.为实验室采购显卡，打扫卫生，装修搬东西','2018-10-22','',140,78),(1848,'1在c++里调用Python模型  2对64*64预测\n3把实验室水房东西搬出来\n4给曾老师答辩买水果，洗水果，布置答辩现场','2018-10-22','',134,83),(1849,'继续matlab对陀螺仪数据读取与处理。学习用matlab绘制等高线。探究非接触式防干烧方法。','2018-10-22','',139,79),(1851,'1.训练基于维基百科中文数据集的word2vec\n2.研读论文from word embeddings to distences,并用训练得到的word2vec对文中提到的word mover\'s distence基本实现。','2018-10-28','',128,60),(1852,'1.MDS小论文，根据专家意见进行修改，语法，论文结构等。\n2.大论文提纲的讨论。\n3.找工作事宜。','2018-10-28','',143,45),(1853,'10.22-10.28\n测试连接器项目\n阅读《js权威教程》学习js的相关知识\n实验室报销','2018-10-28','',137,82),(1854,'熟悉matlab等高线绘制，练习avr编程与spi通信。进行陀螺仪串口实验。','2018-10-28','旁听研讨会',139,79),(1855,'1.核对师兄EPI、refocus的融合结果，做实验与记录。\n2. 参加IKCEST会议，了解人工智能前沿的应用以及新颖的想法，开阔自己的眼界。\n3.帮戴美想师兄录语音数据；打扫实验室卫生。','2018-10-29','',140,78),(1856,'1.确定大致的研究方向，看手写汉字分类相关的文献；2.和戴老师创新实践班本科学生讨论学习进度及今后相关任务；3.给戴老师打印文件，填写戴老师专家信息表。','2018-10-30','',124,64),(1857,'1.阅读Fabric-sdk-node源码；2.理解node中的promise处理机制；','2018-10-30','',133,85),(1858,'10.15-10.21	1.513实验室搬家具 2.帮老师打包午饭 10.22-10.28： 	1.开始训练单目三维重建神经网络 2.看完《UnsupervisedMonocular Depth Estimation with Left-Right Consistency》论文，主旨是训练出一个输入左视图，就可以估计出深度信息的的CNN网络 3.仔细阅读了上文中的网络的代码并添加详细注释 4.参加IKCEST2018国际高端研讨会 5.参加2018中国计算机大会','2018-10-30','',131,77),(1859,'1 跑出合适的数据集，建立64*64模型\n2 维护实验室日常','2018-11-01','',134,83),(1860,'十月第一周：\n1，项目：本周国庆节，组内讨论了一次，参加每周科研论文会。2.论文：本周主要看了3-4篇用CNN+attention来做语音情感识别的文章，分析了语音情感识别领域最新的方法。3.服务：1）帮戴老师做ppt，修改ppt。2）帮张老师完成小任务。3）帮戴老师拿报纸信件，给研究所其他老师份报纸信件，帮张老师，吴老师寄收快递，以及各种实验室快递任务。4）维护实验室日常卫生及饮用水问题。\n十月第二周：\n1，项目：参加3p研讨会，以及每周四的论文研讨会。和师姐也讨论了想法，决定可以用频谱图+预训练的DCNN+LSTM+attention来实现语音情感识别。2.论文：看了最新dblp上语音情感识别的用频谱图+CNN+attention的文章8-10篇，并找了下该方面方法的代码，学习attention方法和实现过程。3.服务：1）帮张老师，戴老师完成小任务。2）帮戴老师拿报纸信件，给研究所其他老师分报纸信件，帮张老师，吴老师寄收快递，以及各种实验室快递任务。3）维护实验室日常卫生及饮用水问题。\n十月第三周：\n1，项目：本周和师姐张老师讨论了下我这方向的进展，决定先写个专利。参加周四的论文研讨会。2.论文/专利：在专利局上查找语音抑郁症识别以及情感识别领域的专利，学习专利写作技巧，回顾之前的工作，以及发明方法创新点。花一周的时间写好了语音抑郁症识别方法的专利，并和师姐讨论专利。3.服务：1）单独和戴老师讨论我的方向的一些可突破的进展以及可努力的点。2）帮张老师，戴老师完成小任务。3）帮戴老师拿报纸信件，给研究所其他老师份报纸信件，帮张老师，吴老师寄收快递，以及各种实验室快递任务。4）维护实验室日常卫生及饮用水问题。\n十月第四周：\n1，项目：本周周四的论文研讨会由我来讲论文，因此花3-4天准备了ppt，重新详细回顾了要讲ppt的论文，并在周四早上演讲论文。2.论文/专利：1）本周和张老师讨论了下专利，以及需要修改的点。2）修改完后发给朱律师整理修改以及反馈。3）看了最新19年预发表的语音情感识别的论文，以及整理了之前看的所有基于attention情感识别的论文，写成综述。3.服务：1）帮张老师，戴老师完成小任务。2）帮戴老师拿报纸信件，给研究所其他老师份报纸信件，帮张老师，吴老师寄收快递，以及各种实验室快递任务。3）维护实验室日常卫生及饮用水问题。','2018-11-01','十月周报，第一，二，三，四周',119,63),(1863,'帮仇老师拿快递，成绩单。\n打扫实验室。\n配电系统的前端样式调整。\n看论文，调整神经网络参数。','2018-11-02','',127,69),(1865,'10.29-11.4测试连接器项目\n学习前端知识\n当网络安全比赛的志愿者\n实验室报销','2018-11-05','',137,82),(1866,'1，做基于光场重对焦深度估计的实验，根据周老师要求修改网络\n2，看论文，尝试将这些结构应用在现在的网络中\n3，打扫实验室卫生，报销费用。','2018-11-05','',140,78),(1867,'1.读论文：A simple but tough-to-beat baseline for sentence embeddings\n2.调研使用腾讯最近发布的中文词向量数据集：Tencent AI Lab Embedding Corpus for Chinese Words and Phrases','2018-11-05','',128,60),(1868,'1.小论文提交给仇老师。2.网络安全大赛志愿者。3.实验室装修，整理等工作。','2018-11-06','',143,45),(1869,'1.看手写字体识别分类、手写字体预处理、分类算法、深度神经网络相关论文；2.实验模型调参数跑实验；3.和戴老师本科学生讨论论文进展、共同学习神经网络技术问题；4.给戴老师打印文件、找文件等。','2018-11-06','',124,64),(1870,'1.准备对字典基元进行分类处理，以产生不同类别的稀疏系数，找代码，改代码。2.教师妹做财务。','2018-11-06','',120,61),(1871,'1.继续理解论文，调代码。2.偶尔处理财务。','2018-11-06','',120,61),(1872,'十月一日 --  七日\n1.学习神经网络的理论基础\n2.学习计算机视觉的实现方法\n3.打扫实验室卫生','2018-11-07','',152,96),(1873,'10月22日-11月4日 学习红外测温的基础知识，了解了红外线的相关特性，了解各类非接触测温传感器和相关技术','2018-11-07','',138,81),(1874,'1.修改项目代码，加入微服务\n2.帮仇老师监考\n3.做毕业设计','2018-11-07','',150,40),(1875,'1.写毕业论文\n2.制作Poster\n3.去体育馆帮仇博监考\n4.跑实验数据','2018-11-07','',145,43),(1876,'十月8号--14号\n1.调整神经网络设计\n2.学习计算机视觉基础\n3.打扫实验室','2018-11-07','',152,96),(1877,'10月15号--21号\n1.学习神经网络的设计\n2.学习计算机视觉的基础\n3.打扫实验室','2018-11-07','',152,96),(1878,'10月22号--31号\n1.学习神经网络的设计\n2.学习计算机视觉的基础\n3.打扫实验室\n4.总结论文','2018-11-07','',152,96),(1879,'我们完成了无监督学习，进行了旧光场数据集的生成。以及损失函数的确定。接下来需要一些实验，调参数。','2018-11-07','报销，寄快递。盖章。',129,70),(1880,'第一周：国庆回家\n第二周：\n1.CU分割中使用神经网络方法的论文\n2.打扫戴老师办公室卫生\n3.报销戴老师财务\n第三周:\n1.帮张博报销差旅财务\n2.采不同尺寸与序列的CU分割数据集\n3.修改杨师兄论文的proof\n第四周：实现一帧深度图CU分割情况的显示','2018-11-07','',126,68),(1881,'分享了一篇论文，采用时间序列离散化的方法，用剪枝逻辑回归进行分类。并且用到了自己的抑郁症研究上，训练和测试精度都只有50%多。可能语音特征不适合从波形相似度方面考虑。此外，发现一个2015年发表在nature上的重症监护医疗信息的数据库：收集了2001-2008年5.3万病人的看病数据，数据非常全面。数据库是公开的，我在申请下载。目前已经有很多数据挖掘、医疗健康方面ccf a类会议采用这个数据库进行个人疾病预测、疾病分类和根据症状推荐药物的研究。而且逐步从传统机器学习方法转化到深度学习方法。我想试试这类数据的研究。','2018-11-07','智慧硅谷项目ppt制作；带师弟们清理513；与师弟和本科生讨论论文。',78,4),(1882,'基元分类后开始进一步求分类系数及各类的eop。','2018-11-07','',120,61),(1883,'1:完成代码框架的转移，从tensorflow到pytorch.\n2:实现1个网络到4个方向的转变。\n3:看cvpr相关论文。','2018-11-07','1.取快递',130,71),(1884,'学java基础，刷算法题，想专利方向','2018-11-07','',148,48),(1885,'学java基础，刷算法题，想专利方向','2018-11-07','',148,48),(1886,'学java基础，刷算法题，想专利方向','2018-11-07','',148,48),(1887,'学java基础，刷算法题，写专利、改专利','2018-11-07','',148,48),(1888,'改项目代码，写大论文','2018-11-07','',147,47),(1889,'看论文，写专利，吴老师项目写语音特征提取代码，收集语音数据和一些程序说明文档','2018-11-07','',125,67),(1891,'研究spring cloud相关技术，考虑如何使用springcloud重构项目。\n研究路由算法','2018-11-07','',149,41),(1892,'第一周 1. 看一篇u-net论文 2.看一篇 全卷积神经网络论文  3.帮戴老师搬东西两次\n    第二周 1.去成都参加isicdm大会 2.学习tensorflow\n    第三周 1.看深度学习与安全有关的论文0.25篇 2.学习tensorflow 3.看单目深度估计论文\n    第四周  1.去cncc大会当志愿者三天 2.学习完tensorflow，并开始看单目深度估计论文的代码。','2018-11-07','',136,90),(1893,'18年10月份月报：\n1.	分析并记录焊点识别中待解决问题。\n2.	做“机器视觉焊点识别”的项目讨论。\n3.	学习论文《基于Vibe算法的视频前景目标提取》、《基于Vibe和三帧差法的目标检测算法》、《四帧间差分与光流法结合的目标检测及追踪》、《多场景下复杂监控视频的前景目标提取》、《序列图像红外小目标检测与跟踪算法研究》、《复杂天空背景下的红外弱小目标追踪》、《低照度图像去噪算法研究与实现》、《一种改进的帧间差光流场算法》、《基于运动方向估计的管道滤波算法》。\n4.	取快递。\n5.	参加CNCC2018中国计算机大会。\n6.	交材料。\n7.	在浙江省大学生网络与信息安全竞赛，做考场监督志愿者。\n8.	蛙人目标跟踪里完成视频逐帧的提取，进行滤波、二值化、帧间差分等预处理，每一帧图像提取到1-10个目标，后续需要结合前后帧相关性进行判断。','2018-11-07','',132,86),(1894,'10月:\n1. 将过去一年的深度学习代码从tensorflow迁移到Pytorch 上，耗时两周，将新代码交给魏兴明、燕雨翔、王威盛三个师弟进行后续的维护，后面的实验将基于新代码开展。\n2. 撰写大论文，做大论文中涉及的实验，目前已完成大论文的三分之一。','2018-11-07','',144,49),(1895,'1：找方向\n2：目前确定是工业网络数据安全\n3：带钱晨做项目\n4：帮钱晨解决硬件问题\n5：做一块功能验证板\n6：参加CNCC','2018-11-07','',146,46),(1896,'1.实验室跑个小腿 2.改图灵徒孙公众号问题 3.查阅视障人群人机交互论文，考虑论文问题4.教本科生后端内容','2018-11-08','',123,62),(1897,'1.查阅相关光场合成论文资料，修改深度学习网络结构及损失函数提升网络性能，目前可以得到较好结果；\n2.查阅雷达探伤相关资料，国内研究现状。','2018-11-08','',122,65),(1898,'1、连接器由原先断网重启改为优先重启模块，目前重启频率大约6小时一次；\n2、将TSGAN原先用的DCGAN模型尝试换用infoGAN，实验效果不如原本的结果。目前正在做LSTM与GAN结合的实验。','2018-11-08','',118,59),(1899,'1跑爬虫代码  2 access导入MySQL  3实现论文的大体模型 4 给曾老师拿快递，送东西到行政楼，打水','2018-11-08','',134,83),(1900,'1:添加senet.\n2:阅读深度学习论文。\n3:采集数据。','2018-11-08','1:取快递',130,71),(1901,'1.在眼底图像和胰腺上对分割算法进行验证。2.继续调优前列腺数据集模型结构。3.尝试从数据处理，增加额外数据角度来提升排名。','2018-11-08','',121,66),(1902,'陀螺仪实验第一阶段结束。avr单片机程序移植，spi读取pt100并探究xan工业串口的使用','2018-11-11','',139,79),(1903,'做毕设','2018-11-11','',151,44),(1904,'10.29-11.4	1.《Scale and Orientation Aware EPI-Patch Learning for Light Field Depth Estimation》，该论文提出一个深度网络输入多维度的EPI图像来重构4D光场 2.以志愿者身份参加浙江省首届网络安全竞赛 11.5-11.11	1.帮戴老师写学习记录 2.组装小车亚克力板 3.帮忙填写一部分智能加工产线工艺全流程智能决策系统技术与系统项目的申报书 4.搬净水器 5.《Light Field Reconstruction Using Deep Convolutional Network on EPI》该论文介绍了一种利用EPI重构光场的方法，提出了处理边界撕裂问题的方法，获得了更高质量的重建模型','2018-11-12','',131,77),(1905,'1.看毛笔字相关论文、来确定自己的研究方向、同时写研究方向的综述；2.给戴老师带了一节本科生的创新实践课，和本科生讨论神经网络技术上的问题；3.给戴老师整理办公室、处理戴老师安排的事情。','2018-11-12','',124,64),(1906,'1.准备用于 refocus深度估计 的论文创新点，画网络结构，准备论文需要的数据以及图表。\n2.看最新论文；同时基于现在学习的知识回顾以前的笔记，有新的收获。\n3.打扫实验室卫生；去行政楼报销费用；','2018-11-12','',140,78),(1907,'11.05-11.11\n连接器项目测试尝试添加预加载功能\n学习angular框架\n实验室财务报销\n实验室耗材采购','2018-11-12','',137,82),(1908,'18年11月周报：1.	做项目讨论，收集待解决问题\n2.	查找传统图像分割相关论文，学习otsu自动阈值分割\n3.	查找热成像设备相关资料\n4.	设备采购并记录','2018-11-18','',132,86),(1909,'1. 看了点击率预测的FM算法，并跑了相应论文的代码，这个算法更有效地表示了特征与特征的联系，适用于高维且稀疏的特征的分类预测等问题。2. 看了两篇论文：预测医院患者下次入院的时间以及预测可能患的病。两篇都是先对文本进行embedding转化成向量，再用GRU预测，但是侧重点不同。调试并跑通了一篇代码，但是数据是作者代码里有的，我不知道怎么来的，现在还在调试第二篇，第二篇采用的是MIMIC-3数据库的原始数据。然后尝试把FM的思想加进去。','2018-11-19','1. 我们和哈工大合作的项目申报书分工及编写：我和史建凯负责研究背景、内容和路线部分的编写及整合，商吉利和魏展负责团队、基础和研究计划的编写和整合，赵月负责财务、文档合并和格式调整。 2. 12月初脑机国际会议微信版宣传页面的修改。',142,4),(1910,'1.看毛笔字论文大方向，写研究综述；2.修改实验模型，调整参数，跑实验；3.吴老师安排监考本科生期中考试；4.填写戴老师科技部专家信息，带师妹处理戴老师护照事宜。','2018-11-19','',124,64),(1911,'11.12-11.18\n学习html跟进连接器app 进度\n学习angular框架 \n实验室财务报销','2018-11-19','',137,82),(1912,'做了无监督深度估计的实验，尝试了损失函数，左右一致性。生成实验结果图。','2018-11-20','报销，取快递，寄快递。',129,70),(1913,'1 搭建模型，构建文件格式\n2 access转mysql环境搭建，测试\n  3 和杨铭凯同学去浙大老师那边听需求','2018-11-21','',134,83),(1914,'1.整理论文需要数据；画论文需要的网络结构。\n2.看新论文、学习新方法，做实验。\n3.打扫实验室卫生；报销费用。','2018-11-21','',140,78),(1915,'大论文的文献查阅与撰写工作','2018-11-26','',143,45),(1916,'这周主要运行代码，论文的代码调试好了，也把mimic的数据扔进去跑了，但是疾病代码预测准确率只有56%，也试着把fm模型加进去，但是代码报错。代码用的是theano框架，实在有点难懂。','2018-11-26','周一和赵月、刘高敏和魏展修改了“潜艇艇员认知效能提高”的项目申报书；周五参与了脑机智能会议讨论，修改程序册和微信宣传页面。',142,4),(1917,'1.看相关专利，开始写自己的古字体分类专利；2.实验部分发现去掉一种分类效果较差的字体后分类准确率提高了8%左右，计划对4种字体分类处理来调整实验；3.继续写毛笔字方向研究综述；4.帮忙写潜艇仿真项目申报书中的部分内容；5.帮戴老师带了一次本科生的创新实践课；6.给戴老师打印文件。','2018-11-26','',124,64),(1918,'进行连接器调试，实现spi读取pt100温度，can口传输等等','2018-11-26','搬东西',139,79),(1919,'11.19-11.25\n跟进连接器app 进度 学习angular框架 \n实验室财务报销，采买桌布\n监考','2018-11-26','',137,82),(1920,'11.12-11.18	1.看完《揭秘深度强化学习》一书 2.看完《Socially aware motion planning with deep reinforce learning》一文，该文章主要介绍了利用深度强化学习来规划在多个主体直接的运动路径的方法。 11.19-11.25	1.解决小车载重过重导致悬挂太低，底盘触地的问题。 2.512搬家具','2018-11-27','',131,77),(1921,'区块链: 1. 测试Fabric-samples下面的例程，解决相关编译问题和部署中出现的问题；2.学习Shell脚本知识；3.参加校内的区块链普及会议和校外的区块链生态链讲座会议；','2018-11-30','',133,85),(1922,'1，搭建调用模型环境，Python调用成功，但是效率很低，现在尝试C++调用\n2，完成浙大老师数据的计算\n3，行政楼签字，盖章，整理，迁移水房东西，会议机场接人','2018-12-03','',134,83),(1923,'帮仇老师取快递\n信息安全竞赛考场监督\n给配电系统前端增加echart，百度地图api\n看论文，写代码，调代码','2018-12-03','',127,69),(1924,'11.26-12.2	1.在tx1上配置完成手柄，arduino，imu，雷达的基础功能，并调试相关功能,为学长顶层算法的实现做基础。 2.接送专家 3.研读学长采用的用来做小车项目目标检测的ESPNet的相关论文。','2018-12-03','',131,77),(1925,'第一周:1.尝试了不同输入尺寸进行训练，效果不太明显。2.扩充了额外的两个数据库进行训练，增加样本的多样性。\n第二周:1.扩充后的结果体检和发现，在空间分辨率0.625以下的数据的距离相关指标较差。分析后认为是直肠线圈反光以及不同设备成像特点不同造成的。\n2.根据以上分析，使用了训练数据直方图的方法进行图像增强进行训练。结婚没有改善\n第三周:1.从数据预处理的角度进行尝试，尝试了直方图自适应均衡化，单片slice归一化，亮度限幅等预处理方法。\n第四周:1.出于mri图像直方图差异性太大的原因，尝试跟换ct数据进行处理。\n2.请教了武大的同学，决定在预处理上再进行尝试。','2018-12-03','',121,66),(1926,'1.撰写专利基于卷积神经网络的古字体分类、初稿已发给朱律师；2.中期检查表完成；3.继续写研究方向的综述；4.帮师姐画图。','2018-12-04','',124,64),(1927,'11.26-12.2 修改页面bug，学习深度学习 实验室财务报销，脑电会议接送专家','2018-12-04','',137,82),(1928,'11月一直在写毕业论文～～～','2018-12-04','',147,47),(1929,'1.完成毕业论文\n2.帮助吴老师的留学生完成毕业设计','2018-12-04','',150,40),(1930,'1.做实验，调参数，调框架，跑结果。\n2.做实验，写专利，看论文做ppt。\n3.看论文，换方法，继续跑结果。帮张老师干点小活，帮曾老师画图。','2018-12-04','',120,61),(1933,'1：连接件制版、检查、验证 \n2：写无线围栏产品说明书 \n3：周博采集板千兆网FPGA实现 \n4：负责脑机会议会场设备支持 \n5：看数据隐私保护相关论文\n6：协助写《网络协同制造和智能工厂》申报书','2018-12-04','',146,46),(1934,'1.帮吴老师监考期中考试\n 2.写火车传感器小程序代码\n 3.用腾讯词向量将论文 A simple but tough-to-beat baseline for sentence 中的算法应用实现中文语句相似度计算\n 4.精读论文bidirectional encode representations from transfoemers,学习相关代码。','2018-12-04','',128,60),(1935,'完成了深度估计的对比实现，和表格比对，以及训练了新数据集，新数据集不适用于iccv2017的方法，无法生成时差图，因此，我决定去点金字塔再进行尝试，因为金字塔的插值有可能导致损失函数，不稳定收敛，导致发散。','2018-12-04','报销，取快递，寄快递。',129,70),(1936,'1.写refocus论文中文稿，准备需要的数据、图表、对比实验记录。\n2.准备新数据集，看无监督的论文、代码。\n3.报销；打扫实验室卫生。','2018-12-04','',140,78),(1937,'11月1日— 11月 7日\n1.学习EPINET论文，了解EPINET的工作方式和原理\n2.日常阅读论文  ：主要阅读论文：deep residual learing for image recognition\n3.处理实验室卫生\n4.学习简单编程算法\n5.日常上课\n\n11月8 日—11 月14日\n1.简单的对比了EPINET 和 实验室自己的不同 之处，对深度估计详细了解了一下\n2.阅读论文：single image depth estimation based on Fourier Domain Analysis，了解通过处理图像的子图，得到子图的深度图后，再通过傅立叶变换得全图深度图\n3.打扫实验室卫生\n4.日常上课\n\n11月 15日 —11月 21日\n1.对EPINET进行复现，正在进行编程\n2.阅读论文：Depth map prediction from a single image using a multi-scale deep network 一种初级的实现深度图的网络结构，类似于AlexNet\n3.打扫实验室\n4.日常上课\n\n11月22日 — 11月 30日\n1.对GeoNET 进行简单了解 ，尝试复现\n2.对EPINEI进行扩张，在原来提供的9X9点视图估计，数据拓展成 7X7的视图，尝试在原来的EPINET上使用SOA中的权值共享来检验正确率能否提高\n3.打扫实验室卫生\n4.日常上课','2018-12-04','',152,96),(1938,'11月5日-11月18日\n购买了两本红外线相关的书籍，学习了一定的红外线相关知识。另外学习了嵌入式rtos的相关知识并进行了相关实验，对实时操作系统有了进一步了解。\n11月19日-12月2日\n根据面向对象课程要求阅读了一篇关于GitHub上跨工程修复BUG的论文，了解了软件工程的相关知识。完成了模式识别的课程作业，用C++语言实现了通过遗传算法完成灰度图的二值化分割阈值判断，并且通过判断方差和种群个体信号量的方法对于繁殖代数判断的优化。','2018-12-04','',138,81),(1939,'1.	做采购并记录\n2.	陪同黄鸿飞同学去浙大讨论项目\n3.	查找yolo网络相关论文\n4.	在ubuntu和Windows环境下配置yolo环境\n5.	给PCB图像手动标注焊点目标区域','2018-12-04','',132,86),(1941,'十一月第一周： 1，项目：本周和胡焰焰讨论了我们的实现方法，用频谱图和波形图来提取语音特征，模型用CNN+LSTM+Attention，分别提取两方面特征，然后融合起来，用SVM或者softmax进行分类。参加周四的论文研讨会。2.论文：本周主要看了5-8篇用CNN+attention来做语音情感识别的文章，具体分析了实现过程。3.服务：1）帮戴老师最终完善下鲲鹏网项目的ppt。2）帮张老师完成小任务。3）帮戴老师拿报纸信件，给研究所其他老师份报纸信件，帮张老师，吴老师寄收快递，以及各种实验室快递任务。4）维护实验室日常卫生及饮用水问题。 十一月第二周： 1，项目：本周花几天时间用pytorch实现了用2层CNN+LSTM+attention模型来分别从频谱图和波形图中的语音特征的框架，没调参数前大致能实现近80%的准确率。参加周四的论文研讨会。2.论文：找了用频谱图+CNN+attention的文章的一些实现过程和参数设置的技巧，打算调参，使得网络达到最好的实验效果。3.服务：1）帮戴老师写一份“鲲鹏网”项目的项目可行性报告的初稿（5000字）。2）帮戴老师拿报纸信件，给研究所其他老师分报纸信件，帮张老师，吴老师寄收快递，以及各种实验室快递任务。3）维护实验室日常卫生及饮用水问题。 十一月第三周： 1，项目：本周主要在实现的基础上，调节网络的参数。花了大量的时间来做实验调参数，只用频谱图最好的结果已经接近90%，平均结果大致有80%-86%左右。只用波形图只有65%左右的准确率，将两者特征融合最好达到80%，问题就是波形图的效果不明显，还是只用频谱图的高，在寻找解决办法。参加周四的论文研讨会。2.论文：本周主要学习一些论文实验过程中参数设置和调节的方法，对自己的模型进行参数调节。3.服务：1）本周多次修改了“鲲鹏网”项目的可行性报告，完成最后的终稿。2）完成戴老师“零件加工工艺项目”的项目申请书，并修改多次。3）帮戴老师拿报纸信件，给研究所其他老师份报纸信件，帮张老师，吴老师寄收快递，以及各种实验室快递任务。4）维护实验室日常卫生及饮用水问题。 十一月第四周： 1，项目：本周将2层卷积层实现的网络调节到了比较不错的参数，最好测试结果大致在85%左右。并将网络修改用Alexnet来提取特征，比较Alexnet和2层卷积层的差别。2.论文：看了最新19年预发表的语音情感识别的论文。3.服务：1）帮曾老师写了3000字的民航空中管制人员认知效能的申报书。2）帮曾老师画项目的关键技术图，以及零件加工项目的甘特图以及进度安排等部分。3）帮戴老师拿报纸信件，给研究所其他老师份报纸信件，帮张老师，吴老师寄收快递，以及各种实验室快递任务。4）维护实验室日常卫生及饮用水问题。','2018-12-04','十一月第1,2,3,4周。',119,63),(1942,'做毕设写论文','2018-12-04','',151,44),(1943,'1.实验室跑个小腿 2.调连接器bug 3.学springcloud相关，并帮助陈帅师兄写实例','2018-12-04','',123,62),(1944,'写毕业论文\n跑实验数据\n和师弟师妹讨论深度学习如何加入代码以及配置环境','2018-12-05','',145,43),(1945,'和钱晨调试了连接器新版小板程序的测试，新版硬件还未调试。','2018-12-05','',118,59),(1946,'完成连接器can口传输及多个连接器can口传输实验，实现eeprom存储读取数据，按要求初步完成程序。','2018-12-05','帮忙整理办公室',139,79),(1947,'跑财务，看论文，找代码运行','2018-12-05','',125,67),(1948,'大论文撰写','2018-12-05','',143,45),(1949,'完成了，对比实验表格的制作，以及找出了目前方法存在的问题，由于遮挡问题，以及中心视差图需要满足各种位置图像的插值带来的，边界变粗问题。','2018-12-05','报销，拿快递，寄快递。',129,70),(1950,'11月\n第一周：修改PRCV海报，做组会汇报PPT并进行汇报，打扫戴老师办公室\n第二周：打印海报，帮杨师兄跑代码，写深度学习做CU分割的专利\n第三周：帮杨师兄整理实验数据填表格，报销戴老师财务\n第四周：修改专利，帮杨师兄跑代码，报销戴老师财务','2018-12-05','',126,68),(1951,'1:下载geonet数据集，源码！\n2:搭好环境，跑通源码。\n3:整理4d光场数据，写中文稿。\n4:查阅无监督学习光流的论文。\n5:下载最新stanford光场数据。','2018-12-05','1:取快递',130,71),(1952,'1:下载geonet数据集，源码！\n2:搭好环境，跑通源码。\n3:整理4d光场数据，写中文稿。\n4:查阅无监督学习光流的论文。\n5:下载最新stanford光场数据。','2018-12-05','',130,71),(1953,'1.修改深度学习网络，帮助周恩慈做论文的对比实验以及为自己论文做对比实验；\n2.了解无损探伤雷达国内外研究现状，一般无损探伤及传统无损检测的技术及步骤和数据处理方法','2018-12-05','',122,65),(1955,'写毕业论文','2018-12-05','',148,48),(1956,'写毕业论文','2018-12-05','',148,48),(1957,'写毕业论文','2018-12-05','',148,48),(1958,'1.	做采购并记录\n2.	去机场为教授接机\n3.	用yolo网络训练，测试分割效果\n4.	做预算\n5.	看小样本训练相关论文','2018-12-05','',132,86),(1959,'论文看不进，代码也没跑。','2018-12-05','1.“基于ARVR技术脑外伤认知障碍经颅磁刺激康复效果评价的研究”项目的文件上传及中意合作基础的编写。2.“基于人工智能的农作物健康监测与管理专家系统”项目的中巴合作理由的编写。3.“网络协同制造和智能工厂”项目中我方团队简介编写。4.“脑机协同智能国际会议”程序册修改、接机人员安排、会场布置及应急处理等工作的协助。',142,4),(1960,'11月:\n1. 大部分时间在写大论文，做论文实验、表格、图片，与周博讨论论文的内容和修改方案，12月份送审。\n2. 辅助师弟写小论文，争取尽快把光场重对焦写成小论文发出去。','2018-12-06','',144,49),(1961,'1.看了陶星师兄的医学图像分割代码 2.看了面向对象的论文一篇，写了一个ppt和此论文的观后感  3.写了遗传算法与otau结合的找图像分割阈值的图像分割算法。4.跟陶星师兄参加了英伟达gtc大会 5.帮戴老师洗车两次 6.拿快递一次 7.写智能加工生产线申报书的第三部分：申报单位及参与单位的研究基础 1000字 8.国合基地推进一带一路科技创新合作工作成果填报表写了案例，2000字。 9.填写国合基地与相关国家推进国际科技合作工作情况填报表，2000字。','2018-12-09','',136,90),(1962,'1.大论文撰写。2.仇老师签字盖章。3.帮张老师抠图。','2018-12-09','',143,45),(1963,'12月份第1周：\n1.	采购显卡并记录，材料签字\n2.	听理工老师讲课并讨论项目问题\n3.	编写图像切片代码\n4.	看线性代数视频课程','2018-12-09','',132,86),(1964,'12.3-12.9	1.帮学长完成一部分毕业论文的写作（经典网络的介绍部分,4000字左右） 2.详细阅读了Keras深度学习框架的官方文档，初步学会使用该框架完成快速开发。（Keras为基于TensorFlow框架的高级封装库）','2018-12-10','',131,77),(1965,'12.3-12.10学习深度学习 标注软件学习 实验室财务报销 整理专家资料','2018-12-11','',137,82),(1966,'1.专利“一种基于卷积神经网络的古字体分类方法”最终稿已经提交；2.撰写中期检查表和文献综述；3.帮戴老师带创新实践本科生上课；4.周会讲论文；5.帮戴老师修改文件内容、打印材料等。','2018-12-12','18.12.3-18.12.9周报',124,64),(1967,'12月3日-12月9日，寻找并阅读了一篇关于如何根据实时操作系统的严格时序来判断硬件程序是否被入侵或者跑飞的论文，对于实时操作系统的安全特性有了初步认识，周末有幸参加阿里的物联网培训会，了解了新的通信方式和阿里推出的操作系统，开始操作系统方面知识的学习。','2018-12-13','',138,81),(1968,'12.10-12.16	1.帮助学长整理参考文献，编排参考文献 2.阅读《Semantic Soft Segmentation》论文，该论文提出了一个精细语义分割的模型。 3.复现上文模型。 4.看完上次理工老师ppt中提到的3Blue1Brown系列视频中的线性代数部分','2018-12-17','',131,77),(1969,'1 将HTM编码器迁移到Ubuntu上  2 行政楼盖章 3 洗水壶，加水','2018-12-17','',134,83),(1971,'1.专利已经受理；2.硕博连读申请准备材料；3.写中期检查研究综述部分；4.和戴老师讨论研究方向；5.带戴老师创新实践本科生上课；6.帮打印、胶装材料，帮打电子文档。','2018-12-19','18.12.10-18.12.16',124,64),(1972,'12.17-12.23	1.看完3Blue1Brown系列视频微积分部分 2.查找毫米波雷达建图定位方向论文 3.准备考试','2018-12-24','',131,77),(1973,'1.开始大致写一下论文涉及的技术内容；2.准备硕博连读材料答辩；3.打印胶装文件；4.给戴老师创新实践本科生上课；5.组织南浔游。','2018-12-24','18.12.17-18.12.23周报',124,64),(1974,'12月10日-12月16日学习韦东山Linux开发板的相关教程，继续阅读了实时操作系统相关的系列文献，准备英语六级考试。\n12月17日-12月23日协助师兄撰写任务申报书中的相关提问和回答，帮助本科生师弟进行智能锁相关的设计，准备期末考试','2018-12-25','',138,81),(1975,'1.完成吴博要求的JSONToExcel转换Node开发；2.阅读论文Hyperledger fabric: a distributed operating system for permissioned blockchains；3.对Fabric进行测试。','2018-12-28','1.脑机接口会议硬件组服务三天；2.行政楼敲章1次',133,85),(1976,'1.重对焦深度估计论文中文稿已完成，现在对网络结构图进行修改。\n2.加入周恩慈师兄目前做的无监督深度估计，将单目改为多输入并做相关的实验，记录结果；看无监督相关论文；\n3.显卡费用报销；打扫实验室卫生；','2018-12-28','',140,78),(1977,'1继续智能连接器项目开发\n2出差去天台测试\n3撰写测试报告\n4撰写专利','2018-12-28','复习复习复习',139,79),(1978,'12.11-12.31深度学习知识，调研标注软件，考试复习','2018-12-31','',137,82),(1979,'1.确定开题方向内容、写开题报告；2.改实验；3.打印胶装文件材料；4.给戴老师创新实践本科生上课；5.戴老师材料申请。','2019-01-03','18.12.24-18.12.31',124,64),(1980,'对数据集进行数据增强\n调整神经网络\n看论文','2019-01-03','',127,69),(1981,'写毕设、改毕设。','2019-01-04','',148,48),(1982,'写毕设，改毕设。','2019-01-04','',148,48),(1983,'写毕设，改毕设','2019-01-04','',148,48),(1984,'写毕设，改毕设','2019-01-04','',148,48),(1985,'写毕设，改毕设。','2019-01-04','',148,48),(1986,'毕设论文\n带本科毕设','2019-01-04','',151,44),(1987,'1编译Ubuntu下的c++的so文件及头文件，在htm编码器外实现调用测试，还需要学习Makefile，实现htm的调用','2019-01-04','',134,83),(1988,'12月汇总：\n十二月第一周： 1.项目：本周和胡焰焰讨论，帮他写了个建议文档，用基础语音特征实验语音情感识别的一些改进点和优化目标；参加周四的论文研讨会。2.论文：本周需要完成中期检查表和文献综述报告，因此查看了5篇硕士论文和几十篇英文论文，学习其中的一些研究现状和思想。3.服务：1）帮戴老师完成三个项目申报书的第二部分并不断修改完成最终版。2）帮戴老师拿报纸信件，给研究所其他老师份报纸信件，帮张老师，吴老师寄收快递，以及各种实验室快递任务。3）维护实验室日常卫生及饮用水问题。\n    十二月第二周： 1.项目：本周实现了频谱图+Alexnet预训练+BLSTM+attention的代码，并不断完善，调试参数，结合上个月实现的2层卷积层的比较，结果还是2层的好，可能是预训练模型需要的数据比较多，我们的数据库比较小，导致实验结果没有简单的网络好。2层最好结果能达到84.9%。Alexnet最好结果有79.4%。需要改进Alexnet预训练模型。2.论文：看了语音情感识别的3篇论文。 3.服务：1）戴老师布置“鲲鹏网”可行性报告的修改工作，增加了一些企业的合作资料，修改多次，完成了认可的最终版本。2）帮曾老师修改甘特图，重新绘制符合哈工大要求的版本，修改进度安排和中期目标。3）帮戴老师拿报纸信件，给研究所其他老师分报纸信件，帮张老师，吴老师寄收快递，以及各种实验室快递任务。4）维护实验室日常卫生及饮用水问题。\n十二月第三周： 1.项目：本周和张老师，师姐，讨论了下我的进展，并决定可以开始写论文了，因为实验结果最好有85%左右。参加周四的论文研讨会。2.论文：本周开始写论文，写了introduction和related work两部分，写的中文，打算先写中文之后写完全部再改成英文。3.服务：1）本周和师姐一起美化了戴老师布置的可行性报告，重新画图和修改格式，终于结束这个可行性报告任务。2）帮戴老师拿报纸信件，给研究所其他老师分报纸信件，帮张老师，吴老师寄收快递，以及各种实验室快递任务。3）维护实验室日常卫生及饮用水问题。\n十二月第四周： 1，项目：本周打算先把预训练网络的实验调试到一定的结果，之后再开始写论文的第三部分methodology。但出现了一些问题，差一点的speaker的测试结果无论怎么调试参数，都达不到80%（好的speaker都上了80%），和胡焰焰一起在解决这个问题。2.论文：看了一些预训练网络调试的论文和博客。3.服务：1）帮戴老师拿报纸信件，给研究所其他老师份报纸信件，帮张老师，吴老师寄收快递，以及各种实验室快递任务。2）维护实验室日常卫生及饮用水问题。\n十二月总结：论文已经写了前面introduction和related work 2个部分，之后打算边做实验边写第三部分。通过讨论和实验已经解决了一些疑难问题，通过数据增强方法和双finetuning调试，好一点的speaker测试集结果达到了93-95%，差一点原本只有70%多的speaker测试集结果也能达到83-85%，这样差不多平均实验结果接近90%，达到了比较满意的结果。','2019-01-04','十二月第1,2,3,4周周报，以及十二月总结',119,63),(1989,'12.24-12.30	1.准备考试 2.准备考试 3.准备考试\n(´ฅω•ฅ｀)','2019-01-04','',131,77),(1990,'12月第2周：\n1.	去行政楼盖章\n2.	看语义软分割论文\n3.	参加英伟达座谈会\n\n12月第3周：\n1.	考试复习\n2.	参加实验室年会\n\n12月第4周：\n1.	跟本科生讨论项目\n2.	行政楼盖章\n3.	考试复习','2019-01-04','',132,86),(1991,'财务报销，看论文，调代码','2019-01-04','',125,67),(1992,'12月:\n1. 主要时间花在写大论文和做论文实验上，14号成功提交大论文送审，论文查重通过。\n2. 开始看双目立体匹配数据集KITTI及其论文，尝试生成像Kitti数据集一样的ground truth。学习点云匹配算法和ros系统。','2019-01-05','',144,49),(1993,'1:写小论文中文稿，整理数据集以及相关资料。\n2:做unflow和geonet，下载数据集，跑通代码。\n3:把stanford的光场数据替代到geonet，看看预测效果。\n4:看光场深度估计相关论文。','2019-01-05','1:帮周博收作业,取快递。\n2:报销材料费。',130,71),(1994,'第一周:看论文，做实验，换方法跑实验。\n第二周:帮骏哥改论文。\n第三周:跑实验。\n第四周:跑实验。','2019-01-05','',120,61),(1995,'1 复习 2 行政楼盖章三次，去科技厅盖章','2019-01-05','',134,83),(1996,'复习','2019-01-06','',134,83),(1997,'修改王宏志老师简历ppt，修改网络协调制造和智能工厂答辩ppt，戴老师电子学会优秀工作者申请。看论文写论文跑代码。','2019-01-06','',142,4),(1998,'12月24日-30日，准备期末考试，期间同时阅读了实时系统相关论文。','2019-01-06','',138,81),(1999,'1:GPU-FPGA测试板 以太网测试\n2:GPU-FPGA测试板 摄像头测试\n3:天台出差\n4:考试复习','2019-01-06','',146,46),(2000,'1.实验室跑个小腿 2.连接器前端页面和后端接口的tls套接 3.帮陈帅师兄跑点实验','2019-01-07','',123,62),(2001,'1.帮曾老师写了一篇专利，共5500字。2.脑机会议去东站接专家。3.为期末考试复习。4.为palm青光眼比赛写了初步的分类代码并跑完。','2019-01-07','',136,90),(2002,'第一周：\n1.帮吴老师画图、\n2.检查杨师兄毕业论文字体与错别字\n3.报销戴老师财务\n第二周：\n1.打扫戴老师办公室\n2.报销戴老师财务\n3.查看减少DMM1搜索复杂度的论文\n第三周：\n1.实现减少DMM1搜索的算法，但效果不好\n2.帮吴老师画图\n第四周：\n看小波变换处理图像的相关论文','2019-01-07','',126,68),(2003,'1.将bert语言模型用于语句相似度任务进行实验\n2.通过修改模型参数，语句的输入格式，词表的替换的操作进行对比实验结果。','2019-01-07','',128,60),(2004,'第一周:1.继续前列腺相关实验，调整各个参数。\n第二周:1.更换胎儿头部定位数据集HC18进行实验，badeline提交后排名第二，后续将继续相关研究。\n第三周:1.对promise12实验代码进行重写，查找bug。发现问题是由提交文件信息没有写全导致。\n第四周:1.对之前实验进行复现和改进，对方法及模型进行整理，已初步完成模型插图的绘制。','2019-01-07','',121,66),(2006,'1.写开题报告； 2.改进实验模型、跑实验； 3.抠章； 4.戴老师浙江省电子学会申请材料； 5.周末两天在浙江省科技厅帮忙，吴老师项目答辩。','2019-01-08','19.1.1-19.1.6周报',124,64),(2007,'1.完成基于光场深度估计的TIP论文实验部分；\n2.完成基于光场单目无监督深度估计专利初稿；\n3.准备ICIP会议，光场图像合成后处理部分实验','2019-01-09','',122,65),(2008,'1.2-1.6复习考试','2019-01-13','',137,82),(2009,'1.写开题报告、做PPT，和戴老师讨论开题内容；2.跑论文实验；3.给戴老师填报中国电子学会优秀工作者推荐材料；4.给戴老师拿快递，行政楼送材料。','2019-01-14','19.1.7-19.1.13周报',124,64),(2010,'12.31-1.6	1.看完3BLUE1BROWN深度学习部分 \n\n1.7-1.13	1.了解目标检测的相关网络(YOLO,SSD,FAST-RCNN等)行人检测相关 2.阅读《Light Field Reconstruction Using Shearlet Transform》论文，该论文介绍了一种图片视角转换的方法。','2019-01-14','',131,77),(2011,'1.完成对于solo共识下的单机部署，开始多机下的kafaka共识部署；2.帮助凯哥实现一个脚本以快速统计数据；','2019-01-23','行政楼传递材料一次',133,85),(2012,'1.准备开题答辩；2.写论文，改实验；3.给戴老师打印材料、拿快递。','2019-01-24','19.1.14-19.1.20',124,64),(2013,'1.14-1.20	1.阅读理解yolov3网络的代码，搞清楚各个模块的作用，并跑通示例 2.解决图片显示问题（cv2和tensorflow编码RGB通道的顺序不一样） 3.深入了解PRN（feature pyramid networks）网络，图像金字塔 4.帮严嘉浩师兄调试好小车 1.21-1.27	1.帮仇老师盖章（一两百个。。。） 2.阅读论文《EPINET: A Fully-Convolutional Neural Network Using Epipolar Geometry for Depth from Light Field Images》，介绍了利用EPI图像来估计深度的一种网络。学习如何利用EPI信息。 3.阅读论文《End-to-End View Synthesis for Light Field Imaging with Pseudo 4DCNN》，介绍了一种结合EPI和深度估计两种方法的网络来合成新视图的方法','2019-02-19','',131,77),(2014,'1.写论文、跑实验、修改论文；2.给戴老师打印材料；3.讨论人机物联公众号需求改进问题。','2019-02-22','19.1.21-19.1.27周报',124,64),(2015,'修改论文，最终提交论文至ICIP2019。','2019-02-22','19.1.28-19.2.3周报',124,64),(2016,'整理人机物联需求文档、联系本科生进行改进','2019-02-22','19.2.4-19.2.10周报',124,64),(2017,'了解游戏成瘾相关政策及研究、戴老师计划让转“游戏成瘾”研究方向','2019-02-22','19.2.11-19.2.17周报',124,64),(2018,'2.11-2.17	1.学习多视几何相关知识 2.理解相机矩阵参数的含义 3.初步学习LaTeX文字排版系统 2.18-2.24	1.阅读论文《Deep Image Matting》，该论文介绍了一个可以在一定交互下抠出精细的前景的网络 2.阅读论文《Semantic Human Matting》，该论文为上文的改进版本，可以不需要人为提供交互信息实现自动精细抠图 3.收集数据训练PSPNet，实现人的语义分割','2019-02-24','',131,77),(2019,'1.修改大论文，准备答辩各事项。\n2.帮仇老师画国基金的词云图。','2019-03-04','',143,45),(2020,'完成了重对焦实验的补充材料，下一步进行无监督的进一步优化，我将按照epi的网络结构尝试。将我们的损失函数在他们的结构上使用。采用全卷积是否能够提升边缘。','2019-03-04','拿快递。',129,70),(2021,'1月份\n前两周：实验进入调参阶段，毕业论文开题准备。\n后两周：写论文\n二月份：实验方法稍微改变，做实验中，结果目前维持0.92-9.93，调参中……\n学习前端','2019-03-04','',120,61),(2022,'简单尝试了Epi net的全卷积网络，参数量大大提高了，需要进一步优化降低显存使用。我认为全卷积能够在有些方面保留边缘特征。','2019-03-04','取快递。',129,70),(2023,'2.25-3.03	1.理解并应用dice loss 和lovasz loss于语义分割网络的损失函数中 2.收集，并制作相关的人像检测数据集 3.对PSPNet网络的参数进行优化设置','2019-03-04','',131,77),(2024,'上次实验结果证明全卷积网络有一定的效果，但是效果并不好，但是在边缘问题上似乎有所改进，于是我们需要进一步降低噪声，将噪声平滑掉。','2019-03-04','',129,70),(2025,'1:写小论文中文稿，\n2:做论文的对比图，网络图，参数表。\n3:看光流相关论文。','2019-03-04','1:取快递，报销。',130,71),(2026,'写抑郁症客观诊断相关的青年基金初稿；阅读文献，写文献综述；跟fabio进行汇报交流，请他对我们的工作提出意见或建议；指导本科生毕业论文。','2019-03-04','',142,4),(2027,'在上次的结果上我们决定采用parch分块输入降低网络的参数量，同时我们决定进一步长期后处理的结果，希望能够有所提高。','2019-03-04','',129,70),(2028,'1:用实验室设备进行数据采集，做数据集。\n2:用做好的数据集，跑Geonet。\n3:发现问题，再调试。\n4:看深度学习与光场的相关论文','2019-03-04','1:取快递报销',130,71),(2029,'1:小论文写作，加对比实验。\n2:画图，表格制作。\n3:看深度学习相关论文。','2019-03-04','1:报销。',130,71),(2030,'在这期间，我们也准备尝试一些新的方式类似于多模态。将我们之前的结果当作雷达图或者rgbd 的深度图像，将预测结果与实际结果相融合的概念。在网络结构中提取表面法线，遮挡图像。进一步优化视差图。','2019-03-04','',129,70),(2031,'上次提到的的方法我们需要参考人家的论文，将他们的代码修改，移植到我们的实验上，论文中提到这种方法能够有效锐化边缘。','2019-03-04','',129,70),(2032,'1:跑实验，用自己的数据集。\n2:观察结果。发现问题，解决问题。\n3:看深度学习相关论文。','2019-03-04','1:取快递',130,71),(2033,'1月 1.各个科目期末复习 2.装了两天系统，换了主板xpu，然后开始进行多gpu的训练 3.观看学习师兄的代码，并在自己的电脑上跑了两个模型 4.学习了两篇论文  2月 1.跑了6次数据，并反复看代码，对其有更加深入的了解，并学习了更多图像预处理和评价标准的知识。2.看了两篇论文，正在复现一篇3.戴老师办公室打扫一个礼拜','2019-03-04','',136,90),(2034,'1.看游戏成瘾相关论文；2.跟戴老师讨论研究方向、确认更改为用脑电技术诊断“游戏成瘾”症状；3.制定后期学习计划；4.给戴老师打印材料。','2019-03-04','19.2.18-19.2.24周报',124,64),(2035,'一月：1.对Fabric文档的命令行指令和手册进行阅读；二月：1.多节点部署SOLO共识，对docker操作相关过程进行理解；2.自定义部署脚本，对tls证书设置、GOSSIP通信机制进行梳理；3.双节点部署由于网络分配问题失败，新加主机后三节点部署成功。3.对公众号新加需求进行分析','2019-03-04','',133,85),(2036,'1.看游戏成瘾国内外相关论文，写研究综述；2.写人机物联需求文档；3.完成戴老师任务安排：看电视屏幕架子、戴老师参加会议费用问题、打印材料。','2019-03-04','19.2.25-19.3.3周报',124,64),(2038,'1.ICIP论文实验数据分析整理，论文补充材料整理 \n2.准备开题报告材料','2019-03-04','',122,65),(2039,'12月31日-1月6日\n进行期末考试，运行艾研物联网板的例程，了解板子的功能。\n1月7日-1月13日\n画物联网教学板的PCB\n1月14日-1月21日\n测试PCB板的状态，所有例程在绘制的板子上工作正常。\n1月22日-1月26日\n调试树莓派下相关传感器的工作，接手遗传算法重写的任务，初步阅读了相关代码。\n1月28日-2月3日\n重写遗传算法C语言代码，完成代码后并运行数据，绘制图表。\n\n2月10日-2月17日\n为自家制作灯光控制平台，编写服务器前后台，深入了解了阿里云物联网平台的相关产品，测试Lora通信效果。\n2月18日-2月24日\n调试树莓派下的AD和IIC,UART,SPI通信，完成了相关模块的编程。\n2月25日-3月3日\n调试CC3200下AD和IIC,UART通信，完成了相关模块编程，帮助师兄翻译申报书。\n\n两个月时间内，每天在具体工作的空余时间，阅读实时系统论文，学习Linux相关知识，学习一些基本的算法知识。','2019-03-04','',138,81),(2040,'1.7-1.13:考试，整理结题相关资料\n1.14-1.25:登录国家基金项目网站导入资料，整理材料，打印资料\n1.25-2.16:寒假放假，学习python\n2.18-2.24国家基金项目结题完善修改，填写项目报告\n2.25-2.28:学习python基础知识，打扫整理外国专家办公室','2019-03-04','',137,82),(2041,'做财务，调代码，写论文','2019-03-04','',125,67),(2042,'2月，调代码，写论文','2019-03-04','',125,67),(2043,'1月周报\n用vgg19对fer2013数据集进行分类\n帮仇老师取快递\n看表情识别的论文','2019-03-04','',127,69),(2044,'看数据压缩类论文 准备开题 维护服务器(虽然调了两天也没用)','2019-03-04','',123,62),(2045,'2月周报\n用权重分配算法对训练样本分配权重\n创建自己的网络模型对fer2013进行分类\n准备写论文。','2019-03-04','',127,69),(2046,'1.学习知识图谱相关的内容\n2.关于知识图谱和主观题自动评分相结合的尝试\n3.学习强化学习算法，并在bert语言模型的基础上结合强化学习算法进行实验。','2019-03-04','',128,60),(2047,'宁波出差（垃圾图片采集）\n和戴老师讨论\n河北青年基金评审','2019-03-04','',146,46),(2048,'1.提取bert预训练语言模型的最后几成，提取出Word-Embedding\n2.利用bert提取出的词向量+lstm网络训练中文语义相似度任务。','2019-03-04','',128,60),(2049,'毛笔字图像预处理\n看工业数据驱动论文\n整理知识图谱','2019-03-04','',146,46),(2051,'### 1-7 ~ 1-27 写小波变换代码+跑其在3D-HEVC实验，并记录在表格\n### 1-28 ~ 1-31 帮师姐打下手，写论文，看论文，提交到ICIP\n### 2-1 ~ 2-17 写DWT专利\n### 2-18 ~ 2-26 验证自己的众数算法以及四周方差算法在CU分割的效果\n### 2-27 ~ 3-4 清洗垃圾分类数据集，看R-CNN,Fast R-CNN,YOLO等模型的论文\n### 配钥匙，去行政楼取东西','2019-03-04','',134,83),(2052,'一月总结： 1.项目：本月前两周主要在修改代码跑实验。将预投的论文分为四部分实验。1）语谱图的通道数比较；2）数据增强对语音情感识别的影响；3）attention模型的对语音情感识别作用；4）预训练模型对实验的作用。前两周将所有的实验都跑完，然后开始准备期刊投稿论文。之前语音情感识别进行过综述，将一些综述的文章整理，在前两周跑代码的同时，写好了introduction和related work 部分。在之后2周主要是写好剩下的proposed methodology和experiments这两部分。同时完善实验的步骤和模块。写好之后的论文其他细节部分。2.论文：经过多次修改和张老师讨论，完成latex论文编辑，与1月底投稿了SCI期刊Neuroscience。\n同时完成了研究生硕士论文各项开题工作，开题报告，ppt以及开题答辩。3.服务：1）帮戴老师做大运河产业园项目的ppt。管理拿取分发研究生的报纸信件，帮张老师，吴老师寄收快递，以及各种实验室快递任务。2）维护实验室日常卫生及饮用水问题。 二月总结：1.二月主要春节休息了几周。二月最后2周主要是和胡焰焰讨论他的研究内容，查找图像表情识别的数据库论文以及资料，同时看图像表情识别的论文，查看最新研究进展。从硕博论文开始了解该领域的研究情况，然后看英文论文学习写作introduction部分。任务主要是我帮助胡焰焰写作，他则找模型，修改代码，跑fer2013表情识别的数据库实验。3.服务：1）帮张老师完成查看合作方论文的任务。管理拿取分发研究生的报纸信件，实验室各种快递任务。2）维护实验室日常卫生及饮用水问题。','2019-03-04','2019年1月和2月周报总结',119,63),(2053,'改论文','2019-03-04','',151,44),(2054,'1月: \n1. 尝试复现KITTI双目数据集，通过融合多帧稀疏雷达点云和CAD填充技术获得致密的视差图ground truth。主要涉及雷达点云的校正（运动补偿）、运动物体的bounding box检测、ICP点云匹配等内容。\n2. 帮助师弟们解决实验中遇到的问题，辅助修改他们的小论文。\n3. 阅读双目深度估计及双目数据集的paper','2019-03-04','',144,49),(2055,'2月\n1. 拿到大论文的评审结果并对大论文进行简单修改。\n2. 实现了点云校正、多帧点云匹配的demo，整理好了KITTI数据集生成的整个流程。\n3. 阅读全景分割的最新paper，学习语义分割和实例分割','2019-03-04','',144,49),(2056,'论文补充材料整理','2019-03-04','',122,65),(2057,'12月--整理用于《基于重对焦的深度估计》论文的数据、图表、实验结果等。\n1月--整理用于《多线索融合深度估计》论文相关的数据、图表、实验结果等\n2月--a.做无监督深度估计相关的实验，记录结果，与老师讨论实验结果、设计接下来的实验。b.读论文，对论文进行分类、记录主要内容，写论文的相关工作部分。c.报销；打扫实验室卫生。','2019-03-04','',140,78),(2058,'1.完成毕业设计，准备答辩毕业材料\n2.帮吴老师留学生完成代码','2019-03-04','',150,40),(2059,'2019年1月：\n1.报销戴老师财务，打扫戴老师办公室卫生\n2.搜索小波变换的C++代码，采集小波变换后平坦像素块，并分析特点\n3.将小波变换后平坦像素块特点加入帧内预测与CU分割，效果挺好\n4.写基于小波变换的3D-HEVC论文','2019-03-04','',126,68),(2060,'2019年2月：\n1.整理戴老师发票，打扫戴老师办公室卫生一周\n2.单独跑小波变换的CU分割实验\n3.看其他分割CU相关的论文','2019-03-04','',126,68),(2061,'十二月一号到十二月十四号：\n1. 看Geonet网络的相关论文\n2.开始复现Geonet的网络\n3.打扫实验室的卫生\n4.进过关于geonet的学习了解了geonet的实现方式：geonet主要分为两个部分，前半部分是关于Posenet和depthnet的联合训练，通过将连连续三帧图像拼接在一起以后送入训练，然后通过loss约束得到相机外参和中心深度图','2019-03-04','',152,96),(2062,'十二月一号到十二月十四号： 1. 看Geonet网络的相关论文 2.开始复现Geonet的网络 3.打扫实验室的卫生 4.进过关于geonet的学习了解了geonet的实现方式：geonet主要分为两个部分，前半部分是关于Posenet和depthnet的联合训练，通过将连连续三帧图像拼接在一起以后送入训练，然后通过loss约束得到相机外参和中心深度图\n\n十二月十五号到十二月三十号：1.复现Geonet并且理清在复现过程中所遇到的问题，在复现过程中，由于没有使用kitti的数据直接使用了斯坦福的数据集所以在实现的时候，首先没有把网络的性状，点盲目\n2.准备期末复习，为相关专业课的考试作准备\n\n一月：\n1.期末备考\n2.学习光场相机的使用，尝试在黄色光照下将图像的色彩分布作平衡，后来在实验中由于黄色灯光对深度图的影响有限所以没有进行后续处理\n3.学习了解LFtoolbox的使用\n\n二月：\n二月十二号到学校，通过实验室使用的相机生成的光场图像，在实验室的单目网络中估计出深度图','2019-03-04','',152,96),(2066,'利用GAN生成器重建时序数据和实际数据的残差以及实际数据在判别器中的损失值检测异常时序数据，在pytorch框架上实现了上述方法，目前问题主要是迭代过程中GAN本身不稳定导致召回率等指标波动比较大；\n申报书内容翻译； \n连接器数据包向吴老师服务器转发，连接器采集任务基本稳定；','2019-03-05','',118,59),(2067,'12月第3周：\n1.	考试复习\n2.	参加实验室年会\n\n12月第4周：\n1.	跟本科生讨论项目\n2.	行政楼盖章\n3.	考试复习\n\n1月\n1.	第一周考试复习\n2.	准备数据集，训练模型\n3.	看目标检测相关论文\n4.	看语义分割相关论文\n5.	修改代码\n\n2月\n1.	看语义分割相关论文\n2.	准备数据集，配置环境\n3.	训练模型，修改代码\n4.	采购申请\n5.	项目讨论','2019-03-05','',132,86),(2068,'1.帮仇老师国基金，找参考论文，整理国内外研究部分。\n2.小论文改投network science期刊，修改latex格式。','2019-03-06','',143,45),(2070,'1:戴老师项目评审\n2:戴老师笔记本维护\n3:CPS项目申请书翻译\n4:看工业数据驱动入侵检测论文','2019-03-11','',146,46),(2071,'1.周一和Fabio教授汇报研究方向，请教一些技术上的建议；2.看论文，写游戏成瘾的研究综述；3.帮戴老师带创新实践课；4.给戴老师完善一些专家信息，拿戴老师快递','2019-03-12','19.3.4-19.3.10周报',124,64),(2072,'3.04-3.10	1.学习deeplab V3+ 网络 2.复现deeplab V3+ 网络 3.将deeplab V3+网路应用于人的检测','2019-03-12','',131,77),(2074,'1:和戴老师讨论方向\n2:改抑郁症项目申请书\n3:给戴老师查询资料\n4:给戴老师撬锁\n5:戴老师相关的其他事情\n6:学习强化学习','2019-03-18','',146,46),(2075,'1.和戴老师讨论方向，看论文继续写综述；2.给创新实践本科生上课；3.改抑郁症项目申请书；4.给戴老师打印文件、处理一些日常事务。','2019-03-18','19.3.11-19.3.17周报',124,64),(2076,'3.11-3.17	1.标注垃圾分类数据 2.查阅理解VRP问题（车辆路径规划问题） 3.18-3.24	1.审核垃圾分类图片 2.对网络增加refine模块，并进行对比实验查看对光场重建任务的效果','2019-03-24','',131,77),(2077,'3.11-3.17	1.标注垃圾分类数据 2.查阅理解VRP问题（车辆路径规划问题） 3.18-3.24	1.审核垃圾分类图片 2.对网络增加refine模块，并进行对比实验查看对光场重建任务的效果','2019-03-24','',131,77),(2078,'1:戴老师智能鱼缸设计\n2:跟进刘高敏完成多屏技术验证\n3:写智能取电设备技术说明书\n4:看智能双生论文\n5:整理戴老师办公室\n6:参加智能制造论坛\n7:帮戴老师查询美军未来技术趋势研究报告','2019-03-25','',146,46),(2080,'1.写游戏成瘾研究综述，熟悉哪些人在做、相关会议期刊，了解目前研究的技术；2.去行政楼送文件；3.整理戴老师柜子；4.准备戴老师加拿大签证材料；5.给戴老师上创新实践本科生的课程。','2019-03-28','19.3.18-19.3.24周报',124,64),(2081,'1.写研究综述，跟戴老师讨论综述；2.给创新实践本科生本科生上课；3.给戴老师填专家库、信息表、办签证、拿快递、打印材料。','2019-04-02','19.3.25-19.3.31周报',124,64),(2082,'整理戴老师寄茶叶的名单信息、负责寄茶叶','2019-04-02','19.3.25-19.3.31周报补',124,64),(2083,'1:看期刊论文\n2:写工业数字双生综述\n3:戴老师鱼缸项目\n4:参加工业智能会议','2019-04-03','',146,46),(2084,'修改毕业论文','2019-04-03','',147,47),(2085,'修改毕业论文','2019-04-03','',147,47),(2086,'3.4-3.10:焊点图片标注，设计标注网站原型\n3.11-3.18:网站需求调研，rp软件完善网站原型，垃圾标注及审核，参加毕业生答辩工作\n3.19-3.25:数据标注平台调研，总结了现有的标注平台的功能及流程，平台综述；查找众包论文众包网站等\n3.26-3.31:springboot学习，建数据库表，修改需求分析添加新的业务要求','2019-04-03','',137,82),(2087,'第一周：a.看论文，改代码，做实验，记录实验，整理数据用于投视觉顶会ICCV；b.打扫实验室卫生，拖地，扫地等；c.跑报销事务。\n第二周：a.做实验，改代码，整理数据，整理表格；b.打扫实验室卫生；c.接待来安装设备监控的老师们。\n第三周：a.做实验，改代码，整理实验数据，整理论文；b.打扫实验室卫生；c.接待来参观实验室的老师同学。\n第四周：a.ICCV没赶上，看论文，尝试新的想法，做实验、记录等，准备投期刊；b.打扫实验室卫生；','2019-04-03','',140,78),(2088,'第一周：a.看论文，改代码，做实验，记录实验，整理数据用于投视觉顶会ICCV；b.打扫实验室卫生，拖地，扫地等；c.跑报销事务。 \n第二周：a.做实验，改代码，整理数据，整理表格；b.打扫实验室卫生；c.接待来安装设备监控的老师们。 \n第三周：a.做实验，改代码，整理实验数据，整理论文；b.打扫实验室卫生；c.接待来参观实验室的老师同学。 \n第四周：a.ICCV没赶上，看论文，尝试新的想法，做实验、记录等，准备投期刊；b.打扫实验室卫生；c.找人来维修实验室灯管。','2019-04-03','',140,78),(2089,'三月主要事情:\n1.尝试不同参数的光场相机拍摄\n2.使用GeoNet\n3.了解并调DF-Net\n3.改进GeoNet','2019-04-03','',152,96),(2090,'写完论文\n取快递\n参加华为软挑\n自学vue框架','2019-04-03','',127,69),(2091,'3.25-3.31	1.帮戴老师拿显示器 2.实验室大扫除 3.重构monodepth光场项目代码，加速运行速度 4.阅读《Learning-Based View Synthesis for Light Field Cameras》论文，将其中的 colorcnn移植到正在做的光场代码中','2019-04-03','',131,77),(2092,'三月总结：一、项目和论文：1.本月第一周任务准备和胡焰焰一起协作完成他的SCI期刊投稿工作主要，看了脸部表情识别的大量论文，做了Word版综述，同时完成了introduction的中文部分。第二周边看相关论文并完成related work 部分的中文。第三周完成了introduction和related work 两部分的英文，并作多次修改。第四周修改整个论文的语句语法，图片表格格式等问题。2.自己的方向：本月申请了语音情感识别另外的数据库——IEMOCAP，看了用到这个数据库实现的10-15篇论文，并找了一些论文的代码，尝试作修改跑通代码。同时看了多篇最新的2018年-2019年语音情感识别的硕士论文和博士论文，学习写作技巧和内容，为以后自己的学位论文打基础。3.第三周申请的杭电科研基金马上结题，写了基金结题报告以及相关资料整理。二、服务：1）前两周帮戴老师完成军方版的东海盛世项目报告，帮张老师完成曾老师行程安排的word。第三周帮戴老师完善修改大运河产业园建设项目的ppt。第四周帮戴老师查找沈阳自动化研究所的相关资料。帮戴老师寄茶叶，帮张老师，吴老师寄收快递，以及各种实验室快递任务，管理拿取分发研究生的报纸信件。2）维护实验室日常卫生及饮用水问题。','2019-04-03','2019年三月周报总结',119,63),(2093,'做财务，改论文，写专利，跑代码','2019-04-03','',125,67),(2094,'1:看光流相关论文。\n2:跑geonet.\n3:采集数据集','2019-04-03','',130,71),(2095,'参考了几篇论文，尝试把原始的GAN结构改为目前生成图像应用中改进比较好的WGAN-GP','2019-04-04','Wassertein GAN\nTowards Principled Methods for Training Generative Adversarial Networks\nImproved Training of Wasserstein GANs',118,59),(2096,'1，写论文，做实验\n2，写专利','2019-04-04','',128,60),(2097,'3月4日-3月10日\n写CC3200的SPI驱动程序，写缙云县科技项目评审意见，\n3月11日-3月17日\n学习了模拟退火，蚁群，粒子群等算法，进行了语音识别抑郁症项目的初步了解和讨论，找了部分AUV电机的论文\n3月18日-3月24日\n调试复试用摄像头，审核垃圾分类图片，学习一些常见的算法知识并实现。\n3月25日-3月31日\n做物联网开关的物料费清单，联系商家做运动控制设备的硬件开发报价，阅读相关论文等','2019-04-04','',138,81),(2098,'第一周 1.调整代码的一个bug 2.写完了给fabio的桂林旅游攻略，4800字，21张图\n第二周 1.写完并运行一个从3D图像中截取wh面进行训练的代码.\n2.写完并运行unet2D的代码,解决了几个bug\n3.写完桂林旅游攻略最终版,共600字,18张图\n4.把桂林旅游攻略翻译成英文\n5.写完并跑了3D图的dh维的训练代码\n6.看了densevoxnet和ensamble的两篇论文\n7.学习用tensorboard画模型图\n8.检查了代码，对图像预处理和图像重采样还有图像在test的时候怎么处理有了更深入了解\n9.看了一篇有关大脑部分分割的论文，学习了一个指数对数loss\n10.与赵月师姐，戴老师开会，学习了网络成瘾相关知识\n11.复现了一篇论文,试验了新的模型结构(DSunet),用了新的损失函数(指数对数dice)\n12.用daunet加指数对数的组合进行实验,用新的模型加指数对数dice的组合进行实验','2019-04-04','基本每天整理戴老师办公室，每次15到20分钟',136,90),(2099,'第一周：Fabric Commercial Paper基础部署，配置文件编辑；第二周：1.Fabric文件排查通信Bug；2.微信开发文档与人机物联公众号尝试修改；第三周：1.Fabric定位system channel Bug，Node部署；2.人机物联后台修改Spring；第四周：1.Fabric Commercial Paper 部署通过，阅读IoT与区块链方向论文，开始选择方向；2.人机物联换Golang进行开发，使用新框架','2019-04-04','',133,85),(2100,'1.医学分割方案迭代定位方案优化，完成论文各个实验，完成论文初稿。','2019-04-04','',121,66),(2101,'学习前端。\n偶尔跑一下代码，做换参实验。\n帮张老师画word表格。','2019-04-04','',120,61),(2102,'1:看faster-rcnn\n2:跑通源码。','2019-04-04','',130,71),(2103,'3月：\n第一周：\n1.报销戴老师财务\n2.整理小波变换单独CU分割的实验数据，合成视频并填表格\n第二周：\n1.报销戴老师财务\n2.跑小波变换单独跳过DMM实验\n3.合成视频，整理实验数据，填表格\n第三周：\n1.报销戴老师财务\n2.看其他CU分割相关的论文\n3.分析CU像素块一维熵实验室数据\n第四周：\n1.跑CU分割一维墒10帧shark序列，合成视频，填表格，编码时间上有减少，但判断是否分割不准\n2.看二维熵相关论文与定义','2019-04-04','',126,68),(2104,'3月第一周\n1.	行政楼敲章\n2.	采购申请\n3.	项目讨论，确定一周任务\n4.	看论文\n\n第二周\n1.	项目讨论，分发标注任务\n2.	查找论文，看论文，做PPT综述\n3.	调试代码，训练模型\n\n第三周\n1.	垃圾分类图片标注\n2.	查找关于AOI检测精度的学术论文以及工业资料\n3.	项目讨论\n\n第四周\n1.	行政楼盖章\n2.	采购\n3.	查找论文并写文献综述\n4.	项目讨论\n5.	调试修改代码，训练模型','2019-04-04','',132,86),(2105,'看论文，写论文，做实验','2019-04-04','',142,4),(2106,'1.实验室跑个小腿 2.刷题 3.写了下华为软挑 4.写专利','2019-04-04','',123,62);
/*!40000 ALTER TABLE `t_weekly` ENABLE KEYS */;
UNLOCK TABLES;
/*!40103 SET TIME_ZONE=@OLD_TIME_ZONE */;

/*!40101 SET SQL_MODE=@OLD_SQL_MODE */;
/*!40014 SET FOREIGN_KEY_CHECKS=@OLD_FOREIGN_KEY_CHECKS */;
/*!40014 SET UNIQUE_CHECKS=@OLD_UNIQUE_CHECKS */;
/*!40101 SET CHARACTER_SET_CLIENT=@OLD_CHARACTER_SET_CLIENT */;
/*!40101 SET CHARACTER_SET_RESULTS=@OLD_CHARACTER_SET_RESULTS */;
/*!40101 SET COLLATION_CONNECTION=@OLD_COLLATION_CONNECTION */;
/*!40111 SET SQL_NOTES=@OLD_SQL_NOTES */;

-- Dump completed on 2019-04-04 16:09:25
